{
  "type": "FeatureCollection",
  "features": [
    {
      "type": "Feature",
      "id": "6933:7322:1609",
      "geometry": {
        "type": "Polygon",
        "coordinates": [
          [
            [
              75.88643671370019,
              12.713707645584702
            ],
            [
              75.89680088151141,
              12.713707645584702
            ],
            [
              75.89680088151141,
              12.721738209416765
            ],
            [
              75.88643671370019,
              12.721738209416765
            ],
            [
              75.88643671370019,
              12.713707645584702
            ]
          ]
        ]
      },
      "properties": {
        "cluster_id": "6933:7322:1609",
        "split": "holdout",
        "chips": 2,
        "empty_chips": 2,
        "prior_observed": false
      }
    },
    {
      "type": "Feature",
      "id": "6933:7322:1610",
      "geometry": {
        "type": "Polygon",
        "coordinates": [
          [
            [
              75.88643671370019,
              12.721738209416765
            ],
            [
              75.89680088151141,
              12.721738209416765
            ],
            [
              75.89680088151141,
              12.729769020885175
            ],
            [
              75.88643671370019,
              12.729769020885175
            ],
            [
              75.88643671370019,
              12.721738209416765
            ]
          ]
        ]
      },
      "properties": {
        "cluster_id": "6933:7322:1610",
        "split": "train",
        "chips": 55,
        "empty_chips": 18,
        "prior_observed": false
      }
    },
    {
      "type": "Feature",
      "id": "6933:7322:1611",
      "geometry": {
        "type": "Polygon",
        "coordinates": [
          [
            [
              75.88643671370019,
              12.729769020885175
            ],
            [
              75.89680088151141,
              12.729769020885175
            ],
            [
              75.89680088151141,
              12.737800080167217
            ],
            [
              75.88643671370019,
              12.737800080167217
            ],
            [
              75.88643671370019,
              12.729769020885175
            ]
          ]
        ]
      },
      "properties": {
        "cluster_id": "6933:7322:1611",
        "split": "train",
        "chips": 5,
        "empty_chips": 5,
        "prior_observed": false
      }
    },
    {
      "type": "Feature",
      "id": "6933:7322:1637",
      "geometry": {
        "type": "Polygon",
        "coordinates": [
          [
            [
              75.88643671370019,
              12.938657621178399
            ],
            [
              75.89680088151141,
              12.938657621178399
            ],
            [
              75.89680088151141,
              12.946695185997683
            ],
            [
              75.88643671370019,
              12.946695185997683
            ],
            [
              75.88643671370019,
              12.938657621178399
            ]
          ]
        ]
      },
      "properties": {
        "cluster_id": "6933:7322:1637",
        "split": "train",
        "chips": 22,
        "empty_chips": 2,
        "prior_observed": false
      }
    },
    {
      "type": "Feature",
      "id": "6933:7322:1640",
      "geometry": {
        "type": "Polygon",
        "coordinates": [
          [
            [
              75.88643671370019,
              12.962771073669957
            ],
            [
              75.89680088151141,
              12.962771073669957
            ],
            [
              75.89680088151141,
              12.97080939688025
            ],
            [
              75.88643671370019,
              12.97080939688025
            ],
            [
              75.88643671370019,
              12.962771073669957
            ]
          ]
        ]
      },
      "properties": {
        "cluster_id": "6933:7322:1640",
        "split": "holdout",
        "chips": 22,
        "empty_chips": 9,
        "prior_observed": false
      }
    },
    {
      "type": "Feature",
      "id": "6933:7323:1609",
      "geometry": {
        "type": "Polygon",
        "coordinates": [
          [
            [
              75.89680088151141,
              12.713707645584702
            ],
            [
              75.90716504932263,
              12.713707645584702
            ],
            [
              75.90716504932263,
              12.721738209416765
            ],
            [
              75.89680088151141,
              12.721738209416765
            ],
            [
              75.89680088151141,
              12.713707645584702
            ]
          ]
        ]
      },
      "properties": {
        "cluster_id": "6933:7323:1609",
        "split": "holdout",
        "chips": 5,
        "empty_chips": 5,
        "prior_observed": false
      }
    },
    {
      "type": "Feature",
      "id": "6933:7323:1610",
      "geometry": {
        "type": "Polygon",
        "coordinates": [
          [
            [
              75.89680088151141,
              12.721738209416765
            ],
            [
              75.90716504932263,
              12.721738209416765
            ],
            [
              75.90716504932263,
              12.729769020885175
            ],
            [
              75.89680088151141,
              12.729769020885175
            ],
            [
              75.89680088151141,
              12.721738209416765
            ]
          ]
        ]
      },
      "properties": {
        "cluster_id": "6933:7323:1610",
        "split": "holdout",
        "chips": 64,
        "empty_chips": 35,
        "prior_observed": false
      }
    },
    {
      "type": "Feature",
      "id": "6933:7323:1636",
      "geometry": {
        "type": "Polygon",
        "coordinates": [
          [
            [
              75.89680088151141,
              12.930620308798893
            ],
            [
              75.90716504932263,
              12.930620308798893
            ],
            [
              75.90716504932263,
              12.938657621178399
            ],
            [
              75.89680088151141,
              12.938657621178399
            ],
            [
              75.89680088151141,
              12.930620308798893
            ]
          ]
        ]
      },
      "properties": {
        "cluster_id": "6933:7323:1636",
        "split": "holdout",
        "chips": 1,
        "empty_chips": 1,
        "prior_observed": false
      }
    },
    {
      "type": "Feature",
      "id": "6933:7323:1637",
      "geometry": {
        "type": "Polygon",
        "coordinates": [
          [
            [
              75.89680088151141,
              12.938657621178399
            ],
            [
              75.90716504932263,
              12.938657621178399
            ],
            [
              75.90716504932263,
              12.946695185997683
            ],
            [
              75.89680088151141,
              12.946695185997683
            ],
            [
              75.89680088151141,
              12.938657621178399
            ]
          ]
        ]
      },
      "properties": {
        "cluster_id": "6933:7323:1637",
        "split": "holdout",
        "chips": 8,
        "empty_chips": 0,
        "prior_observed": false
      }
    },
    {
      "type": "Feature",
      "id": "6933:7324:1542",
      "geometry": {
        "type": "Polygon",
        "coordinates": [
          [
            [
              75.90716504932263,
              12.176214738748978
            ],
            [
              75.91752921713385,
              12.176214738748978
            ],
            [
              75.91752921713385,
              12.184229112352442
            ],
            [
              75.90716504932263,
              12.184229112352442
            ],
            [
              75.90716504932263,
              12.176214738748978
            ]
          ]
        ]
      },
      "properties": {
        "cluster_id": "6933:7324:1542",
        "split": "train",
        "chips": 66,
        "empty_chips": 8,
        "prior_observed": false
      }
    },
    {
      "type": "Feature",
      "id": "6933:7324:1543",
      "geometry": {
        "type": "Polygon",
        "coordinates": [
          [
            [
              75.90716504932263,
              12.184229112352442
            ],
            [
              75.91752921713385,
              12.184229112352442
            ],
            [
              75.91752921713385,
              12.192243721820075
            ],
            [
              75.90716504932263,
              12.192243721820075
            ],
            [
              75.90716504932263,
              12.184229112352442
            ]
          ]
        ]
      },
      "properties": {
        "cluster_id": "6933:7324:1543",
        "split": "train",
        "chips": 13,
        "empty_chips": 1,
        "prior_observed": false
      }
    },
    {
      "type": "Feature",
      "id": "6933:7324:1637",
      "geometry": {
        "type": "Polygon",
        "coordinates": [
          [
            [
              75.90716504932263,
              12.938657621178399
            ],
            [
              75.91752921713385,
              12.938657621178399
            ],
            [
              75.91752921713385,
              12.946695185997683
            ],
            [
              75.90716504932263,
              12.946695185997683
            ],
            [
              75.90716504932263,
              12.938657621178399
            ]
          ]
        ]
      },
      "properties": {
        "cluster_id": "6933:7324:1637",
        "split": "train",
        "chips": 30,
        "empty_chips": 5,
        "prior_observed": false
      }
    },
    {
      "type": "Feature",
      "id": "6933:7325:1542",
      "geometry": {
        "type": "Polygon",
        "coordinates": [
          [
            [
              75.91752921713385,
              12.176214738748978
            ],
            [
              75.92789338494505,
              12.176214738748978
            ],
            [
              75.92789338494505,
              12.184229112352442
            ],
            [
              75.91752921713385,
              12.184229112352442
            ],
            [
              75.91752921713385,
              12.176214738748978
            ]
          ]
        ]
      },
      "properties": {
        "cluster_id": "6933:7325:1542",
        "split": "dev",
        "chips": 61,
        "empty_chips": 6,
        "prior_observed": true
      }
    },
    {
      "type": "Feature",
      "id": "6933:7325:1543",
      "geometry": {
        "type": "Polygon",
        "coordinates": [
          [
            [
              75.91752921713385,
              12.184229112352442
            ],
            [
              75.92789338494505,
              12.184229112352442
            ],
            [
              75.92789338494505,
              12.192243721820075
            ],
            [
              75.91752921713385,
              12.192243721820075
            ],
            [
              75.91752921713385,
              12.184229112352442
            ]
          ]
        ]
      },
      "properties": {
        "cluster_id": "6933:7325:1543",
        "split": "holdout",
        "chips": 99,
        "empty_chips": 10,
        "prior_observed": false
      }
    },
    {
      "type": "Feature",
      "id": "6933:7325:1574",
      "geometry": {
        "type": "Polygon",
        "coordinates": [
          [
            [
              75.91752921713385,
              12.43279254833908
            ],
            [
              75.92789338494505,
              12.43279254833908
            ],
            [
              75.92789338494505,
              12.440814556222636
            ],
            [
              75.91752921713385,
              12.440814556222636
            ],
            [
              75.91752921713385,
              12.43279254833908
            ]
          ]
        ]
      },
      "properties": {
        "cluster_id": "6933:7325:1574",
        "split": "holdout",
        "chips": 28,
        "empty_chips": 6,
        "prior_observed": false
      }
    },
    {
      "type": "Feature",
      "id": "6933:7325:1575",
      "geometry": {
        "type": "Polygon",
        "coordinates": [
          [
            [
              75.91752921713385,
              12.440814556222636
            ],
            [
              75.92789338494505,
              12.440814556222636
            ],
            [
              75.92789338494505,
              12.448836805567145
            ],
            [
              75.91752921713385,
              12.448836805567145
            ],
            [
              75.91752921713385,
              12.440814556222636
            ]
          ]
        ]
      },
      "properties": {
        "cluster_id": "6933:7325:1575",
        "split": "dev",
        "chips": 54,
        "empty_chips": 9,
        "prior_observed": true
      }
    },
    {
      "type": "Feature",
      "id": "6933:7325:1576",
      "geometry": {
        "type": "Polygon",
        "coordinates": [
          [
            [
              75.91752921713385,
              12.448836805567145
            ],
            [
              75.92789338494505,
              12.448836805567145
            ],
            [
              75.92789338494505,
              12.456859296548263
            ],
            [
              75.91752921713385,
              12.456859296548263
            ],
            [
              75.91752921713385,
              12.448836805567145
            ]
          ]
        ]
      },
      "properties": {
        "cluster_id": "6933:7325:1576",
        "split": "holdout",
        "chips": 8,
        "empty_chips": 4,
        "prior_observed": false
      }
    },
    {
      "type": "Feature",
      "id": "6933:7325:1637",
      "geometry": {
        "type": "Polygon",
        "coordinates": [
          [
            [
              75.91752921713385,
              12.938657621178399
            ],
            [
              75.92789338494505,
              12.938657621178399
            ],
            [
              75.92789338494505,
              12.946695185997683
            ],
            [
              75.91752921713385,
              12.946695185997683
            ],
            [
              75.91752921713385,
              12.938657621178399
            ]
          ]
        ]
      },
      "properties": {
        "cluster_id": "6933:7325:1637",
        "split": "train",
        "chips": 30,
        "empty_chips": 7,
        "prior_observed": false
      }
    },
    {
      "type": "Feature",
      "id": "6933:7326:1537",
      "geometry": {
        "type": "Polygon",
        "coordinates": [
          [
            [
              75.92789338494505,
              12.136146402600328
            ],
            [
              75.93825755275626,
              12.136146402600328
            ],
            [
              75.93825755275626,
              12.144159599494383
            ],
            [
              75.92789338494505,
              12.144159599494383
            ],
            [
              75.92789338494505,
              12.136146402600328
            ]
          ]
        ]
      },
      "properties": {
        "cluster_id": "6933:7326:1537",
        "split": "holdout",
        "chips": 7,
        "empty_chips": 1,
        "prior_observed": false
      }
    },
    {
      "type": "Feature",
      "id": "6933:7326:1538",
      "geometry": {
        "type": "Polygon",
        "coordinates": [
          [
            [
              75.92789338494505,
              12.144159599494383
            ],
            [
              75.93825755275626,
              12.144159599494383
            ],
            [
              75.93825755275626,
              12.152173031382278
            ],
            [
              75.92789338494505,
              12.152173031382278
            ],
            [
              75.92789338494505,
              12.144159599494383
            ]
          ]
        ]
      },
      "properties": {
        "cluster_id": "6933:7326:1538",
        "split": "train",
        "chips": 22,
        "empty_chips": 2,
        "prior_observed": false
      }
    },
    {
      "type": "Feature",
      "id": "6933:7326:1539",
      "geometry": {
        "type": "Polygon",
        "coordinates": [
          [
            [
              75.92789338494505,
              12.152173031382278
            ],
            [
              75.93825755275626,
              12.152173031382278
            ],
            [
              75.93825755275626,
              12.160186698437986
            ],
            [
              75.92789338494505,
              12.160186698437986
            ],
            [
              75.92789338494505,
              12.152173031382278
            ]
          ]
        ]
      },
      "properties": {
        "cluster_id": "6933:7326:1539",
        "split": "dev",
        "chips": 13,
        "empty_chips": 3,
        "prior_observed": true
      }
    },
    {
      "type": "Feature",
      "id": "6933:7326:1540",
      "geometry": {
        "type": "Polygon",
        "coordinates": [
          [
            [
              75.92789338494505,
              12.160186698437986
            ],
            [
              75.93825755275626,
              12.160186698437986
            ],
            [
              75.93825755275626,
              12.16820060083553
            ],
            [
              75.92789338494505,
              12.16820060083553
            ],
            [
              75.92789338494505,
              12.160186698437986
            ]
          ]
        ]
      },
      "properties": {
        "cluster_id": "6933:7326:1540",
        "split": "dev",
        "chips": 30,
        "empty_chips": 2,
        "prior_observed": true
      }
    },
    {
      "type": "Feature",
      "id": "6933:7326:1541",
      "geometry": {
        "type": "Polygon",
        "coordinates": [
          [
            [
              75.92789338494505,
              12.16820060083553
            ],
            [
              75.93825755275626,
              12.16820060083553
            ],
            [
              75.93825755275626,
              12.176214738748978
            ],
            [
              75.92789338494505,
              12.176214738748978
            ],
            [
              75.92789338494505,
              12.16820060083553
            ]
          ]
        ]
      },
      "properties": {
        "cluster_id": "6933:7326:1541",
        "split": "holdout",
        "chips": 14,
        "empty_chips": 1,
        "prior_observed": false
      }
    },
    {
      "type": "Feature",
      "id": "6933:7326:1542",
      "geometry": {
        "type": "Polygon",
        "coordinates": [
          [
            [
              75.92789338494505,
              12.176214738748978
            ],
            [
              75.93825755275626,
              12.176214738748978
            ],
            [
              75.93825755275626,
              12.184229112352442
            ],
            [
              75.92789338494505,
              12.184229112352442
            ],
            [
              75.92789338494505,
              12.176214738748978
            ]
          ]
        ]
      },
      "properties": {
        "cluster_id": "6933:7326:1542",
        "split": "train",
        "chips": 80,
        "empty_chips": 8,
        "prior_observed": false
      }
    },
    {
      "type": "Feature",
      "id": "6933:7326:1543",
      "geometry": {
        "type": "Polygon",
        "coordinates": [
          [
            [
              75.92789338494505,
              12.184229112352442
            ],
            [
              75.93825755275626,
              12.184229112352442
            ],
            [
              75.93825755275626,
              12.192243721820075
            ],
            [
              75.92789338494505,
              12.192243721820075
            ],
            [
              75.92789338494505,
              12.184229112352442
            ]
          ]
        ]
      },
      "properties": {
        "cluster_id": "6933:7326:1543",
        "split": "dev",
        "chips": 77,
        "empty_chips": 12,
        "prior_observed": true
      }
    },
    {
      "type": "Feature",
      "id": "6933:7326:1544",
      "geometry": {
        "type": "Polygon",
        "coordinates": [
          [
            [
              75.92789338494505,
              12.192243721820075
            ],
            [
              75.93825755275626,
              12.192243721820075
            ],
            [
              75.93825755275626,
              12.200258567326081
            ],
            [
              75.92789338494505,
              12.200258567326081
            ],
            [
              75.92789338494505,
              12.192243721820075
            ]
          ]
        ]
      },
      "properties": {
        "cluster_id": "6933:7326:1544",
        "split": "train",
        "chips": 21,
        "empty_chips": 4,
        "prior_observed": false
      }
    },
    {
      "type": "Feature",
      "id": "6933:7326:1598",
      "geometry": {
        "type": "Polygon",
        "coordinates": [
          [
            [
              75.92789338494505,
              12.625387736774854
            ],
            [
              75.93825755275626,
              12.625387736774854
            ],
            [
              75.93825755275626,
              12.633415588294348
            ],
            [
              75.92789338494505,
              12.633415588294348
            ],
            [
              75.92789338494505,
              12.625387736774854
            ]
          ]
        ]
      },
      "properties": {
        "cluster_id": "6933:7326:1598",
        "split": "holdout",
        "chips": 6,
        "empty_chips": 5,
        "prior_observed": false
      }
    },
    {
      "type": "Feature",
      "id": "6933:7326:1599",
      "geometry": {
        "type": "Polygon",
        "coordinates": [
          [
            [
              75.92789338494505,
              12.633415588294348
            ],
            [
              75.93825755275626,
              12.633415588294348
            ],
            [
              75.93825755275626,
              12.641443685503187
            ],
            [
              75.92789338494505,
              12.641443685503187
            ],
            [
              75.92789338494505,
              12.633415588294348
            ]
          ]
        ]
      },
      "properties": {
        "cluster_id": "6933:7326:1599",
        "split": "train",
        "chips": 81,
        "empty_chips": 32,
        "prior_observed": false
      }
    },
    {
      "type": "Feature",
      "id": "6933:7326:1637",
      "geometry": {
        "type": "Polygon",
        "coordinates": [
          [
            [
              75.92789338494505,
              12.938657621178399
            ],
            [
              75.93825755275626,
              12.938657621178399
            ],
            [
              75.93825755275626,
              12.946695185997683
            ],
            [
              75.92789338494505,
              12.946695185997683
            ],
            [
              75.92789338494505,
              12.938657621178399
            ]
          ]
        ]
      },
      "properties": {
        "cluster_id": "6933:7326:1637",
        "split": "holdout",
        "chips": 6,
        "empty_chips": 2,
        "prior_observed": false
      }
    },
    {
      "type": "Feature",
      "id": "6933:7326:1638",
      "geometry": {
        "type": "Polygon",
        "coordinates": [
          [
            [
              75.92789338494505,
              12.946695185997683
            ],
            [
              75.93825755275626,
              12.946695185997683
            ],
            [
              75.93825755275626,
              12.954733003435324
            ],
            [
              75.92789338494505,
              12.954733003435324
            ],
            [
              75.92789338494505,
              12.946695185997683
            ]
          ]
        ]
      },
      "properties": {
        "cluster_id": "6933:7326:1638",
        "split": "train",
        "chips": 16,
        "empty_chips": 4,
        "prior_observed": false
      }
    },
    {
      "type": "Feature",
      "id": "6933:7327:1536",
      "geometry": {
        "type": "Polygon",
        "coordinates": [
          [
            [
              75.93825755275626,
              12.128133440526174
            ],
            [
              75.94862172056747,
              12.128133440526174
            ],
            [
              75.94862172056747,
              12.136146402600328
            ],
            [
              75.93825755275626,
              12.136146402600328
            ],
            [
              75.93825755275626,
              12.128133440526174
            ]
          ]
        ]
      },
      "properties": {
        "cluster_id": "6933:7327:1536",
        "split": "train",
        "chips": 31,
        "empty_chips": 3,
        "prior_observed": false
      }
    },
    {
      "type": "Feature",
      "id": "6933:7327:1537",
      "geometry": {
        "type": "Polygon",
        "coordinates": [
          [
            [
              75.93825755275626,
              12.136146402600328
            ],
            [
              75.94862172056747,
              12.136146402600328
            ],
            [
              75.94862172056747,
              12.144159599494383
            ],
            [
              75.93825755275626,
              12.144159599494383
            ],
            [
              75.93825755275626,
              12.136146402600328
            ]
          ]
        ]
      },
      "properties": {
        "cluster_id": "6933:7327:1537",
        "split": "dev",
        "chips": 65,
        "empty_chips": 7,
        "prior_observed": true
      }
    },
    {
      "type": "Feature",
      "id": "6933:7327:1538",
      "geometry": {
        "type": "Polygon",
        "coordinates": [
          [
            [
              75.93825755275626,
              12.144159599494383
            ],
            [
              75.94862172056747,
              12.144159599494383
            ],
            [
              75.94862172056747,
              12.152173031382278
            ],
            [
              75.93825755275626,
              12.152173031382278
            ],
            [
              75.93825755275626,
              12.144159599494383
            ]
          ]
        ]
      },
      "properties": {
        "cluster_id": "6933:7327:1538",
        "split": "dev",
        "chips": 118,
        "empty_chips": 14,
        "prior_observed": true
      }
    },
    {
      "type": "Feature",
      "id": "6933:7327:1539",
      "geometry": {
        "type": "Polygon",
        "coordinates": [
          [
            [
              75.93825755275626,
              12.152173031382278
            ],
            [
              75.94862172056747,
              12.152173031382278
            ],
            [
              75.94862172056747,
              12.160186698437986
            ],
            [
              75.93825755275626,
              12.160186698437986
            ],
            [
              75.93825755275626,
              12.152173031382278
            ]
          ]
        ]
      },
      "properties": {
        "cluster_id": "6933:7327:1539",
        "split": "train",
        "chips": 67,
        "empty_chips": 3,
        "prior_observed": false
      }
    },
    {
      "type": "Feature",
      "id": "6933:7327:1540",
      "geometry": {
        "type": "Polygon",
        "coordinates": [
          [
            [
              75.93825755275626,
              12.160186698437986
            ],
            [
              75.94862172056747,
              12.160186698437986
            ],
            [
              75.94862172056747,
              12.16820060083553
            ],
            [
              75.93825755275626,
              12.16820060083553
            ],
            [
              75.93825755275626,
              12.160186698437986
            ]
          ]
        ]
      },
      "properties": {
        "cluster_id": "6933:7327:1540",
        "split": "holdout",
        "chips": 3,
        "empty_chips": 1,
        "prior_observed": false
      }
    },
    {
      "type": "Feature",
      "id": "6933:7327:1542",
      "geometry": {
        "type": "Polygon",
        "coordinates": [
          [
            [
              75.93825755275626,
              12.176214738748978
            ],
            [
              75.94862172056747,
              12.176214738748978
            ],
            [
              75.94862172056747,
              12.184229112352442
            ],
            [
              75.93825755275626,
              12.184229112352442
            ],
            [
              75.93825755275626,
              12.176214738748978
            ]
          ]
        ]
      },
      "properties": {
        "cluster_id": "6933:7327:1542",
        "split": "holdout",
        "chips": 11,
        "empty_chips": 3,
        "prior_observed": false
      }
    },
    {
      "type": "Feature",
      "id": "6933:7327:1543",
      "geometry": {
        "type": "Polygon",
        "coordinates": [
          [
            [
              75.93825755275626,
              12.184229112352442
            ],
            [
              75.94862172056747,
              12.184229112352442
            ],
            [
              75.94862172056747,
              12.192243721820075
            ],
            [
              75.93825755275626,
              12.192243721820075
            ],
            [
              75.93825755275626,
              12.184229112352442
            ]
          ]
        ]
      },
      "properties": {
        "cluster_id": "6933:7327:1543",
        "split": "train",
        "chips": 51,
        "empty_chips": 12,
        "prior_observed": false
      }
    },
    {
      "type": "Feature",
      "id": "6933:7327:1572",
      "geometry": {
        "type": "Polygon",
        "coordinates": [
          [
            [
              75.93825755275626,
              12.41674925625246
            ],
            [
              75.94862172056747,
              12.41674925625246
            ],
            [
              75.94862172056747,
              12.424770781740875
            ],
            [
              75.93825755275626,
              12.424770781740875
            ],
            [
              75.93825755275626,
              12.41674925625246
            ]
          ]
        ]
      },
      "properties": {
        "cluster_id": "6933:7327:1572",
        "split": "train",
        "chips": 12,
        "empty_chips": 4,
        "prior_observed": false
      }
    },
    {
      "type": "Feature",
      "id": "6933:7327:1574",
      "geometry": {
        "type": "Polygon",
        "coordinates": [
          [
            [
              75.93825755275626,
              12.43279254833908
            ],
            [
              75.94862172056747,
              12.43279254833908
            ],
            [
              75.94862172056747,
              12.440814556222636
            ],
            [
              75.93825755275626,
              12.440814556222636
            ],
            [
              75.93825755275626,
              12.43279254833908
            ]
          ]
        ]
      },
      "properties": {
        "cluster_id": "6933:7327:1574",
        "split": "dev",
        "chips": 34,
        "empty_chips": 10,
        "prior_observed": true
      }
    },
    {
      "type": "Feature",
      "id": "6933:7327:1575",
      "geometry": {
        "type": "Polygon",
        "coordinates": [
          [
            [
              75.93825755275626,
              12.440814556222636
            ],
            [
              75.94862172056747,
              12.440814556222636
            ],
            [
              75.94862172056747,
              12.448836805567145
            ],
            [
              75.93825755275626,
              12.448836805567145
            ],
            [
              75.93825755275626,
              12.440814556222636
            ]
          ]
        ]
      },
      "properties": {
        "cluster_id": "6933:7327:1575",
        "split": "train",
        "chips": 7,
        "empty_chips": 3,
        "prior_observed": false
      }
    },
    {
      "type": "Feature",
      "id": "6933:7327:1576",
      "geometry": {
        "type": "Polygon",
        "coordinates": [
          [
            [
              75.93825755275626,
              12.448836805567145
            ],
            [
              75.94862172056747,
              12.448836805567145
            ],
            [
              75.94862172056747,
              12.456859296548263
            ],
            [
              75.93825755275626,
              12.456859296548263
            ],
            [
              75.93825755275626,
              12.448836805567145
            ]
          ]
        ]
      },
      "properties": {
        "cluster_id": "6933:7327:1576",
        "split": "train",
        "chips": 97,
        "empty_chips": 23,
        "prior_observed": false
      }
    },
    {
      "type": "Feature",
      "id": "6933:7327:1577",
      "geometry": {
        "type": "Polygon",
        "coordinates": [
          [
            [
              75.93825755275626,
              12.456859296548263
            ],
            [
              75.94862172056747,
              12.456859296548263
            ],
            [
              75.94862172056747,
              12.464882029341679
            ],
            [
              75.93825755275626,
              12.464882029341679
            ],
            [
              75.93825755275626,
              12.456859296548263
            ]
          ]
        ]
      },
      "properties": {
        "cluster_id": "6933:7327:1577",
        "split": "dev",
        "chips": 63,
        "empty_chips": 17,
        "prior_observed": true
      }
    },
    {
      "type": "Feature",
      "id": "6933:7327:1578",
      "geometry": {
        "type": "Polygon",
        "coordinates": [
          [
            [
              75.93825755275626,
              12.464882029341679
            ],
            [
              75.94862172056747,
              12.464882029341679
            ],
            [
              75.94862172056747,
              12.472905004123147
            ],
            [
              75.93825755275626,
              12.472905004123147
            ],
            [
              75.93825755275626,
              12.464882029341679
            ]
          ]
        ]
      },
      "properties": {
        "cluster_id": "6933:7327:1578",
        "split": "holdout",
        "chips": 1,
        "empty_chips": 0,
        "prior_observed": false
      }
    },
    {
      "type": "Feature",
      "id": "6933:7327:1579",
      "geometry": {
        "type": "Polygon",
        "coordinates": [
          [
            [
              75.93825755275626,
              12.472905004123147
            ],
            [
              75.94862172056747,
              12.472905004123147
            ],
            [
              75.94862172056747,
              12.48092822106844
            ],
            [
              75.93825755275626,
              12.48092822106844
            ],
            [
              75.93825755275626,
              12.472905004123147
            ]
          ]
        ]
      },
      "properties": {
        "cluster_id": "6933:7327:1579",
        "split": "holdout",
        "chips": 82,
        "empty_chips": 7,
        "prior_observed": false
      }
    },
    {
      "type": "Feature",
      "id": "6933:7327:1580",
      "geometry": {
        "type": "Polygon",
        "coordinates": [
          [
            [
              75.93825755275626,
              12.48092822106844
            ],
            [
              75.94862172056747,
              12.48092822106844
            ],
            [
              75.94862172056747,
              12.488951680353404
            ],
            [
              75.93825755275626,
              12.488951680353404
            ],
            [
              75.93825755275626,
              12.48092822106844
            ]
          ]
        ]
      },
      "properties": {
        "cluster_id": "6933:7327:1580",
        "split": "train",
        "chips": 51,
        "empty_chips": 6,
        "prior_observed": false
      }
    },
    {
      "type": "Feature",
      "id": "6933:7327:1581",
      "geometry": {
        "type": "Polygon",
        "coordinates": [
          [
            [
              75.93825755275626,
              12.488951680353404
            ],
            [
              75.94862172056747,
              12.488951680353404
            ],
            [
              75.94862172056747,
              12.496975382153918
            ],
            [
              75.93825755275626,
              12.496975382153918
            ],
            [
              75.93825755275626,
              12.488951680353404
            ]
          ]
        ]
      },
      "properties": {
        "cluster_id": "6933:7327:1581",
        "split": "train",
        "chips": 67,
        "empty_chips": 11,
        "prior_observed": false
      }
    },
    {
      "type": "Feature",
      "id": "6933:7327:1638",
      "geometry": {
        "type": "Polygon",
        "coordinates": [
          [
            [
              75.93825755275626,
              12.946695185997683
            ],
            [
              75.94862172056747,
              12.946695185997683
            ],
            [
              75.94862172056747,
              12.954733003435324
            ],
            [
              75.93825755275626,
              12.954733003435324
            ],
            [
              75.93825755275626,
              12.946695185997683
            ]
          ]
        ]
      },
      "properties": {
        "cluster_id": "6933:7327:1638",
        "split": "dev",
        "chips": 57,
        "empty_chips": 10,
        "prior_observed": true
      }
    },
    {
      "type": "Feature",
      "id": "6933:7328:1542",
      "geometry": {
        "type": "Polygon",
        "coordinates": [
          [
            [
              75.94862172056747,
              12.176214738748978
            ],
            [
              75.95898588837868,
              12.176214738748978
            ],
            [
              75.95898588837868,
              12.184229112352442
            ],
            [
              75.94862172056747,
              12.184229112352442
            ],
            [
              75.94862172056747,
              12.176214738748978
            ]
          ]
        ]
      },
      "properties": {
        "cluster_id": "6933:7328:1542",
        "split": "holdout",
        "chips": 10,
        "empty_chips": 2,
        "prior_observed": false
      }
    },
    {
      "type": "Feature",
      "id": "6933:7328:1543",
      "geometry": {
        "type": "Polygon",
        "coordinates": [
          [
            [
              75.94862172056747,
              12.184229112352442
            ],
            [
              75.95898588837868,
              12.184229112352442
            ],
            [
              75.95898588837868,
              12.192243721820075
            ],
            [
              75.94862172056747,
              12.192243721820075
            ],
            [
              75.94862172056747,
              12.184229112352442
            ]
          ]
        ]
      },
      "properties": {
        "cluster_id": "6933:7328:1543",
        "split": "train",
        "chips": 28,
        "empty_chips": 3,
        "prior_observed": false
      }
    },
    {
      "type": "Feature",
      "id": "6933:7328:1570",
      "geometry": {
        "type": "Polygon",
        "coordinates": [
          [
            [
              75.94862172056747,
              12.400706927903002
            ],
            [
              75.95898588837868,
              12.400706927903002
            ],
            [
              75.95898588837868,
              12.408727971698324
            ],
            [
              75.94862172056747,
              12.408727971698324
            ],
            [
              75.94862172056747,
              12.400706927903002
            ]
          ]
        ]
      },
      "properties": {
        "cluster_id": "6933:7328:1570",
        "split": "holdout",
        "chips": 16,
        "empty_chips": 2,
        "prior_observed": false
      }
    },
    {
      "type": "Feature",
      "id": "6933:7328:1571",
      "geometry": {
        "type": "Polygon",
        "coordinates": [
          [
            [
              75.94862172056747,
              12.408727971698324
            ],
            [
              75.95898588837868,
              12.408727971698324
            ],
            [
              75.95898588837868,
              12.41674925625246
            ],
            [
              75.94862172056747,
              12.41674925625246
            ],
            [
              75.94862172056747,
              12.408727971698324
            ]
          ]
        ]
      },
      "properties": {
        "cluster_id": "6933:7328:1571",
        "split": "holdout",
        "chips": 57,
        "empty_chips": 7,
        "prior_observed": false
      }
    },
    {
      "type": "Feature",
      "id": "6933:7328:1572",
      "geometry": {
        "type": "Polygon",
        "coordinates": [
          [
            [
              75.94862172056747,
              12.41674925625246
            ],
            [
              75.95898588837868,
              12.41674925625246
            ],
            [
              75.95898588837868,
              12.424770781740875
            ],
            [
              75.94862172056747,
              12.424770781740875
            ],
            [
              75.94862172056747,
              12.41674925625246
            ]
          ]
        ]
      },
      "properties": {
        "cluster_id": "6933:7328:1572",
        "split": "holdout",
        "chips": 96,
        "empty_chips": 15,
        "prior_observed": false
      }
    },
    {
      "type": "Feature",
      "id": "6933:7328:1574",
      "geometry": {
        "type": "Polygon",
        "coordinates": [
          [
            [
              75.94862172056747,
              12.43279254833908
            ],
            [
              75.95898588837868,
              12.43279254833908
            ],
            [
              75.95898588837868,
              12.440814556222636
            ],
            [
              75.94862172056747,
              12.440814556222636
            ],
            [
              75.94862172056747,
              12.43279254833908
            ]
          ]
        ]
      },
      "properties": {
        "cluster_id": "6933:7328:1574",
        "split": "holdout",
        "chips": 9,
        "empty_chips": 4,
        "prior_observed": false
      }
    },
    {
      "type": "Feature",
      "id": "6933:7328:1575",
      "geometry": {
        "type": "Polygon",
        "coordinates": [
          [
            [
              75.94862172056747,
              12.440814556222636
            ],
            [
              75.95898588837868,
              12.440814556222636
            ],
            [
              75.95898588837868,
              12.448836805567145
            ],
            [
              75.94862172056747,
              12.448836805567145
            ],
            [
              75.94862172056747,
              12.440814556222636
            ]
          ]
        ]
      },
      "properties": {
        "cluster_id": "6933:7328:1575",
        "split": "train",
        "chips": 55,
        "empty_chips": 20,
        "prior_observed": false
      }
    },
    {
      "type": "Feature",
      "id": "6933:7328:1576",
      "geometry": {
        "type": "Polygon",
        "coordinates": [
          [
            [
              75.94862172056747,
              12.448836805567145
            ],
            [
              75.95898588837868,
              12.448836805567145
            ],
            [
              75.95898588837868,
              12.456859296548263
            ],
            [
              75.94862172056747,
              12.456859296548263
            ],
            [
              75.94862172056747,
              12.448836805567145
            ]
          ]
        ]
      },
      "properties": {
        "cluster_id": "6933:7328:1576",
        "split": "holdout",
        "chips": 96,
        "empty_chips": 15,
        "prior_observed": false
      }
    },
    {
      "type": "Feature",
      "id": "6933:7328:1577",
      "geometry": {
        "type": "Polygon",
        "coordinates": [
          [
            [
              75.94862172056747,
              12.456859296548263
            ],
            [
              75.95898588837868,
              12.456859296548263
            ],
            [
              75.95898588837868,
              12.464882029341679
            ],
            [
              75.94862172056747,
              12.464882029341679
            ],
            [
              75.94862172056747,
              12.456859296548263
            ]
          ]
        ]
      },
      "properties": {
        "cluster_id": "6933:7328:1577",
        "split": "train",
        "chips": 153,
        "empty_chips": 15,
        "prior_observed": false
      }
    },
    {
      "type": "Feature",
      "id": "6933:7328:1578",
      "geometry": {
        "type": "Polygon",
        "coordinates": [
          [
            [
              75.94862172056747,
              12.464882029341679
            ],
            [
              75.95898588837868,
              12.464882029341679
            ],
            [
              75.95898588837868,
              12.472905004123147
            ],
            [
              75.94862172056747,
              12.472905004123147
            ],
            [
              75.94862172056747,
              12.464882029341679
            ]
          ]
        ]
      },
      "properties": {
        "cluster_id": "6933:7328:1578",
        "split": "dev",
        "chips": 117,
        "empty_chips": 28,
        "prior_observed": true
      }
    },
    {
      "type": "Feature",
      "id": "6933:7328:1579",
      "geometry": {
        "type": "Polygon",
        "coordinates": [
          [
            [
              75.94862172056747,
              12.472905004123147
            ],
            [
              75.95898588837868,
              12.472905004123147
            ],
            [
              75.95898588837868,
              12.48092822106844
            ],
            [
              75.94862172056747,
              12.48092822106844
            ],
            [
              75.94862172056747,
              12.472905004123147
            ]
          ]
        ]
      },
      "properties": {
        "cluster_id": "6933:7328:1579",
        "split": "train",
        "chips": 71,
        "empty_chips": 14,
        "prior_observed": false
      }
    },
    {
      "type": "Feature",
      "id": "6933:7328:1580",
      "geometry": {
        "type": "Polygon",
        "coordinates": [
          [
            [
              75.94862172056747,
              12.48092822106844
            ],
            [
              75.95898588837868,
              12.48092822106844
            ],
            [
              75.95898588837868,
              12.488951680353404
            ],
            [
              75.94862172056747,
              12.488951680353404
            ],
            [
              75.94862172056747,
              12.48092822106844
            ]
          ]
        ]
      },
      "properties": {
        "cluster_id": "6933:7328:1580",
        "split": "train",
        "chips": 108,
        "empty_chips": 7,
        "prior_observed": false
      }
    },
    {
      "type": "Feature",
      "id": "6933:7328:1581",
      "geometry": {
        "type": "Polygon",
        "coordinates": [
          [
            [
              75.94862172056747,
              12.488951680353404
            ],
            [
              75.95898588837868,
              12.488951680353404
            ],
            [
              75.95898588837868,
              12.496975382153918
            ],
            [
              75.94862172056747,
              12.496975382153918
            ],
            [
              75.94862172056747,
              12.488951680353404
            ]
          ]
        ]
      },
      "properties": {
        "cluster_id": "6933:7328:1581",
        "split": "dev",
        "chips": 99,
        "empty_chips": 12,
        "prior_observed": true
      }
    },
    {
      "type": "Feature",
      "id": "6933:7328:1582",
      "geometry": {
        "type": "Polygon",
        "coordinates": [
          [
            [
              75.94862172056747,
              12.496975382153918
            ],
            [
              75.95898588837868,
              12.496975382153918
            ],
            [
              75.95898588837868,
              12.504999326645905
            ],
            [
              75.94862172056747,
              12.504999326645905
            ],
            [
              75.94862172056747,
              12.496975382153918
            ]
          ]
        ]
      },
      "properties": {
        "cluster_id": "6933:7328:1582",
        "split": "train",
        "chips": 64,
        "empty_chips": 14,
        "prior_observed": false
      }
    },
    {
      "type": "Feature",
      "id": "6933:7328:1595",
      "geometry": {
        "type": "Polygon",
        "coordinates": [
          [
            [
              75.94862172056747,
              12.601305654585447
            ],
            [
              75.95898588837868,
              12.601305654585447
            ],
            [
              75.95898588837868,
              12.609332770097048
            ],
            [
              75.94862172056747,
              12.609332770097048
            ],
            [
              75.94862172056747,
              12.601305654585447
            ]
          ]
        ]
      },
      "properties": {
        "cluster_id": "6933:7328:1595",
        "split": "train",
        "chips": 82,
        "empty_chips": 45,
        "prior_observed": false
      }
    },
    {
      "type": "Feature",
      "id": "6933:7328:1596",
      "geometry": {
        "type": "Polygon",
        "coordinates": [
          [
            [
              75.94862172056747,
              12.609332770097048
            ],
            [
              75.95898588837868,
              12.609332770097048
            ],
            [
              75.95898588837868,
              12.617360130767977
            ],
            [
              75.94862172056747,
              12.617360130767977
            ],
            [
              75.94862172056747,
              12.609332770097048
            ]
          ]
        ]
      },
      "properties": {
        "cluster_id": "6933:7328:1596",
        "split": "train",
        "chips": 36,
        "empty_chips": 21,
        "prior_observed": false
      }
    },
    {
      "type": "Feature",
      "id": "6933:7328:1598",
      "geometry": {
        "type": "Polygon",
        "coordinates": [
          [
            [
              75.94862172056747,
              12.625387736774854
            ],
            [
              75.95898588837868,
              12.625387736774854
            ],
            [
              75.95898588837868,
              12.633415588294348
            ],
            [
              75.94862172056747,
              12.633415588294348
            ],
            [
              75.94862172056747,
              12.625387736774854
            ]
          ]
        ]
      },
      "properties": {
        "cluster_id": "6933:7328:1598",
        "split": "holdout",
        "chips": 22,
        "empty_chips": 20,
        "prior_observed": false
      }
    },
    {
      "type": "Feature",
      "id": "6933:7328:1599",
      "geometry": {
        "type": "Polygon",
        "coordinates": [
          [
            [
              75.94862172056747,
              12.633415588294348
            ],
            [
              75.95898588837868,
              12.633415588294348
            ],
            [
              75.95898588837868,
              12.641443685503187
            ],
            [
              75.94862172056747,
              12.641443685503187
            ],
            [
              75.94862172056747,
              12.633415588294348
            ]
          ]
        ]
      },
      "properties": {
        "cluster_id": "6933:7328:1599",
        "split": "dev",
        "chips": 106,
        "empty_chips": 59,
        "prior_observed": true
      }
    },
    {
      "type": "Feature",
      "id": "6933:7328:1606",
      "geometry": {
        "type": "Polygon",
        "coordinates": [
          [
            [
              75.94862172056747,
              12.689617438134443
            ],
            [
              75.95898588837868,
              12.689617438134443
            ],
            [
              75.95898588837868,
              12.697647260120705
            ],
            [
              75.94862172056747,
              12.697647260120705
            ],
            [
              75.94862172056747,
              12.689617438134443
            ]
          ]
        ]
      },
      "properties": {
        "cluster_id": "6933:7328:1606",
        "split": "train",
        "chips": 13,
        "empty_chips": 4,
        "prior_observed": false
      }
    },
    {
      "type": "Feature",
      "id": "6933:7328:1607",
      "geometry": {
        "type": "Polygon",
        "coordinates": [
          [
            [
              75.94862172056747,
              12.697647260120705
            ],
            [
              75.95898588837868,
              12.697647260120705
            ],
            [
              75.95898588837868,
              12.705677329211742
            ],
            [
              75.94862172056747,
              12.705677329211742
            ],
            [
              75.94862172056747,
              12.697647260120705
            ]
          ]
        ]
      },
      "properties": {
        "cluster_id": "6933:7328:1607",
        "split": "holdout",
        "chips": 14,
        "empty_chips": 7,
        "prior_observed": false
      }
    },
    {
      "type": "Feature",
      "id": "6933:7328:1608",
      "geometry": {
        "type": "Polygon",
        "coordinates": [
          [
            [
              75.94862172056747,
              12.705677329211742
            ],
            [
              75.95898588837868,
              12.705677329211742
            ],
            [
              75.95898588837868,
              12.713707645584702
            ],
            [
              75.94862172056747,
              12.713707645584702
            ],
            [
              75.94862172056747,
              12.705677329211742
            ]
          ]
        ]
      },
      "properties": {
        "cluster_id": "6933:7328:1608",
        "split": "train",
        "chips": 9,
        "empty_chips": 6,
        "prior_observed": false
      }
    },
    {
      "type": "Feature",
      "id": "6933:7329:1570",
      "geometry": {
        "type": "Polygon",
        "coordinates": [
          [
            [
              75.95898588837868,
              12.400706927903002
            ],
            [
              75.9693500561899,
              12.400706927903002
            ],
            [
              75.9693500561899,
              12.408727971698324
            ],
            [
              75.95898588837868,
              12.408727971698324
            ],
            [
              75.95898588837868,
              12.400706927903002
            ]
          ]
        ]
      },
      "properties": {
        "cluster_id": "6933:7329:1570",
        "split": "train",
        "chips": 3,
        "empty_chips": 1,
        "prior_observed": false
      }
    },
    {
      "type": "Feature",
      "id": "6933:7329:1572",
      "geometry": {
        "type": "Polygon",
        "coordinates": [
          [
            [
              75.95898588837868,
              12.41674925625246
            ],
            [
              75.9693500561899,
              12.41674925625246
            ],
            [
              75.9693500561899,
              12.424770781740875
            ],
            [
              75.95898588837868,
              12.424770781740875
            ],
            [
              75.95898588837868,
              12.41674925625246
            ]
          ]
        ]
      },
      "properties": {
        "cluster_id": "6933:7329:1572",
        "split": "train",
        "chips": 14,
        "empty_chips": 7,
        "prior_observed": false
      }
    },
    {
      "type": "Feature",
      "id": "6933:7329:1573",
      "geometry": {
        "type": "Polygon",
        "coordinates": [
          [
            [
              75.95898588837868,
              12.424770781740875
            ],
            [
              75.9693500561899,
              12.424770781740875
            ],
            [
              75.9693500561899,
              12.43279254833908
            ],
            [
              75.95898588837868,
              12.43279254833908
            ],
            [
              75.95898588837868,
              12.424770781740875
            ]
          ]
        ]
      },
      "properties": {
        "cluster_id": "6933:7329:1573",
        "split": "train",
        "chips": 58,
        "empty_chips": 12,
        "prior_observed": false
      }
    },
    {
      "type": "Feature",
      "id": "6933:7329:1574",
      "geometry": {
        "type": "Polygon",
        "coordinates": [
          [
            [
              75.95898588837868,
              12.43279254833908
            ],
            [
              75.9693500561899,
              12.43279254833908
            ],
            [
              75.9693500561899,
              12.440814556222636
            ],
            [
              75.95898588837868,
              12.440814556222636
            ],
            [
              75.95898588837868,
              12.43279254833908
            ]
          ]
        ]
      },
      "properties": {
        "cluster_id": "6933:7329:1574",
        "split": "train",
        "chips": 9,
        "empty_chips": 4,
        "prior_observed": false
      }
    },
    {
      "type": "Feature",
      "id": "6933:7329:1575",
      "geometry": {
        "type": "Polygon",
        "coordinates": [
          [
            [
              75.95898588837868,
              12.440814556222636
            ],
            [
              75.9693500561899,
              12.440814556222636
            ],
            [
              75.9693500561899,
              12.448836805567145
            ],
            [
              75.95898588837868,
              12.448836805567145
            ],
            [
              75.95898588837868,
              12.440814556222636
            ]
          ]
        ]
      },
      "properties": {
        "cluster_id": "6933:7329:1575",
        "split": "train",
        "chips": 16,
        "empty_chips": 6,
        "prior_observed": false
      }
    },
    {
      "type": "Feature",
      "id": "6933:7329:1576",
      "geometry": {
        "type": "Polygon",
        "coordinates": [
          [
            [
              75.95898588837868,
              12.448836805567145
            ],
            [
              75.9693500561899,
              12.448836805567145
            ],
            [
              75.9693500561899,
              12.456859296548263
            ],
            [
              75.95898588837868,
              12.456859296548263
            ],
            [
              75.95898588837868,
              12.448836805567145
            ]
          ]
        ]
      },
      "properties": {
        "cluster_id": "6933:7329:1576",
        "split": "dev",
        "chips": 125,
        "empty_chips": 9,
        "prior_observed": true
      }
    },
    {
      "type": "Feature",
      "id": "6933:7329:1577",
      "geometry": {
        "type": "Polygon",
        "coordinates": [
          [
            [
              75.95898588837868,
              12.456859296548263
            ],
            [
              75.9693500561899,
              12.456859296548263
            ],
            [
              75.9693500561899,
              12.464882029341679
            ],
            [
              75.95898588837868,
              12.464882029341679
            ],
            [
              75.95898588837868,
              12.456859296548263
            ]
          ]
        ]
      },
      "properties": {
        "cluster_id": "6933:7329:1577",
        "split": "dev",
        "chips": 121,
        "empty_chips": 7,
        "prior_observed": true
      }
    },
    {
      "type": "Feature",
      "id": "6933:7329:1578",
      "geometry": {
        "type": "Polygon",
        "coordinates": [
          [
            [
              75.95898588837868,
              12.464882029341679
            ],
            [
              75.9693500561899,
              12.464882029341679
            ],
            [
              75.9693500561899,
              12.472905004123147
            ],
            [
              75.95898588837868,
              12.472905004123147
            ],
            [
              75.95898588837868,
              12.464882029341679
            ]
          ]
        ]
      },
      "properties": {
        "cluster_id": "6933:7329:1578",
        "split": "train",
        "chips": 112,
        "empty_chips": 17,
        "prior_observed": false
      }
    },
    {
      "type": "Feature",
      "id": "6933:7329:1579",
      "geometry": {
        "type": "Polygon",
        "coordinates": [
          [
            [
              75.95898588837868,
              12.472905004123147
            ],
            [
              75.9693500561899,
              12.472905004123147
            ],
            [
              75.9693500561899,
              12.48092822106844
            ],
            [
              75.95898588837868,
              12.48092822106844
            ],
            [
              75.95898588837868,
              12.472905004123147
            ]
          ]
        ]
      },
      "properties": {
        "cluster_id": "6933:7329:1579",
        "split": "train",
        "chips": 52,
        "empty_chips": 5,
        "prior_observed": false
      }
    },
    {
      "type": "Feature",
      "id": "6933:7329:1580",
      "geometry": {
        "type": "Polygon",
        "coordinates": [
          [
            [
              75.95898588837868,
              12.48092822106844
            ],
            [
              75.9693500561899,
              12.48092822106844
            ],
            [
              75.9693500561899,
              12.488951680353404
            ],
            [
              75.95898588837868,
              12.488951680353404
            ],
            [
              75.95898588837868,
              12.48092822106844
            ]
          ]
        ]
      },
      "properties": {
        "cluster_id": "6933:7329:1580",
        "split": "train",
        "chips": 27,
        "empty_chips": 6,
        "prior_observed": false
      }
    },
    {
      "type": "Feature",
      "id": "6933:7329:1581",
      "geometry": {
        "type": "Polygon",
        "coordinates": [
          [
            [
              75.95898588837868,
              12.488951680353404
            ],
            [
              75.9693500561899,
              12.488951680353404
            ],
            [
              75.9693500561899,
              12.496975382153918
            ],
            [
              75.95898588837868,
              12.496975382153918
            ],
            [
              75.95898588837868,
              12.488951680353404
            ]
          ]
        ]
      },
      "properties": {
        "cluster_id": "6933:7329:1581",
        "split": "train",
        "chips": 22,
        "empty_chips": 5,
        "prior_observed": false
      }
    },
    {
      "type": "Feature",
      "id": "6933:7329:1582",
      "geometry": {
        "type": "Polygon",
        "coordinates": [
          [
            [
              75.95898588837868,
              12.496975382153918
            ],
            [
              75.9693500561899,
              12.496975382153918
            ],
            [
              75.9693500561899,
              12.504999326645905
            ],
            [
              75.95898588837868,
              12.504999326645905
            ],
            [
              75.95898588837868,
              12.496975382153918
            ]
          ]
        ]
      },
      "properties": {
        "cluster_id": "6933:7329:1582",
        "split": "holdout",
        "chips": 21,
        "empty_chips": 7,
        "prior_observed": false
      }
    },
    {
      "type": "Feature",
      "id": "6933:7329:1595",
      "geometry": {
        "type": "Polygon",
        "coordinates": [
          [
            [
              75.95898588837868,
              12.601305654585447
            ],
            [
              75.9693500561899,
              12.601305654585447
            ],
            [
              75.9693500561899,
              12.609332770097048
            ],
            [
              75.95898588837868,
              12.609332770097048
            ],
            [
              75.95898588837868,
              12.601305654585447
            ]
          ]
        ]
      },
      "properties": {
        "cluster_id": "6933:7329:1595",
        "split": "holdout",
        "chips": 18,
        "empty_chips": 14,
        "prior_observed": false
      }
    },
    {
      "type": "Feature",
      "id": "6933:7329:1596",
      "geometry": {
        "type": "Polygon",
        "coordinates": [
          [
            [
              75.95898588837868,
              12.609332770097048
            ],
            [
              75.9693500561899,
              12.609332770097048
            ],
            [
              75.9693500561899,
              12.617360130767977
            ],
            [
              75.95898588837868,
              12.617360130767977
            ],
            [
              75.95898588837868,
              12.609332770097048
            ]
          ]
        ]
      },
      "properties": {
        "cluster_id": "6933:7329:1596",
        "split": "train",
        "chips": 8,
        "empty_chips": 2,
        "prior_observed": false
      }
    },
    {
      "type": "Feature",
      "id": "6933:7329:1602",
      "geometry": {
        "type": "Polygon",
        "coordinates": [
          [
            [
              75.95898588837868,
              12.657500617695979
            ],
            [
              75.9693500561899,
              12.657500617695979
            ],
            [
              75.9693500561899,
              12.665529453033612
            ],
            [
              75.95898588837868,
              12.665529453033612
            ],
            [
              75.95898588837868,
              12.657500617695979
            ]
          ]
        ]
      },
      "properties": {
        "cluster_id": "6933:7329:1602",
        "split": "dev",
        "chips": 28,
        "empty_chips": 15,
        "prior_observed": true
      }
    },
    {
      "type": "Feature",
      "id": "6933:7329:1603",
      "geometry": {
        "type": "Polygon",
        "coordinates": [
          [
            [
              75.95898588837868,
              12.665529453033612
            ],
            [
              75.9693500561899,
              12.665529453033612
            ],
            [
              75.9693500561899,
              12.673558534767919
            ],
            [
              75.95898588837868,
              12.673558534767919
            ],
            [
              75.95898588837868,
              12.665529453033612
            ]
          ]
        ]
      },
      "properties": {
        "cluster_id": "6933:7329:1603",
        "split": "train",
        "chips": 23,
        "empty_chips": 11,
        "prior_observed": false
      }
    },
    {
      "type": "Feature",
      "id": "6933:7329:1604",
      "geometry": {
        "type": "Polygon",
        "coordinates": [
          [
            [
              75.95898588837868,
              12.673558534767919
            ],
            [
              75.9693500561899,
              12.673558534767919
            ],
            [
              75.9693500561899,
              12.681587863075865
            ],
            [
              75.95898588837868,
              12.681587863075865
            ],
            [
              75.95898588837868,
              12.673558534767919
            ]
          ]
        ]
      },
      "properties": {
        "cluster_id": "6933:7329:1604",
        "split": "train",
        "chips": 1,
        "empty_chips": 1,
        "prior_observed": false
      }
    },
    {
      "type": "Feature",
      "id": "6933:7329:1605",
      "geometry": {
        "type": "Polygon",
        "coordinates": [
          [
            [
              75.95898588837868,
              12.681587863075865
            ],
            [
              75.9693500561899,
              12.681587863075865
            ],
            [
              75.9693500561899,
              12.689617438134443
            ],
            [
              75.95898588837868,
              12.689617438134443
            ],
            [
              75.95898588837868,
              12.681587863075865
            ]
          ]
        ]
      },
      "properties": {
        "cluster_id": "6933:7329:1605",
        "split": "train",
        "chips": 10,
        "empty_chips": 6,
        "prior_observed": false
      }
    },
    {
      "type": "Feature",
      "id": "6933:7329:1606",
      "geometry": {
        "type": "Polygon",
        "coordinates": [
          [
            [
              75.95898588837868,
              12.689617438134443
            ],
            [
              75.9693500561899,
              12.689617438134443
            ],
            [
              75.9693500561899,
              12.697647260120705
            ],
            [
              75.95898588837868,
              12.697647260120705
            ],
            [
              75.95898588837868,
              12.689617438134443
            ]
          ]
        ]
      },
      "properties": {
        "cluster_id": "6933:7329:1606",
        "split": "holdout",
        "chips": 15,
        "empty_chips": 7,
        "prior_observed": false
      }
    },
    {
      "type": "Feature",
      "id": "6933:7330:1568",
      "geometry": {
        "type": "Polygon",
        "coordinates": [
          [
            [
              75.9693500561899,
              12.384665561887156
            ],
            [
              75.97971422400111,
              12.384665561887156
            ],
            [
              75.97971422400111,
              12.392686124691073
            ],
            [
              75.9693500561899,
              12.392686124691073
            ],
            [
              75.9693500561899,
              12.384665561887156
            ]
          ]
        ]
      },
      "properties": {
        "cluster_id": "6933:7330:1568",
        "split": "train",
        "chips": 18,
        "empty_chips": 4,
        "prior_observed": false
      }
    },
    {
      "type": "Feature",
      "id": "6933:7330:1569",
      "geometry": {
        "type": "Polygon",
        "coordinates": [
          [
            [
              75.9693500561899,
              12.392686124691073
            ],
            [
              75.97971422400111,
              12.392686124691073
            ],
            [
              75.97971422400111,
              12.400706927903002
            ],
            [
              75.9693500561899,
              12.400706927903002
            ],
            [
              75.9693500561899,
              12.392686124691073
            ]
          ]
        ]
      },
      "properties": {
        "cluster_id": "6933:7330:1569",
        "split": "holdout",
        "chips": 33,
        "empty_chips": 8,
        "prior_observed": false
      }
    },
    {
      "type": "Feature",
      "id": "6933:7330:1570",
      "geometry": {
        "type": "Polygon",
        "coordinates": [
          [
            [
              75.9693500561899,
              12.400706927903002
            ],
            [
              75.97971422400111,
              12.400706927903002
            ],
            [
              75.97971422400111,
              12.408727971698324
            ],
            [
              75.9693500561899,
              12.408727971698324
            ],
            [
              75.9693500561899,
              12.400706927903002
            ]
          ]
        ]
      },
      "properties": {
        "cluster_id": "6933:7330:1570",
        "split": "holdout",
        "chips": 3,
        "empty_chips": 3,
        "prior_observed": false
      }
    },
    {
      "type": "Feature",
      "id": "6933:7330:1571",
      "geometry": {
        "type": "Polygon",
        "coordinates": [
          [
            [
              75.9693500561899,
              12.408727971698324
            ],
            [
              75.97971422400111,
              12.408727971698324
            ],
            [
              75.97971422400111,
              12.41674925625246
            ],
            [
              75.9693500561899,
              12.41674925625246
            ],
            [
              75.9693500561899,
              12.408727971698324
            ]
          ]
        ]
      },
      "properties": {
        "cluster_id": "6933:7330:1571",
        "split": "holdout",
        "chips": 25,
        "empty_chips": 3,
        "prior_observed": false
      }
    },
    {
      "type": "Feature",
      "id": "6933:7330:1572",
      "geometry": {
        "type": "Polygon",
        "coordinates": [
          [
            [
              75.9693500561899,
              12.41674925625246
            ],
            [
              75.97971422400111,
              12.41674925625246
            ],
            [
              75.97971422400111,
              12.424770781740875
            ],
            [
              75.9693500561899,
              12.424770781740875
            ],
            [
              75.9693500561899,
              12.41674925625246
            ]
          ]
        ]
      },
      "properties": {
        "cluster_id": "6933:7330:1572",
        "split": "train",
        "chips": 27,
        "empty_chips": 4,
        "prior_observed": false
      }
    },
    {
      "type": "Feature",
      "id": "6933:7330:1573",
      "geometry": {
        "type": "Polygon",
        "coordinates": [
          [
            [
              75.9693500561899,
              12.424770781740875
            ],
            [
              75.97971422400111,
              12.424770781740875
            ],
            [
              75.97971422400111,
              12.43279254833908
            ],
            [
              75.9693500561899,
              12.43279254833908
            ],
            [
              75.9693500561899,
              12.424770781740875
            ]
          ]
        ]
      },
      "properties": {
        "cluster_id": "6933:7330:1573",
        "split": "train",
        "chips": 15,
        "empty_chips": 6,
        "prior_observed": false
      }
    },
    {
      "type": "Feature",
      "id": "6933:7330:1575",
      "geometry": {
        "type": "Polygon",
        "coordinates": [
          [
            [
              75.9693500561899,
              12.440814556222636
            ],
            [
              75.97971422400111,
              12.440814556222636
            ],
            [
              75.97971422400111,
              12.448836805567145
            ],
            [
              75.9693500561899,
              12.448836805567145
            ],
            [
              75.9693500561899,
              12.440814556222636
            ]
          ]
        ]
      },
      "properties": {
        "cluster_id": "6933:7330:1575",
        "split": "dev",
        "chips": 85,
        "empty_chips": 18,
        "prior_observed": true
      }
    },
    {
      "type": "Feature",
      "id": "6933:7330:1576",
      "geometry": {
        "type": "Polygon",
        "coordinates": [
          [
            [
              75.9693500561899,
              12.448836805567145
            ],
            [
              75.97971422400111,
              12.448836805567145
            ],
            [
              75.97971422400111,
              12.456859296548263
            ],
            [
              75.9693500561899,
              12.456859296548263
            ],
            [
              75.9693500561899,
              12.448836805567145
            ]
          ]
        ]
      },
      "properties": {
        "cluster_id": "6933:7330:1576",
        "split": "train",
        "chips": 56,
        "empty_chips": 34,
        "prior_observed": false
      }
    },
    {
      "type": "Feature",
      "id": "6933:7330:1577",
      "geometry": {
        "type": "Polygon",
        "coordinates": [
          [
            [
              75.9693500561899,
              12.456859296548263
            ],
            [
              75.97971422400111,
              12.456859296548263
            ],
            [
              75.97971422400111,
              12.464882029341679
            ],
            [
              75.9693500561899,
              12.464882029341679
            ],
            [
              75.9693500561899,
              12.456859296548263
            ]
          ]
        ]
      },
      "properties": {
        "cluster_id": "6933:7330:1577",
        "split": "train",
        "chips": 40,
        "empty_chips": 12,
        "prior_observed": false
      }
    },
    {
      "type": "Feature",
      "id": "6933:7330:1579",
      "geometry": {
        "type": "Polygon",
        "coordinates": [
          [
            [
              75.9693500561899,
              12.472905004123147
            ],
            [
              75.97971422400111,
              12.472905004123147
            ],
            [
              75.97971422400111,
              12.48092822106844
            ],
            [
              75.9693500561899,
              12.48092822106844
            ],
            [
              75.9693500561899,
              12.472905004123147
            ]
          ]
        ]
      },
      "properties": {
        "cluster_id": "6933:7330:1579",
        "split": "train",
        "chips": 50,
        "empty_chips": 10,
        "prior_observed": false
      }
    },
    {
      "type": "Feature",
      "id": "6933:7330:1581",
      "geometry": {
        "type": "Polygon",
        "coordinates": [
          [
            [
              75.9693500561899,
              12.488951680353404
            ],
            [
              75.97971422400111,
              12.488951680353404
            ],
            [
              75.97971422400111,
              12.496975382153918
            ],
            [
              75.9693500561899,
              12.496975382153918
            ],
            [
              75.9693500561899,
              12.488951680353404
            ]
          ]
        ]
      },
      "properties": {
        "cluster_id": "6933:7330:1581",
        "split": "holdout",
        "chips": 6,
        "empty_chips": 1,
        "prior_observed": false
      }
    },
    {
      "type": "Feature",
      "id": "6933:7330:1582",
      "geometry": {
        "type": "Polygon",
        "coordinates": [
          [
            [
              75.9693500561899,
              12.496975382153918
            ],
            [
              75.97971422400111,
              12.496975382153918
            ],
            [
              75.97971422400111,
              12.504999326645905
            ],
            [
              75.9693500561899,
              12.504999326645905
            ],
            [
              75.9693500561899,
              12.496975382153918
            ]
          ]
        ]
      },
      "properties": {
        "cluster_id": "6933:7330:1582",
        "split": "train",
        "chips": 14,
        "empty_chips": 6,
        "prior_observed": false
      }
    },
    {
      "type": "Feature",
      "id": "6933:7330:1583",
      "geometry": {
        "type": "Polygon",
        "coordinates": [
          [
            [
              75.9693500561899,
              12.504999326645905
            ],
            [
              75.97971422400111,
              12.504999326645905
            ],
            [
              75.97971422400111,
              12.513023514005338
            ],
            [
              75.9693500561899,
              12.513023514005338
            ],
            [
              75.9693500561899,
              12.504999326645905
            ]
          ]
        ]
      },
      "properties": {
        "cluster_id": "6933:7330:1583",
        "split": "train",
        "chips": 34,
        "empty_chips": 7,
        "prior_observed": false
      }
    },
    {
      "type": "Feature",
      "id": "6933:7330:1585",
      "geometry": {
        "type": "Polygon",
        "coordinates": [
          [
            [
              75.9693500561899,
              12.521047944408245
            ],
            [
              75.97971422400111,
              12.521047944408245
            ],
            [
              75.97971422400111,
              12.529072618030684
            ],
            [
              75.9693500561899,
              12.529072618030684
            ],
            [
              75.9693500561899,
              12.521047944408245
            ]
          ]
        ]
      },
      "properties": {
        "cluster_id": "6933:7330:1585",
        "split": "train",
        "chips": 8,
        "empty_chips": 5,
        "prior_observed": false
      }
    },
    {
      "type": "Feature",
      "id": "6933:7330:1586",
      "geometry": {
        "type": "Polygon",
        "coordinates": [
          [
            [
              75.9693500561899,
              12.529072618030684
            ],
            [
              75.97971422400111,
              12.529072618030684
            ],
            [
              75.97971422400111,
              12.537097535048764
            ],
            [
              75.9693500561899,
              12.537097535048764
            ],
            [
              75.9693500561899,
              12.529072618030684
            ]
          ]
        ]
      },
      "properties": {
        "cluster_id": "6933:7330:1586",
        "split": "holdout",
        "chips": 92,
        "empty_chips": 27,
        "prior_observed": false
      }
    },
    {
      "type": "Feature",
      "id": "6933:7330:1595",
      "geometry": {
        "type": "Polygon",
        "coordinates": [
          [
            [
              75.9693500561899,
              12.601305654585447
            ],
            [
              75.97971422400111,
              12.601305654585447
            ],
            [
              75.97971422400111,
              12.609332770097048
            ],
            [
              75.9693500561899,
              12.609332770097048
            ],
            [
              75.9693500561899,
              12.601305654585447
            ]
          ]
        ]
      },
      "properties": {
        "cluster_id": "6933:7330:1595",
        "split": "holdout",
        "chips": 28,
        "empty_chips": 7,
        "prior_observed": false
      }
    },
    {
      "type": "Feature",
      "id": "6933:7330:1598",
      "geometry": {
        "type": "Polygon",
        "coordinates": [
          [
            [
              75.9693500561899,
              12.625387736774854
            ],
            [
              75.97971422400111,
              12.625387736774854
            ],
            [
              75.97971422400111,
              12.633415588294348
            ],
            [
              75.9693500561899,
              12.633415588294348
            ],
            [
              75.9693500561899,
              12.625387736774854
            ]
          ]
        ]
      },
      "properties": {
        "cluster_id": "6933:7330:1598",
        "split": "holdout",
        "chips": 20,
        "empty_chips": 11,
        "prior_observed": false
      }
    },
    {
      "type": "Feature",
      "id": "6933:7330:1599",
      "geometry": {
        "type": "Polygon",
        "coordinates": [
          [
            [
              75.9693500561899,
              12.633415588294348
            ],
            [
              75.97971422400111,
              12.633415588294348
            ],
            [
              75.97971422400111,
              12.641443685503187
            ],
            [
              75.9693500561899,
              12.641443685503187
            ],
            [
              75.9693500561899,
              12.633415588294348
            ]
          ]
        ]
      },
      "properties": {
        "cluster_id": "6933:7330:1599",
        "split": "train",
        "chips": 42,
        "empty_chips": 17,
        "prior_observed": false
      }
    },
    {
      "type": "Feature",
      "id": "6933:7330:1602",
      "geometry": {
        "type": "Polygon",
        "coordinates": [
          [
            [
              75.9693500561899,
              12.657500617695979
            ],
            [
              75.97971422400111,
              12.657500617695979
            ],
            [
              75.97971422400111,
              12.665529453033612
            ],
            [
              75.9693500561899,
              12.665529453033612
            ],
            [
              75.9693500561899,
              12.657500617695979
            ]
          ]
        ]
      },
      "properties": {
        "cluster_id": "6933:7330:1602",
        "split": "train",
        "chips": 4,
        "empty_chips": 1,
        "prior_observed": false
      }
    },
    {
      "type": "Feature",
      "id": "6933:7330:1603",
      "geometry": {
        "type": "Polygon",
        "coordinates": [
          [
            [
              75.9693500561899,
              12.665529453033612
            ],
            [
              75.97971422400111,
              12.665529453033612
            ],
            [
              75.97971422400111,
              12.673558534767919
            ],
            [
              75.9693500561899,
              12.673558534767919
            ],
            [
              75.9693500561899,
              12.665529453033612
            ]
          ]
        ]
      },
      "properties": {
        "cluster_id": "6933:7330:1603",
        "split": "train",
        "chips": 3,
        "empty_chips": 2,
        "prior_observed": false
      }
    },
    {
      "type": "Feature",
      "id": "6933:7330:1604",
      "geometry": {
        "type": "Polygon",
        "coordinates": [
          [
            [
              75.9693500561899,
              12.673558534767919
            ],
            [
              75.97971422400111,
              12.673558534767919
            ],
            [
              75.97971422400111,
              12.681587863075865
            ],
            [
              75.9693500561899,
              12.681587863075865
            ],
            [
              75.9693500561899,
              12.673558534767919
            ]
          ]
        ]
      },
      "properties": {
        "cluster_id": "6933:7330:1604",
        "split": "train",
        "chips": 9,
        "empty_chips": 7,
        "prior_observed": false
      }
    },
    {
      "type": "Feature",
      "id": "6933:7330:1605",
      "geometry": {
        "type": "Polygon",
        "coordinates": [
          [
            [
              75.9693500561899,
              12.681587863075865
            ],
            [
              75.97971422400111,
              12.681587863075865
            ],
            [
              75.97971422400111,
              12.689617438134443
            ],
            [
              75.9693500561899,
              12.689617438134443
            ],
            [
              75.9693500561899,
              12.681587863075865
            ]
          ]
        ]
      },
      "properties": {
        "cluster_id": "6933:7330:1605",
        "split": "train",
        "chips": 22,
        "empty_chips": 8,
        "prior_observed": false
      }
    },
    {
      "type": "Feature",
      "id": "6933:7330:1606",
      "geometry": {
        "type": "Polygon",
        "coordinates": [
          [
            [
              75.9693500561899,
              12.689617438134443
            ],
            [
              75.97971422400111,
              12.689617438134443
            ],
            [
              75.97971422400111,
              12.697647260120705
            ],
            [
              75.9693500561899,
              12.697647260120705
            ],
            [
              75.9693500561899,
              12.689617438134443
            ]
          ]
        ]
      },
      "properties": {
        "cluster_id": "6933:7330:1606",
        "split": "holdout",
        "chips": 19,
        "empty_chips": 5,
        "prior_observed": false
      }
    },
    {
      "type": "Feature",
      "id": "6933:7331:1521",
      "geometry": {
        "type": "Polygon",
        "coordinates": [
          [
            [
              75.97971422400111,
              12.007967069663074
            ],
            [
              75.99007839181233,
              12.007967069663074
            ],
            [
              75.99007839181233,
              12.01597653028059
            ],
            [
              75.97971422400111,
              12.01597653028059
            ],
            [
              75.97971422400111,
              12.007967069663074
            ]
          ]
        ]
      },
      "properties": {
        "cluster_id": "6933:7331:1521",
        "split": "train",
        "chips": 2,
        "empty_chips": 0,
        "prior_observed": false
      }
    },
    {
      "type": "Feature",
      "id": "6933:7331:1522",
      "geometry": {
        "type": "Polygon",
        "coordinates": [
          [
            [
              75.97971422400111,
              12.01597653028059
            ],
            [
              75.99007839181233,
              12.01597653028059
            ],
            [
              75.99007839181233,
              12.023986223114317
            ],
            [
              75.97971422400111,
              12.023986223114317
            ],
            [
              75.97971422400111,
              12.01597653028059
            ]
          ]
        ]
      },
      "properties": {
        "cluster_id": "6933:7331:1522",
        "split": "train",
        "chips": 37,
        "empty_chips": 4,
        "prior_observed": false
      }
    },
    {
      "type": "Feature",
      "id": "6933:7331:1523",
      "geometry": {
        "type": "Polygon",
        "coordinates": [
          [
            [
              75.97971422400111,
              12.023986223114317
            ],
            [
              75.99007839181233,
              12.023986223114317
            ],
            [
              75.99007839181233,
              12.03199614833752
            ],
            [
              75.97971422400111,
              12.03199614833752
            ],
            [
              75.97971422400111,
              12.023986223114317
            ]
          ]
        ]
      },
      "properties": {
        "cluster_id": "6933:7331:1523",
        "split": "train",
        "chips": 20,
        "empty_chips": 5,
        "prior_observed": false
      }
    },
    {
      "type": "Feature",
      "id": "6933:7331:1566",
      "geometry": {
        "type": "Polygon",
        "coordinates": [
          [
            [
              75.97971422400111,
              12.368625156802095
            ],
            [
              75.99007839181233,
              12.368625156802095
            ],
            [
              75.99007839181233,
              12.376645239315925
            ],
            [
              75.97971422400111,
              12.376645239315925
            ],
            [
              75.97971422400111,
              12.368625156802095
            ]
          ]
        ]
      },
      "properties": {
        "cluster_id": "6933:7331:1566",
        "split": "train",
        "chips": 7,
        "empty_chips": 2,
        "prior_observed": false
      }
    },
    {
      "type": "Feature",
      "id": "6933:7331:1568",
      "geometry": {
        "type": "Polygon",
        "coordinates": [
          [
            [
              75.97971422400111,
              12.384665561887156
            ],
            [
              75.99007839181233,
              12.384665561887156
            ],
            [
              75.99007839181233,
              12.392686124691073
            ],
            [
              75.97971422400111,
              12.392686124691073
            ],
            [
              75.97971422400111,
              12.384665561887156
            ]
          ]
        ]
      },
      "properties": {
        "cluster_id": "6933:7331:1568",
        "split": "holdout",
        "chips": 13,
        "empty_chips": 1,
        "prior_observed": false
      }
    },
    {
      "type": "Feature",
      "id": "6933:7331:1569",
      "geometry": {
        "type": "Polygon",
        "coordinates": [
          [
            [
              75.97971422400111,
              12.392686124691073
            ],
            [
              75.99007839181233,
              12.392686124691073
            ],
            [
              75.99007839181233,
              12.400706927903002
            ],
            [
              75.97971422400111,
              12.400706927903002
            ],
            [
              75.97971422400111,
              12.392686124691073
            ]
          ]
        ]
      },
      "properties": {
        "cluster_id": "6933:7331:1569",
        "split": "train",
        "chips": 27,
        "empty_chips": 4,
        "prior_observed": false
      }
    },
    {
      "type": "Feature",
      "id": "6933:7331:1570",
      "geometry": {
        "type": "Polygon",
        "coordinates": [
          [
            [
              75.97971422400111,
              12.400706927903002
            ],
            [
              75.99007839181233,
              12.400706927903002
            ],
            [
              75.99007839181233,
              12.408727971698324
            ],
            [
              75.97971422400111,
              12.408727971698324
            ],
            [
              75.97971422400111,
              12.400706927903002
            ]
          ]
        ]
      },
      "properties": {
        "cluster_id": "6933:7331:1570",
        "split": "train",
        "chips": 16,
        "empty_chips": 1,
        "prior_observed": false
      }
    },
    {
      "type": "Feature",
      "id": "6933:7331:1571",
      "geometry": {
        "type": "Polygon",
        "coordinates": [
          [
            [
              75.97971422400111,
              12.408727971698324
            ],
            [
              75.99007839181233,
              12.408727971698324
            ],
            [
              75.99007839181233,
              12.41674925625246
            ],
            [
              75.97971422400111,
              12.41674925625246
            ],
            [
              75.97971422400111,
              12.408727971698324
            ]
          ]
        ]
      },
      "properties": {
        "cluster_id": "6933:7331:1571",
        "split": "train",
        "chips": 6,
        "empty_chips": 4,
        "prior_observed": false
      }
    },
    {
      "type": "Feature",
      "id": "6933:7331:1572",
      "geometry": {
        "type": "Polygon",
        "coordinates": [
          [
            [
              75.97971422400111,
              12.41674925625246
            ],
            [
              75.99007839181233,
              12.41674925625246
            ],
            [
              75.99007839181233,
              12.424770781740875
            ],
            [
              75.97971422400111,
              12.424770781740875
            ],
            [
              75.97971422400111,
              12.41674925625246
            ]
          ]
        ]
      },
      "properties": {
        "cluster_id": "6933:7331:1572",
        "split": "train",
        "chips": 29,
        "empty_chips": 10,
        "prior_observed": false
      }
    },
    {
      "type": "Feature",
      "id": "6933:7331:1573",
      "geometry": {
        "type": "Polygon",
        "coordinates": [
          [
            [
              75.97971422400111,
              12.424770781740875
            ],
            [
              75.99007839181233,
              12.424770781740875
            ],
            [
              75.99007839181233,
              12.43279254833908
            ],
            [
              75.97971422400111,
              12.43279254833908
            ],
            [
              75.97971422400111,
              12.424770781740875
            ]
          ]
        ]
      },
      "properties": {
        "cluster_id": "6933:7331:1573",
        "split": "train",
        "chips": 46,
        "empty_chips": 13,
        "prior_observed": false
      }
    },
    {
      "type": "Feature",
      "id": "6933:7331:1575",
      "geometry": {
        "type": "Polygon",
        "coordinates": [
          [
            [
              75.97971422400111,
              12.440814556222636
            ],
            [
              75.99007839181233,
              12.440814556222636
            ],
            [
              75.99007839181233,
              12.448836805567145
            ],
            [
              75.97971422400111,
              12.448836805567145
            ],
            [
              75.97971422400111,
              12.440814556222636
            ]
          ]
        ]
      },
      "properties": {
        "cluster_id": "6933:7331:1575",
        "split": "holdout",
        "chips": 29,
        "empty_chips": 3,
        "prior_observed": false
      }
    },
    {
      "type": "Feature",
      "id": "6933:7331:1576",
      "geometry": {
        "type": "Polygon",
        "coordinates": [
          [
            [
              75.97971422400111,
              12.448836805567145
            ],
            [
              75.99007839181233,
              12.448836805567145
            ],
            [
              75.99007839181233,
              12.456859296548263
            ],
            [
              75.97971422400111,
              12.456859296548263
            ],
            [
              75.97971422400111,
              12.448836805567145
            ]
          ]
        ]
      },
      "properties": {
        "cluster_id": "6933:7331:1576",
        "split": "train",
        "chips": 2,
        "empty_chips": 0,
        "prior_observed": false
      }
    },
    {
      "type": "Feature",
      "id": "6933:7331:1577",
      "geometry": {
        "type": "Polygon",
        "coordinates": [
          [
            [
              75.97971422400111,
              12.456859296548263
            ],
            [
              75.99007839181233,
              12.456859296548263
            ],
            [
              75.99007839181233,
              12.464882029341679
            ],
            [
              75.97971422400111,
              12.464882029341679
            ],
            [
              75.97971422400111,
              12.456859296548263
            ]
          ]
        ]
      },
      "properties": {
        "cluster_id": "6933:7331:1577",
        "split": "dev",
        "chips": 96,
        "empty_chips": 44,
        "prior_observed": true
      }
    },
    {
      "type": "Feature",
      "id": "6933:7331:1578",
      "geometry": {
        "type": "Polygon",
        "coordinates": [
          [
            [
              75.97971422400111,
              12.464882029341679
            ],
            [
              75.99007839181233,
              12.464882029341679
            ],
            [
              75.99007839181233,
              12.472905004123147
            ],
            [
              75.97971422400111,
              12.472905004123147
            ],
            [
              75.97971422400111,
              12.464882029341679
            ]
          ]
        ]
      },
      "properties": {
        "cluster_id": "6933:7331:1578",
        "split": "holdout",
        "chips": 7,
        "empty_chips": 2,
        "prior_observed": false
      }
    },
    {
      "type": "Feature",
      "id": "6933:7331:1579",
      "geometry": {
        "type": "Polygon",
        "coordinates": [
          [
            [
              75.97971422400111,
              12.472905004123147
            ],
            [
              75.99007839181233,
              12.472905004123147
            ],
            [
              75.99007839181233,
              12.48092822106844
            ],
            [
              75.97971422400111,
              12.48092822106844
            ],
            [
              75.97971422400111,
              12.472905004123147
            ]
          ]
        ]
      },
      "properties": {
        "cluster_id": "6933:7331:1579",
        "split": "dev",
        "chips": 35,
        "empty_chips": 7,
        "prior_observed": true
      }
    },
    {
      "type": "Feature",
      "id": "6933:7331:1580",
      "geometry": {
        "type": "Polygon",
        "coordinates": [
          [
            [
              75.97971422400111,
              12.48092822106844
            ],
            [
              75.99007839181233,
              12.48092822106844
            ],
            [
              75.99007839181233,
              12.488951680353404
            ],
            [
              75.97971422400111,
              12.488951680353404
            ],
            [
              75.97971422400111,
              12.48092822106844
            ]
          ]
        ]
      },
      "properties": {
        "cluster_id": "6933:7331:1580",
        "split": "train",
        "chips": 4,
        "empty_chips": 4,
        "prior_observed": false
      }
    },
    {
      "type": "Feature",
      "id": "6933:7331:1583",
      "geometry": {
        "type": "Polygon",
        "coordinates": [
          [
            [
              75.97971422400111,
              12.504999326645905
            ],
            [
              75.99007839181233,
              12.504999326645905
            ],
            [
              75.99007839181233,
              12.513023514005338
            ],
            [
              75.97971422400111,
              12.513023514005338
            ],
            [
              75.97971422400111,
              12.504999326645905
            ]
          ]
        ]
      },
      "properties": {
        "cluster_id": "6933:7331:1583",
        "split": "train",
        "chips": 6,
        "empty_chips": 0,
        "prior_observed": false
      }
    },
    {
      "type": "Feature",
      "id": "6933:7331:1585",
      "geometry": {
        "type": "Polygon",
        "coordinates": [
          [
            [
              75.97971422400111,
              12.521047944408245
            ],
            [
              75.99007839181233,
              12.521047944408245
            ],
            [
              75.99007839181233,
              12.529072618030684
            ],
            [
              75.97971422400111,
              12.529072618030684
            ],
            [
              75.97971422400111,
              12.521047944408245
            ]
          ]
        ]
      },
      "properties": {
        "cluster_id": "6933:7331:1585",
        "split": "dev",
        "chips": 50,
        "empty_chips": 16,
        "prior_observed": true
      }
    },
    {
      "type": "Feature",
      "id": "6933:7331:1586",
      "geometry": {
        "type": "Polygon",
        "coordinates": [
          [
            [
              75.97971422400111,
              12.529072618030684
            ],
            [
              75.99007839181233,
              12.529072618030684
            ],
            [
              75.99007839181233,
              12.537097535048764
            ],
            [
              75.97971422400111,
              12.537097535048764
            ],
            [
              75.97971422400111,
              12.529072618030684
            ]
          ]
        ]
      },
      "properties": {
        "cluster_id": "6933:7331:1586",
        "split": "holdout",
        "chips": 42,
        "empty_chips": 15,
        "prior_observed": false
      }
    },
    {
      "type": "Feature",
      "id": "6933:7331:1588",
      "geometry": {
        "type": "Polygon",
        "coordinates": [
          [
            [
              75.97971422400111,
              12.545122695638652
            ],
            [
              75.99007839181233,
              12.545122695638652
            ],
            [
              75.99007839181233,
              12.55314809997655
            ],
            [
              75.97971422400111,
              12.55314809997655
            ],
            [
              75.97971422400111,
              12.545122695638652
            ]
          ]
        ]
      },
      "properties": {
        "cluster_id": "6933:7331:1588",
        "split": "train",
        "chips": 29,
        "empty_chips": 8,
        "prior_observed": false
      }
    },
    {
      "type": "Feature",
      "id": "6933:7331:1589",
      "geometry": {
        "type": "Polygon",
        "coordinates": [
          [
            [
              75.97971422400111,
              12.55314809997655
            ],
            [
              75.99007839181233,
              12.55314809997655
            ],
            [
              75.99007839181233,
              12.561173748238705
            ],
            [
              75.97971422400111,
              12.561173748238705
            ],
            [
              75.97971422400111,
              12.55314809997655
            ]
          ]
        ]
      },
      "properties": {
        "cluster_id": "6933:7331:1589",
        "split": "train",
        "chips": 6,
        "empty_chips": 3,
        "prior_observed": false
      }
    },
    {
      "type": "Feature",
      "id": "6933:7331:1598",
      "geometry": {
        "type": "Polygon",
        "coordinates": [
          [
            [
              75.97971422400111,
              12.625387736774854
            ],
            [
              75.99007839181233,
              12.625387736774854
            ],
            [
              75.99007839181233,
              12.633415588294348
            ],
            [
              75.97971422400111,
              12.633415588294348
            ],
            [
              75.97971422400111,
              12.625387736774854
            ]
          ]
        ]
      },
      "properties": {
        "cluster_id": "6933:7331:1598",
        "split": "holdout",
        "chips": 2,
        "empty_chips": 2,
        "prior_observed": false
      }
    },
    {
      "type": "Feature",
      "id": "6933:7331:1599",
      "geometry": {
        "type": "Polygon",
        "coordinates": [
          [
            [
              75.97971422400111,
              12.633415588294348
            ],
            [
              75.99007839181233,
              12.633415588294348
            ],
            [
              75.99007839181233,
              12.641443685503187
            ],
            [
              75.97971422400111,
              12.641443685503187
            ],
            [
              75.97971422400111,
              12.633415588294348
            ]
          ]
        ]
      },
      "properties": {
        "cluster_id": "6933:7331:1599",
        "split": "train",
        "chips": 2,
        "empty_chips": 1,
        "prior_observed": false
      }
    },
    {
      "type": "Feature",
      "id": "6933:7331:1600",
      "geometry": {
        "type": "Polygon",
        "coordinates": [
          [
            [
              75.97971422400111,
              12.641443685503187
            ],
            [
              75.99007839181233,
              12.641443685503187
            ],
            [
              75.99007839181233,
              12.649472028578124
            ],
            [
              75.97971422400111,
              12.649472028578124
            ],
            [
              75.97971422400111,
              12.641443685503187
            ]
          ]
        ]
      },
      "properties": {
        "cluster_id": "6933:7331:1600",
        "split": "holdout",
        "chips": 6,
        "empty_chips": 1,
        "prior_observed": false
      }
    },
    {
      "type": "Feature",
      "id": "6933:7331:1604",
      "geometry": {
        "type": "Polygon",
        "coordinates": [
          [
            [
              75.97971422400111,
              12.673558534767919
            ],
            [
              75.99007839181233,
              12.673558534767919
            ],
            [
              75.99007839181233,
              12.681587863075865
            ],
            [
              75.97971422400111,
              12.681587863075865
            ],
            [
              75.97971422400111,
              12.673558534767919
            ]
          ]
        ]
      },
      "properties": {
        "cluster_id": "6933:7331:1604",
        "split": "holdout",
        "chips": 47,
        "empty_chips": 21,
        "prior_observed": false
      }
    },
    {
      "type": "Feature",
      "id": "6933:7331:1606",
      "geometry": {
        "type": "Polygon",
        "coordinates": [
          [
            [
              75.97971422400111,
              12.689617438134443
            ],
            [
              75.99007839181233,
              12.689617438134443
            ],
            [
              75.99007839181233,
              12.697647260120705
            ],
            [
              75.97971422400111,
              12.697647260120705
            ],
            [
              75.97971422400111,
              12.689617438134443
            ]
          ]
        ]
      },
      "properties": {
        "cluster_id": "6933:7331:1606",
        "split": "train",
        "chips": 9,
        "empty_chips": 3,
        "prior_observed": false
      }
    },
    {
      "type": "Feature",
      "id": "6933:7331:1611",
      "geometry": {
        "type": "Polygon",
        "coordinates": [
          [
            [
              75.97971422400111,
              12.729769020885175
            ],
            [
              75.99007839181233,
              12.729769020885175
            ],
            [
              75.99007839181233,
              12.737800080167217
            ],
            [
              75.97971422400111,
              12.737800080167217
            ],
            [
              75.97971422400111,
              12.729769020885175
            ]
          ]
        ]
      },
      "properties": {
        "cluster_id": "6933:7331:1611",
        "split": "train",
        "chips": 32,
        "empty_chips": 8,
        "prior_observed": false
      }
    },
    {
      "type": "Feature",
      "id": "6933:7331:1639",
      "geometry": {
        "type": "Polygon",
        "coordinates": [
          [
            [
              75.97971422400111,
              12.954733003435324
            ],
            [
              75.99007839181233,
              12.954733003435324
            ],
            [
              75.99007839181233,
              12.962771073669957
            ],
            [
              75.97971422400111,
              12.962771073669957
            ],
            [
              75.97971422400111,
              12.954733003435324
            ]
          ]
        ]
      },
      "properties": {
        "cluster_id": "6933:7331:1639",
        "split": "train",
        "chips": 56,
        "empty_chips": 13,
        "prior_observed": false
      }
    },
    {
      "type": "Feature",
      "id": "6933:7331:1640",
      "geometry": {
        "type": "Polygon",
        "coordinates": [
          [
            [
              75.97971422400111,
              12.962771073669957
            ],
            [
              75.99007839181233,
              12.962771073669957
            ],
            [
              75.99007839181233,
              12.97080939688025
            ],
            [
              75.97971422400111,
              12.97080939688025
            ],
            [
              75.97971422400111,
              12.962771073669957
            ]
          ]
        ]
      },
      "properties": {
        "cluster_id": "6933:7331:1640",
        "split": "train",
        "chips": 10,
        "empty_chips": 6,
        "prior_observed": false
      }
    },
    {
      "type": "Feature",
      "id": "6933:7331:1641",
      "geometry": {
        "type": "Polygon",
        "coordinates": [
          [
            [
              75.97971422400111,
              12.97080939688025
            ],
            [
              75.99007839181233,
              12.97080939688025
            ],
            [
              75.99007839181233,
              12.978847973244926
            ],
            [
              75.97971422400111,
              12.978847973244926
            ],
            [
              75.97971422400111,
              12.97080939688025
            ]
          ]
        ]
      },
      "properties": {
        "cluster_id": "6933:7331:1641",
        "split": "train",
        "chips": 54,
        "empty_chips": 1,
        "prior_observed": false
      }
    },
    {
      "type": "Feature",
      "id": "6933:7331:1642",
      "geometry": {
        "type": "Polygon",
        "coordinates": [
          [
            [
              75.97971422400111,
              12.978847973244926
            ],
            [
              75.99007839181233,
              12.978847973244926
            ],
            [
              75.99007839181233,
              12.98688680294277
            ],
            [
              75.97971422400111,
              12.98688680294277
            ],
            [
              75.97971422400111,
              12.978847973244926
            ]
          ]
        ]
      },
      "properties": {
        "cluster_id": "6933:7331:1642",
        "split": "holdout",
        "chips": 6,
        "empty_chips": 0,
        "prior_observed": false
      }
    },
    {
      "type": "Feature",
      "id": "6933:7332:1521",
      "geometry": {
        "type": "Polygon",
        "coordinates": [
          [
            [
              75.99007839181233,
              12.007967069663074
            ],
            [
              76.00044255962354,
              12.007967069663074
            ],
            [
              76.00044255962354,
              12.01597653028059
            ],
            [
              75.99007839181233,
              12.01597653028059
            ],
            [
              75.99007839181233,
              12.007967069663074
            ]
          ]
        ]
      },
      "properties": {
        "cluster_id": "6933:7332:1521",
        "split": "train",
        "chips": 2,
        "empty_chips": 0,
        "prior_observed": false
      }
    },
    {
      "type": "Feature",
      "id": "6933:7332:1522",
      "geometry": {
        "type": "Polygon",
        "coordinates": [
          [
            [
              75.99007839181233,
              12.01597653028059
            ],
            [
              76.00044255962354,
              12.01597653028059
            ],
            [
              76.00044255962354,
              12.023986223114317
            ],
            [
              75.99007839181233,
              12.023986223114317
            ],
            [
              75.99007839181233,
              12.01597653028059
            ]
          ]
        ]
      },
      "properties": {
        "cluster_id": "6933:7332:1522",
        "split": "train",
        "chips": 10,
        "empty_chips": 3,
        "prior_observed": false
      }
    },
    {
      "type": "Feature",
      "id": "6933:7332:1523",
      "geometry": {
        "type": "Polygon",
        "coordinates": [
          [
            [
              75.99007839181233,
              12.023986223114317
            ],
            [
              76.00044255962354,
              12.023986223114317
            ],
            [
              76.00044255962354,
              12.03199614833752
            ],
            [
              75.99007839181233,
              12.03199614833752
            ],
            [
              75.99007839181233,
              12.023986223114317
            ]
          ]
        ]
      },
      "properties": {
        "cluster_id": "6933:7332:1523",
        "split": "train",
        "chips": 12,
        "empty_chips": 2,
        "prior_observed": false
      }
    },
    {
      "type": "Feature",
      "id": "6933:7332:1566",
      "geometry": {
        "type": "Polygon",
        "coordinates": [
          [
            [
              75.99007839181233,
              12.368625156802095
            ],
            [
              76.00044255962354,
              12.368625156802095
            ],
            [
              76.00044255962354,
              12.376645239315925
            ],
            [
              75.99007839181233,
              12.376645239315925
            ],
            [
              75.99007839181233,
              12.368625156802095
            ]
          ]
        ]
      },
      "properties": {
        "cluster_id": "6933:7332:1566",
        "split": "train",
        "chips": 37,
        "empty_chips": 2,
        "prior_observed": false
      }
    },
    {
      "type": "Feature",
      "id": "6933:7332:1568",
      "geometry": {
        "type": "Polygon",
        "coordinates": [
          [
            [
              75.99007839181233,
              12.384665561887156
            ],
            [
              76.00044255962354,
              12.384665561887156
            ],
            [
              76.00044255962354,
              12.392686124691073
            ],
            [
              75.99007839181233,
              12.392686124691073
            ],
            [
              75.99007839181233,
              12.384665561887156
            ]
          ]
        ]
      },
      "properties": {
        "cluster_id": "6933:7332:1568",
        "split": "holdout",
        "chips": 6,
        "empty_chips": 1,
        "prior_observed": false
      }
    },
    {
      "type": "Feature",
      "id": "6933:7332:1569",
      "geometry": {
        "type": "Polygon",
        "coordinates": [
          [
            [
              75.99007839181233,
              12.392686124691073
            ],
            [
              76.00044255962354,
              12.392686124691073
            ],
            [
              76.00044255962354,
              12.400706927903002
            ],
            [
              75.99007839181233,
              12.400706927903002
            ],
            [
              75.99007839181233,
              12.392686124691073
            ]
          ]
        ]
      },
      "properties": {
        "cluster_id": "6933:7332:1569",
        "split": "train",
        "chips": 6,
        "empty_chips": 1,
        "prior_observed": false
      }
    },
    {
      "type": "Feature",
      "id": "6933:7332:1570",
      "geometry": {
        "type": "Polygon",
        "coordinates": [
          [
            [
              75.99007839181233,
              12.400706927903002
            ],
            [
              76.00044255962354,
              12.400706927903002
            ],
            [
              76.00044255962354,
              12.408727971698324
            ],
            [
              75.99007839181233,
              12.408727971698324
            ],
            [
              75.99007839181233,
              12.400706927903002
            ]
          ]
        ]
      },
      "properties": {
        "cluster_id": "6933:7332:1570",
        "split": "train",
        "chips": 31,
        "empty_chips": 17,
        "prior_observed": false
      }
    },
    {
      "type": "Feature",
      "id": "6933:7332:1571",
      "geometry": {
        "type": "Polygon",
        "coordinates": [
          [
            [
              75.99007839181233,
              12.408727971698324
            ],
            [
              76.00044255962354,
              12.408727971698324
            ],
            [
              76.00044255962354,
              12.41674925625246
            ],
            [
              75.99007839181233,
              12.41674925625246
            ],
            [
              75.99007839181233,
              12.408727971698324
            ]
          ]
        ]
      },
      "properties": {
        "cluster_id": "6933:7332:1571",
        "split": "train",
        "chips": 51,
        "empty_chips": 8,
        "prior_observed": false
      }
    },
    {
      "type": "Feature",
      "id": "6933:7332:1572",
      "geometry": {
        "type": "Polygon",
        "coordinates": [
          [
            [
              75.99007839181233,
              12.41674925625246
            ],
            [
              76.00044255962354,
              12.41674925625246
            ],
            [
              76.00044255962354,
              12.424770781740875
            ],
            [
              75.99007839181233,
              12.424770781740875
            ],
            [
              75.99007839181233,
              12.41674925625246
            ]
          ]
        ]
      },
      "properties": {
        "cluster_id": "6933:7332:1572",
        "split": "holdout",
        "chips": 20,
        "empty_chips": 5,
        "prior_observed": false
      }
    },
    {
      "type": "Feature",
      "id": "6933:7332:1573",
      "geometry": {
        "type": "Polygon",
        "coordinates": [
          [
            [
              75.99007839181233,
              12.424770781740875
            ],
            [
              76.00044255962354,
              12.424770781740875
            ],
            [
              76.00044255962354,
              12.43279254833908
            ],
            [
              75.99007839181233,
              12.43279254833908
            ],
            [
              75.99007839181233,
              12.424770781740875
            ]
          ]
        ]
      },
      "properties": {
        "cluster_id": "6933:7332:1573",
        "split": "train",
        "chips": 85,
        "empty_chips": 21,
        "prior_observed": false
      }
    },
    {
      "type": "Feature",
      "id": "6933:7332:1574",
      "geometry": {
        "type": "Polygon",
        "coordinates": [
          [
            [
              75.99007839181233,
              12.43279254833908
            ],
            [
              76.00044255962354,
              12.43279254833908
            ],
            [
              76.00044255962354,
              12.440814556222636
            ],
            [
              75.99007839181233,
              12.440814556222636
            ],
            [
              75.99007839181233,
              12.43279254833908
            ]
          ]
        ]
      },
      "properties": {
        "cluster_id": "6933:7332:1574",
        "split": "train",
        "chips": 8,
        "empty_chips": 1,
        "prior_observed": false
      }
    },
    {
      "type": "Feature",
      "id": "6933:7332:1575",
      "geometry": {
        "type": "Polygon",
        "coordinates": [
          [
            [
              75.99007839181233,
              12.440814556222636
            ],
            [
              76.00044255962354,
              12.440814556222636
            ],
            [
              76.00044255962354,
              12.448836805567145
            ],
            [
              75.99007839181233,
              12.448836805567145
            ],
            [
              75.99007839181233,
              12.440814556222636
            ]
          ]
        ]
      },
      "properties": {
        "cluster_id": "6933:7332:1575",
        "split": "holdout",
        "chips": 11,
        "empty_chips": 1,
        "prior_observed": false
      }
    },
    {
      "type": "Feature",
      "id": "6933:7332:1576",
      "geometry": {
        "type": "Polygon",
        "coordinates": [
          [
            [
              75.99007839181233,
              12.448836805567145
            ],
            [
              76.00044255962354,
              12.448836805567145
            ],
            [
              76.00044255962354,
              12.456859296548263
            ],
            [
              75.99007839181233,
              12.456859296548263
            ],
            [
              75.99007839181233,
              12.448836805567145
            ]
          ]
        ]
      },
      "properties": {
        "cluster_id": "6933:7332:1576",
        "split": "holdout",
        "chips": 5,
        "empty_chips": 3,
        "prior_observed": false
      }
    },
    {
      "type": "Feature",
      "id": "6933:7332:1577",
      "geometry": {
        "type": "Polygon",
        "coordinates": [
          [
            [
              75.99007839181233,
              12.456859296548263
            ],
            [
              76.00044255962354,
              12.456859296548263
            ],
            [
              76.00044255962354,
              12.464882029341679
            ],
            [
              75.99007839181233,
              12.464882029341679
            ],
            [
              75.99007839181233,
              12.456859296548263
            ]
          ]
        ]
      },
      "properties": {
        "cluster_id": "6933:7332:1577",
        "split": "train",
        "chips": 2,
        "empty_chips": 0,
        "prior_observed": false
      }
    },
    {
      "type": "Feature",
      "id": "6933:7332:1579",
      "geometry": {
        "type": "Polygon",
        "coordinates": [
          [
            [
              75.99007839181233,
              12.472905004123147
            ],
            [
              76.00044255962354,
              12.472905004123147
            ],
            [
              76.00044255962354,
              12.48092822106844
            ],
            [
              75.99007839181233,
              12.48092822106844
            ],
            [
              75.99007839181233,
              12.472905004123147
            ]
          ]
        ]
      },
      "properties": {
        "cluster_id": "6933:7332:1579",
        "split": "holdout",
        "chips": 2,
        "empty_chips": 2,
        "prior_observed": false
      }
    },
    {
      "type": "Feature",
      "id": "6933:7332:1584",
      "geometry": {
        "type": "Polygon",
        "coordinates": [
          [
            [
              75.99007839181233,
              12.513023514005338
            ],
            [
              76.00044255962354,
              12.513023514005338
            ],
            [
              76.00044255962354,
              12.521047944408245
            ],
            [
              75.99007839181233,
              12.521047944408245
            ],
            [
              75.99007839181233,
              12.513023514005338
            ]
          ]
        ]
      },
      "properties": {
        "cluster_id": "6933:7332:1584",
        "split": "train",
        "chips": 33,
        "empty_chips": 10,
        "prior_observed": false
      }
    },
    {
      "type": "Feature",
      "id": "6933:7332:1586",
      "geometry": {
        "type": "Polygon",
        "coordinates": [
          [
            [
              75.99007839181233,
              12.529072618030684
            ],
            [
              76.00044255962354,
              12.529072618030684
            ],
            [
              76.00044255962354,
              12.537097535048764
            ],
            [
              75.99007839181233,
              12.537097535048764
            ],
            [
              75.99007839181233,
              12.529072618030684
            ]
          ]
        ]
      },
      "properties": {
        "cluster_id": "6933:7332:1586",
        "split": "train",
        "chips": 67,
        "empty_chips": 33,
        "prior_observed": false
      }
    },
    {
      "type": "Feature",
      "id": "6933:7332:1587",
      "geometry": {
        "type": "Polygon",
        "coordinates": [
          [
            [
              75.99007839181233,
              12.537097535048764
            ],
            [
              76.00044255962354,
              12.537097535048764
            ],
            [
              76.00044255962354,
              12.545122695638652
            ],
            [
              75.99007839181233,
              12.545122695638652
            ],
            [
              75.99007839181233,
              12.537097535048764
            ]
          ]
        ]
      },
      "properties": {
        "cluster_id": "6933:7332:1587",
        "split": "train",
        "chips": 39,
        "empty_chips": 13,
        "prior_observed": false
      }
    },
    {
      "type": "Feature",
      "id": "6933:7332:1588",
      "geometry": {
        "type": "Polygon",
        "coordinates": [
          [
            [
              75.99007839181233,
              12.545122695638652
            ],
            [
              76.00044255962354,
              12.545122695638652
            ],
            [
              76.00044255962354,
              12.55314809997655
            ],
            [
              75.99007839181233,
              12.55314809997655
            ],
            [
              75.99007839181233,
              12.545122695638652
            ]
          ]
        ]
      },
      "properties": {
        "cluster_id": "6933:7332:1588",
        "split": "train",
        "chips": 30,
        "empty_chips": 14,
        "prior_observed": false
      }
    },
    {
      "type": "Feature",
      "id": "6933:7332:1590",
      "geometry": {
        "type": "Polygon",
        "coordinates": [
          [
            [
              75.99007839181233,
              12.561173748238705
            ],
            [
              76.00044255962354,
              12.561173748238705
            ],
            [
              76.00044255962354,
              12.56919964060142
            ],
            [
              75.99007839181233,
              12.56919964060142
            ],
            [
              75.99007839181233,
              12.561173748238705
            ]
          ]
        ]
      },
      "properties": {
        "cluster_id": "6933:7332:1590",
        "split": "train",
        "chips": 18,
        "empty_chips": 2,
        "prior_observed": false
      }
    },
    {
      "type": "Feature",
      "id": "6933:7332:1591",
      "geometry": {
        "type": "Polygon",
        "coordinates": [
          [
            [
              75.99007839181233,
              12.56919964060142
            ],
            [
              76.00044255962354,
              12.56919964060142
            ],
            [
              76.00044255962354,
              12.577225777241036
            ],
            [
              75.99007839181233,
              12.577225777241036
            ],
            [
              75.99007839181233,
              12.56919964060142
            ]
          ]
        ]
      },
      "properties": {
        "cluster_id": "6933:7332:1591",
        "split": "train",
        "chips": 42,
        "empty_chips": 11,
        "prior_observed": false
      }
    },
    {
      "type": "Feature",
      "id": "6933:7332:1599",
      "geometry": {
        "type": "Polygon",
        "coordinates": [
          [
            [
              75.99007839181233,
              12.633415588294348
            ],
            [
              76.00044255962354,
              12.633415588294348
            ],
            [
              76.00044255962354,
              12.641443685503187
            ],
            [
              75.99007839181233,
              12.641443685503187
            ],
            [
              75.99007839181233,
              12.633415588294348
            ]
          ]
        ]
      },
      "properties": {
        "cluster_id": "6933:7332:1599",
        "split": "holdout",
        "chips": 29,
        "empty_chips": 13,
        "prior_observed": false
      }
    },
    {
      "type": "Feature",
      "id": "6933:7332:1600",
      "geometry": {
        "type": "Polygon",
        "coordinates": [
          [
            [
              75.99007839181233,
              12.641443685503187
            ],
            [
              76.00044255962354,
              12.641443685503187
            ],
            [
              76.00044255962354,
              12.649472028578124
            ],
            [
              75.99007839181233,
              12.649472028578124
            ],
            [
              75.99007839181233,
              12.641443685503187
            ]
          ]
        ]
      },
      "properties": {
        "cluster_id": "6933:7332:1600",
        "split": "train",
        "chips": 70,
        "empty_chips": 22,
        "prior_observed": false
      }
    },
    {
      "type": "Feature",
      "id": "6933:7332:1614",
      "geometry": {
        "type": "Polygon",
        "coordinates": [
          [
            [
              75.99007839181233,
              12.753862942881552
            ],
            [
              76.00044255962354,
              12.753862942881552
            ],
            [
              76.00044255962354,
              12.761894746668661
            ],
            [
              75.99007839181233,
              12.761894746668661
            ],
            [
              75.99007839181233,
              12.753862942881552
            ]
          ]
        ]
      },
      "properties": {
        "cluster_id": "6933:7332:1614",
        "split": "train",
        "chips": 14,
        "empty_chips": 3,
        "prior_observed": false
      }
    },
    {
      "type": "Feature",
      "id": "6933:7332:1621",
      "geometry": {
        "type": "Polygon",
        "coordinates": [
          [
            [
              75.99007839181233,
              12.810090794594249
            ],
            [
              76.00044255962354,
              12.810090794594249
            ],
            [
              76.00044255962354,
              12.818124341773652
            ],
            [
              75.99007839181233,
              12.818124341773652
            ],
            [
              75.99007839181233,
              12.810090794594249
            ]
          ]
        ]
      },
      "properties": {
        "cluster_id": "6933:7332:1621",
        "split": "train",
        "chips": 2,
        "empty_chips": 2,
        "prior_observed": false
      }
    },
    {
      "type": "Feature",
      "id": "6933:7332:1622",
      "geometry": {
        "type": "Polygon",
        "coordinates": [
          [
            [
              75.99007839181233,
              12.818124341773652
            ],
            [
              76.00044255962354,
              12.818124341773652
            ],
            [
              76.00044255962354,
              12.826158138719945
            ],
            [
              75.99007839181233,
              12.826158138719945
            ],
            [
              75.99007839181233,
              12.818124341773652
            ]
          ]
        ]
      },
      "properties": {
        "cluster_id": "6933:7332:1622",
        "split": "holdout",
        "chips": 3,
        "empty_chips": 0,
        "prior_observed": false
      }
    },
    {
      "type": "Feature",
      "id": "6933:7332:1641",
      "geometry": {
        "type": "Polygon",
        "coordinates": [
          [
            [
              75.99007839181233,
              12.97080939688025
            ],
            [
              76.00044255962354,
              12.97080939688025
            ],
            [
              76.00044255962354,
              12.978847973244926
            ],
            [
              75.99007839181233,
              12.978847973244926
            ],
            [
              75.99007839181233,
              12.97080939688025
            ]
          ]
        ]
      },
      "properties": {
        "cluster_id": "6933:7332:1641",
        "split": "train",
        "chips": 45,
        "empty_chips": 0,
        "prior_observed": false
      }
    },
    {
      "type": "Feature",
      "id": "6933:7332:1642",
      "geometry": {
        "type": "Polygon",
        "coordinates": [
          [
            [
              75.99007839181233,
              12.978847973244926
            ],
            [
              76.00044255962354,
              12.978847973244926
            ],
            [
              76.00044255962354,
              12.98688680294277
            ],
            [
              75.99007839181233,
              12.98688680294277
            ],
            [
              75.99007839181233,
              12.978847973244926
            ]
          ]
        ]
      },
      "properties": {
        "cluster_id": "6933:7332:1642",
        "split": "train",
        "chips": 29,
        "empty_chips": 1,
        "prior_observed": false
      }
    },
    {
      "type": "Feature",
      "id": "6933:7333:1567",
      "geometry": {
        "type": "Polygon",
        "coordinates": [
          [
            [
              76.00044255962354,
              12.376645239315925
            ],
            [
              76.01080672743475,
              12.376645239315925
            ],
            [
              76.01080672743475,
              12.384665561887156
            ],
            [
              76.00044255962354,
              12.384665561887156
            ],
            [
              76.00044255962354,
              12.376645239315925
            ]
          ]
        ]
      },
      "properties": {
        "cluster_id": "6933:7333:1567",
        "split": "train",
        "chips": 27,
        "empty_chips": 6,
        "prior_observed": false
      }
    },
    {
      "type": "Feature",
      "id": "6933:7333:1568",
      "geometry": {
        "type": "Polygon",
        "coordinates": [
          [
            [
              76.00044255962354,
              12.384665561887156
            ],
            [
              76.01080672743475,
              12.384665561887156
            ],
            [
              76.01080672743475,
              12.392686124691073
            ],
            [
              76.00044255962354,
              12.392686124691073
            ],
            [
              76.00044255962354,
              12.384665561887156
            ]
          ]
        ]
      },
      "properties": {
        "cluster_id": "6933:7333:1568",
        "split": "train",
        "chips": 2,
        "empty_chips": 1,
        "prior_observed": false
      }
    },
    {
      "type": "Feature",
      "id": "6933:7333:1569",
      "geometry": {
        "type": "Polygon",
        "coordinates": [
          [
            [
              76.00044255962354,
              12.392686124691073
            ],
            [
              76.01080672743475,
              12.392686124691073
            ],
            [
              76.01080672743475,
              12.400706927903002
            ],
            [
              76.00044255962354,
              12.400706927903002
            ],
            [
              76.00044255962354,
              12.392686124691073
            ]
          ]
        ]
      },
      "properties": {
        "cluster_id": "6933:7333:1569",
        "split": "train",
        "chips": 12,
        "empty_chips": 3,
        "prior_observed": false
      }
    },
    {
      "type": "Feature",
      "id": "6933:7333:1570",
      "geometry": {
        "type": "Polygon",
        "coordinates": [
          [
            [
              76.00044255962354,
              12.400706927903002
            ],
            [
              76.01080672743475,
              12.400706927903002
            ],
            [
              76.01080672743475,
              12.408727971698324
            ],
            [
              76.00044255962354,
              12.408727971698324
            ],
            [
              76.00044255962354,
              12.400706927903002
            ]
          ]
        ]
      },
      "properties": {
        "cluster_id": "6933:7333:1570",
        "split": "train",
        "chips": 10,
        "empty_chips": 1,
        "prior_observed": false
      }
    },
    {
      "type": "Feature",
      "id": "6933:7333:1571",
      "geometry": {
        "type": "Polygon",
        "coordinates": [
          [
            [
              76.00044255962354,
              12.408727971698324
            ],
            [
              76.01080672743475,
              12.408727971698324
            ],
            [
              76.01080672743475,
              12.41674925625246
            ],
            [
              76.00044255962354,
              12.41674925625246
            ],
            [
              76.00044255962354,
              12.408727971698324
            ]
          ]
        ]
      },
      "properties": {
        "cluster_id": "6933:7333:1571",
        "split": "train",
        "chips": 15,
        "empty_chips": 3,
        "prior_observed": false
      }
    },
    {
      "type": "Feature",
      "id": "6933:7333:1575",
      "geometry": {
        "type": "Polygon",
        "coordinates": [
          [
            [
              76.00044255962354,
              12.440814556222636
            ],
            [
              76.01080672743475,
              12.440814556222636
            ],
            [
              76.01080672743475,
              12.448836805567145
            ],
            [
              76.00044255962354,
              12.448836805567145
            ],
            [
              76.00044255962354,
              12.440814556222636
            ]
          ]
        ]
      },
      "properties": {
        "cluster_id": "6933:7333:1575",
        "split": "train",
        "chips": 26,
        "empty_chips": 8,
        "prior_observed": false
      }
    },
    {
      "type": "Feature",
      "id": "6933:7333:1587",
      "geometry": {
        "type": "Polygon",
        "coordinates": [
          [
            [
              76.00044255962354,
              12.537097535048764
            ],
            [
              76.01080672743475,
              12.537097535048764
            ],
            [
              76.01080672743475,
              12.545122695638652
            ],
            [
              76.00044255962354,
              12.545122695638652
            ],
            [
              76.00044255962354,
              12.537097535048764
            ]
          ]
        ]
      },
      "properties": {
        "cluster_id": "6933:7333:1587",
        "split": "train",
        "chips": 5,
        "empty_chips": 3,
        "prior_observed": false
      }
    },
    {
      "type": "Feature",
      "id": "6933:7333:1588",
      "geometry": {
        "type": "Polygon",
        "coordinates": [
          [
            [
              76.00044255962354,
              12.545122695638652
            ],
            [
              76.01080672743475,
              12.545122695638652
            ],
            [
              76.01080672743475,
              12.55314809997655
            ],
            [
              76.00044255962354,
              12.55314809997655
            ],
            [
              76.00044255962354,
              12.545122695638652
            ]
          ]
        ]
      },
      "properties": {
        "cluster_id": "6933:7333:1588",
        "split": "train",
        "chips": 55,
        "empty_chips": 15,
        "prior_observed": false
      }
    },
    {
      "type": "Feature",
      "id": "6933:7333:1590",
      "geometry": {
        "type": "Polygon",
        "coordinates": [
          [
            [
              76.00044255962354,
              12.561173748238705
            ],
            [
              76.01080672743475,
              12.561173748238705
            ],
            [
              76.01080672743475,
              12.56919964060142
            ],
            [
              76.00044255962354,
              12.56919964060142
            ],
            [
              76.00044255962354,
              12.561173748238705
            ]
          ]
        ]
      },
      "properties": {
        "cluster_id": "6933:7333:1590",
        "split": "train",
        "chips": 60,
        "empty_chips": 17,
        "prior_observed": false
      }
    },
    {
      "type": "Feature",
      "id": "6933:7333:1591",
      "geometry": {
        "type": "Polygon",
        "coordinates": [
          [
            [
              76.00044255962354,
              12.56919964060142
            ],
            [
              76.01080672743475,
              12.56919964060142
            ],
            [
              76.01080672743475,
              12.577225777241036
            ],
            [
              76.00044255962354,
              12.577225777241036
            ],
            [
              76.00044255962354,
              12.56919964060142
            ]
          ]
        ]
      },
      "properties": {
        "cluster_id": "6933:7333:1591",
        "split": "holdout",
        "chips": 16,
        "empty_chips": 12,
        "prior_observed": false
      }
    },
    {
      "type": "Feature",
      "id": "6933:7333:1592",
      "geometry": {
        "type": "Polygon",
        "coordinates": [
          [
            [
              76.00044255962354,
              12.577225777241036
            ],
            [
              76.01080672743475,
              12.577225777241036
            ],
            [
              76.01080672743475,
              12.585252158333947
            ],
            [
              76.00044255962354,
              12.585252158333947
            ],
            [
              76.00044255962354,
              12.577225777241036
            ]
          ]
        ]
      },
      "properties": {
        "cluster_id": "6933:7333:1592",
        "split": "train",
        "chips": 28,
        "empty_chips": 6,
        "prior_observed": false
      }
    },
    {
      "type": "Feature",
      "id": "6933:7333:1593",
      "geometry": {
        "type": "Polygon",
        "coordinates": [
          [
            [
              76.00044255962354,
              12.585252158333947
            ],
            [
              76.01080672743475,
              12.585252158333947
            ],
            [
              76.01080672743475,
              12.593278784056588
            ],
            [
              76.00044255962354,
              12.593278784056588
            ],
            [
              76.00044255962354,
              12.585252158333947
            ]
          ]
        ]
      },
      "properties": {
        "cluster_id": "6933:7333:1593",
        "split": "holdout",
        "chips": 5,
        "empty_chips": 1,
        "prior_observed": false
      }
    },
    {
      "type": "Feature",
      "id": "6933:7333:1594",
      "geometry": {
        "type": "Polygon",
        "coordinates": [
          [
            [
              76.00044255962354,
              12.593278784056588
            ],
            [
              76.01080672743475,
              12.593278784056588
            ],
            [
              76.01080672743475,
              12.601305654585447
            ],
            [
              76.00044255962354,
              12.601305654585447
            ],
            [
              76.00044255962354,
              12.593278784056588
            ]
          ]
        ]
      },
      "properties": {
        "cluster_id": "6933:7333:1594",
        "split": "train",
        "chips": 32,
        "empty_chips": 4,
        "prior_observed": false
      }
    },
    {
      "type": "Feature",
      "id": "6933:7333:1614",
      "geometry": {
        "type": "Polygon",
        "coordinates": [
          [
            [
              76.00044255962354,
              12.753862942881552
            ],
            [
              76.01080672743475,
              12.753862942881552
            ],
            [
              76.01080672743475,
              12.761894746668661
            ],
            [
              76.00044255962354,
              12.761894746668661
            ],
            [
              76.00044255962354,
              12.753862942881552
            ]
          ]
        ]
      },
      "properties": {
        "cluster_id": "6933:7333:1614",
        "split": "holdout",
        "chips": 17,
        "empty_chips": 2,
        "prior_observed": false
      }
    },
    {
      "type": "Feature",
      "id": "6933:7333:1615",
      "geometry": {
        "type": "Polygon",
        "coordinates": [
          [
            [
              76.00044255962354,
              12.761894746668661
            ],
            [
              76.01080672743475,
              12.761894746668661
            ],
            [
              76.01080672743475,
              12.769926798979004
            ],
            [
              76.00044255962354,
              12.769926798979004
            ],
            [
              76.00044255962354,
              12.761894746668661
            ]
          ]
        ]
      },
      "properties": {
        "cluster_id": "6933:7333:1615",
        "split": "train",
        "chips": 15,
        "empty_chips": 4,
        "prior_observed": false
      }
    },
    {
      "type": "Feature",
      "id": "6933:7333:1616",
      "geometry": {
        "type": "Polygon",
        "coordinates": [
          [
            [
              76.00044255962354,
              12.769926798979004
            ],
            [
              76.01080672743475,
              12.769926798979004
            ],
            [
              76.01080672743475,
              12.777959099990111
            ],
            [
              76.00044255962354,
              12.777959099990111
            ],
            [
              76.00044255962354,
              12.769926798979004
            ]
          ]
        ]
      },
      "properties": {
        "cluster_id": "6933:7333:1616",
        "split": "holdout",
        "chips": 2,
        "empty_chips": 1,
        "prior_observed": false
      }
    },
    {
      "type": "Feature",
      "id": "6933:7333:1621",
      "geometry": {
        "type": "Polygon",
        "coordinates": [
          [
            [
              76.00044255962354,
              12.810090794594249
            ],
            [
              76.01080672743475,
              12.810090794594249
            ],
            [
              76.01080672743475,
              12.818124341773652
            ],
            [
              76.00044255962354,
              12.818124341773652
            ],
            [
              76.00044255962354,
              12.810090794594249
            ]
          ]
        ]
      },
      "properties": {
        "cluster_id": "6933:7333:1621",
        "split": "train",
        "chips": 22,
        "empty_chips": 8,
        "prior_observed": false
      }
    },
    {
      "type": "Feature",
      "id": "6933:7333:1622",
      "geometry": {
        "type": "Polygon",
        "coordinates": [
          [
            [
              76.00044255962354,
              12.818124341773652
            ],
            [
              76.01080672743475,
              12.818124341773652
            ],
            [
              76.01080672743475,
              12.826158138719945
            ],
            [
              76.00044255962354,
              12.826158138719945
            ],
            [
              76.00044255962354,
              12.818124341773652
            ]
          ]
        ]
      },
      "properties": {
        "cluster_id": "6933:7333:1622",
        "split": "holdout",
        "chips": 16,
        "empty_chips": 7,
        "prior_observed": false
      }
    },
    {
      "type": "Feature",
      "id": "6933:7333:1642",
      "geometry": {
        "type": "Polygon",
        "coordinates": [
          [
            [
              76.00044255962354,
              12.978847973244926
            ],
            [
              76.01080672743475,
              12.978847973244926
            ],
            [
              76.01080672743475,
              12.98688680294277
            ],
            [
              76.00044255962354,
              12.98688680294277
            ],
            [
              76.00044255962354,
              12.978847973244926
            ]
          ]
        ]
      },
      "properties": {
        "cluster_id": "6933:7333:1642",
        "split": "train",
        "chips": 6,
        "empty_chips": 0,
        "prior_observed": false
      }
    },
    {
      "type": "Feature",
      "id": "6933:7334:1560",
      "geometry": {
        "type": "Polygon",
        "coordinates": [
          [
            [
              76.01080672743475,
              12.320509693114374
            ],
            [
              76.02117089524597,
              12.320509693114374
            ],
            [
              76.02117089524597,
              12.328528338962213
            ],
            [
              76.01080672743475,
              12.328528338962213
            ],
            [
              76.01080672743475,
              12.320509693114374
            ]
          ]
        ]
      },
      "properties": {
        "cluster_id": "6933:7334:1560",
        "split": "train",
        "chips": 2,
        "empty_chips": 1,
        "prior_observed": false
      }
    },
    {
      "type": "Feature",
      "id": "6933:7334:1561",
      "geometry": {
        "type": "Polygon",
        "coordinates": [
          [
            [
              76.01080672743475,
              12.328528338962213
            ],
            [
              76.02117089524597,
              12.328528338962213
            ],
            [
              76.02117089524597,
              12.336547223816703
            ],
            [
              76.01080672743475,
              12.336547223816703
            ],
            [
              76.01080672743475,
              12.328528338962213
            ]
          ]
        ]
      },
      "properties": {
        "cluster_id": "6933:7334:1561",
        "split": "train",
        "chips": 8,
        "empty_chips": 2,
        "prior_observed": false
      }
    },
    {
      "type": "Feature",
      "id": "6933:7334:1567",
      "geometry": {
        "type": "Polygon",
        "coordinates": [
          [
            [
              76.01080672743475,
              12.376645239315925
            ],
            [
              76.02117089524597,
              12.376645239315925
            ],
            [
              76.02117089524597,
              12.384665561887156
            ],
            [
              76.01080672743475,
              12.384665561887156
            ],
            [
              76.01080672743475,
              12.376645239315925
            ]
          ]
        ]
      },
      "properties": {
        "cluster_id": "6933:7334:1567",
        "split": "holdout",
        "chips": 13,
        "empty_chips": 3,
        "prior_observed": false
      }
    },
    {
      "type": "Feature",
      "id": "6933:7334:1570",
      "geometry": {
        "type": "Polygon",
        "coordinates": [
          [
            [
              76.01080672743475,
              12.400706927903002
            ],
            [
              76.02117089524597,
              12.400706927903002
            ],
            [
              76.02117089524597,
              12.408727971698324
            ],
            [
              76.01080672743475,
              12.408727971698324
            ],
            [
              76.01080672743475,
              12.400706927903002
            ]
          ]
        ]
      },
      "properties": {
        "cluster_id": "6933:7334:1570",
        "split": "train",
        "chips": 3,
        "empty_chips": 2,
        "prior_observed": false
      }
    },
    {
      "type": "Feature",
      "id": "6933:7334:1571",
      "geometry": {
        "type": "Polygon",
        "coordinates": [
          [
            [
              76.01080672743475,
              12.408727971698324
            ],
            [
              76.02117089524597,
              12.408727971698324
            ],
            [
              76.02117089524597,
              12.41674925625246
            ],
            [
              76.01080672743475,
              12.41674925625246
            ],
            [
              76.01080672743475,
              12.408727971698324
            ]
          ]
        ]
      },
      "properties": {
        "cluster_id": "6933:7334:1571",
        "split": "train",
        "chips": 45,
        "empty_chips": 21,
        "prior_observed": false
      }
    },
    {
      "type": "Feature",
      "id": "6933:7334:1592",
      "geometry": {
        "type": "Polygon",
        "coordinates": [
          [
            [
              76.01080672743475,
              12.577225777241036
            ],
            [
              76.02117089524597,
              12.577225777241036
            ],
            [
              76.02117089524597,
              12.585252158333947
            ],
            [
              76.01080672743475,
              12.585252158333947
            ],
            [
              76.01080672743475,
              12.577225777241036
            ]
          ]
        ]
      },
      "properties": {
        "cluster_id": "6933:7334:1592",
        "split": "train",
        "chips": 20,
        "empty_chips": 2,
        "prior_observed": false
      }
    },
    {
      "type": "Feature",
      "id": "6933:7334:1594",
      "geometry": {
        "type": "Polygon",
        "coordinates": [
          [
            [
              76.01080672743475,
              12.593278784056588
            ],
            [
              76.02117089524597,
              12.593278784056588
            ],
            [
              76.02117089524597,
              12.601305654585447
            ],
            [
              76.01080672743475,
              12.601305654585447
            ],
            [
              76.01080672743475,
              12.593278784056588
            ]
          ]
        ]
      },
      "properties": {
        "cluster_id": "6933:7334:1594",
        "split": "holdout",
        "chips": 9,
        "empty_chips": 2,
        "prior_observed": false
      }
    },
    {
      "type": "Feature",
      "id": "6933:7334:1615",
      "geometry": {
        "type": "Polygon",
        "coordinates": [
          [
            [
              76.01080672743475,
              12.761894746668661
            ],
            [
              76.02117089524597,
              12.761894746668661
            ],
            [
              76.02117089524597,
              12.769926798979004
            ],
            [
              76.01080672743475,
              12.769926798979004
            ],
            [
              76.01080672743475,
              12.761894746668661
            ]
          ]
        ]
      },
      "properties": {
        "cluster_id": "6933:7334:1615",
        "split": "train",
        "chips": 12,
        "empty_chips": 1,
        "prior_observed": false
      }
    },
    {
      "type": "Feature",
      "id": "6933:7334:1616",
      "geometry": {
        "type": "Polygon",
        "coordinates": [
          [
            [
              76.01080672743475,
              12.769926798979004
            ],
            [
              76.02117089524597,
              12.769926798979004
            ],
            [
              76.02117089524597,
              12.777959099990111
            ],
            [
              76.01080672743475,
              12.777959099990111
            ],
            [
              76.01080672743475,
              12.769926798979004
            ]
          ]
        ]
      },
      "properties": {
        "cluster_id": "6933:7334:1616",
        "split": "train",
        "chips": 3,
        "empty_chips": 0,
        "prior_observed": false
      }
    }
  ]
}
