{
  "type": "FeatureCollection",
  "crs": {
    "type": "name",
    "properties": {
      "name": "LOCAL-NEEM-REFERENCE-M"
    }
  },
  "features": [
    {
      "type": "Feature",
      "id": "B01-FB",
      "properties": {
        "level": -1,
        "buildingId": "B01",
        "floor_id": "B01-FB",
        "name": "Basement",
        "classification": "synthetic",
        "source_revision": "source-showcase-1",
        "geometry_status": "authored_synthetic",
        "geometry_note": "Author-provided fictional geometry; not AI extraction or survey evidence.",
        "geometry_id": "G-B01-FB-v1",
        "geometry_revision": 1,
        "base_elevation_m": -3.1,
        "height_m": 3.1,
        "vertical_reference": "DEMO-BM-01 fictional zero datum; not national MSL",
        "building_id": "B01",
        "internal_3d_id": "DEMO-3D-DENSE-B01:-1"
      },
      "geometry": {
        "type": "Polygon",
        "coordinates": [
          [
            [
              40,
              37.0
            ],
            [
              56,
              37.0
            ],
            [
              56,
              54.0
            ],
            [
              50,
              54.0
            ],
            [
              50,
              52.11111111
            ],
            [
              40,
              52.11111111
            ],
            [
              40,
              37.0
            ]
          ]
        ]
      }
    },
    {
      "type": "Feature",
      "id": "B01-F0",
      "properties": {
        "level": 0,
        "buildingId": "B01",
        "floor_id": "B01-F0",
        "name": "Ground floor",
        "classification": "synthetic",
        "source_revision": "source-showcase-1",
        "geometry_status": "authored_synthetic",
        "geometry_note": "Author-provided fictional geometry; not AI extraction or survey evidence.",
        "geometry_id": "G-B01-F0-v1",
        "geometry_revision": 1,
        "base_elevation_m": 0.0,
        "height_m": 3.1,
        "vertical_reference": "DEMO-BM-01 fictional zero datum; not national MSL",
        "building_id": "B01",
        "internal_3d_id": "DEMO-3D-DENSE-B01:0"
      },
      "geometry": {
        "type": "Polygon",
        "coordinates": [
          [
            [
              40,
              37.0
            ],
            [
              56,
              37.0
            ],
            [
              56,
              54.0
            ],
            [
              50,
              54.0
            ],
            [
              50,
              52.11111111
            ],
            [
              40,
              52.11111111
            ],
            [
              40,
              37.0
            ]
          ]
        ]
      }
    },
    {
      "type": "Feature",
      "id": "B01-F1",
      "properties": {
        "level": 1,
        "buildingId": "B01",
        "floor_id": "B01-F1",
        "name": "Floor 1",
        "classification": "synthetic",
        "source_revision": "source-showcase-1",
        "geometry_status": "authored_synthetic",
        "geometry_note": "Author-provided fictional geometry; not AI extraction or survey evidence.",
        "geometry_id": "G-B01-F1-v1",
        "geometry_revision": 1,
        "base_elevation_m": 3.1,
        "height_m": 3.1,
        "vertical_reference": "DEMO-BM-01 fictional zero datum; not national MSL",
        "building_id": "B01",
        "internal_3d_id": "DEMO-3D-DENSE-B01:1"
      },
      "geometry": {
        "type": "Polygon",
        "coordinates": [
          [
            [
              40,
              37.0
            ],
            [
              56,
              37.0
            ],
            [
              56,
              54.0
            ],
            [
              50,
              54.0
            ],
            [
              50,
              52.11111111
            ],
            [
              40,
              52.11111111
            ],
            [
              40,
              37.0
            ]
          ]
        ]
      }
    },
    {
      "type": "Feature",
      "id": "B01-F2",
      "properties": {
        "level": 2,
        "buildingId": "B01",
        "floor_id": "B01-F2",
        "name": "Floor 2",
        "classification": "synthetic",
        "source_revision": "source-showcase-1",
        "geometry_status": "authored_synthetic",
        "geometry_note": "Author-provided fictional geometry; not AI extraction or survey evidence.",
        "geometry_id": "G-B01-F2-v1",
        "geometry_revision": 1,
        "base_elevation_m": 6.2,
        "height_m": 3.1,
        "vertical_reference": "DEMO-BM-01 fictional zero datum; not national MSL",
        "building_id": "B01",
        "internal_3d_id": "DEMO-3D-DENSE-B01:2"
      },
      "geometry": {
        "type": "Polygon",
        "coordinates": [
          [
            [
              40,
              37.0
            ],
            [
              56,
              37.0
            ],
            [
              56,
              54.0
            ],
            [
              50,
              54.0
            ],
            [
              50,
              52.11111111
            ],
            [
              40,
              52.11111111
            ],
            [
              40,
              37.0
            ]
          ]
        ]
      }
    },
    {
      "type": "Feature",
      "id": "B01-F3",
      "properties": {
        "level": 3,
        "buildingId": "B01",
        "floor_id": "B01-F3",
        "name": "Floor 3",
        "classification": "synthetic",
        "source_revision": "source-showcase-1",
        "geometry_status": "authored_synthetic",
        "geometry_note": "Author-provided fictional geometry; not AI extraction or survey evidence.",
        "geometry_id": "G-B01-F3-v1",
        "geometry_revision": 1,
        "base_elevation_m": 9.3,
        "height_m": 3.1,
        "vertical_reference": "DEMO-BM-01 fictional zero datum; not national MSL",
        "building_id": "B01",
        "internal_3d_id": "DEMO-3D-DENSE-B01:3"
      },
      "geometry": {
        "type": "Polygon",
        "coordinates": [
          [
            [
              40,
              37.0
            ],
            [
              56,
              37.0
            ],
            [
              56,
              54.0
            ],
            [
              50,
              54.0
            ],
            [
              50,
              52.11111111
            ],
            [
              40,
              52.11111111
            ],
            [
              40,
              37.0
            ]
          ]
        ]
      }
    },
    {
      "type": "Feature",
      "id": "B01-F4",
      "properties": {
        "level": 4,
        "buildingId": "B01",
        "floor_id": "B01-F4",
        "name": "Floor 4",
        "classification": "synthetic",
        "source_revision": "source-showcase-1",
        "geometry_status": "authored_synthetic",
        "geometry_note": "Author-provided fictional geometry; not AI extraction or survey evidence.",
        "geometry_id": "G-B01-F4-v1",
        "geometry_revision": 1,
        "base_elevation_m": 12.4,
        "height_m": 3.1,
        "vertical_reference": "DEMO-BM-01 fictional zero datum; not national MSL",
        "building_id": "B01",
        "internal_3d_id": "DEMO-3D-DENSE-B01:4"
      },
      "geometry": {
        "type": "Polygon",
        "coordinates": [
          [
            [
              40,
              37.0
            ],
            [
              56,
              37.0
            ],
            [
              56,
              54.0
            ],
            [
              50,
              54.0
            ],
            [
              50,
              52.11111111
            ],
            [
              40,
              52.11111111
            ],
            [
              40,
              37.0
            ]
          ]
        ]
      }
    },
    {
      "type": "Feature",
      "id": "B02-SHOWCASE-F0",
      "properties": {
        "level": 0,
        "buildingId": "B02",
        "floor_id": "B02-SHOWCASE-F0",
        "name": "Ground floor",
        "classification": "synthetic",
        "source_revision": "source-showcase-1",
        "geometry_status": "authored_synthetic",
        "geometry_note": "Author-provided fictional geometry; not AI extraction or survey evidence.",
        "geometry_id": "B02-SHOWCASE-F0-shape-v1",
        "geometry_revision": 1,
        "base_elevation_m": 0.0,
        "height_m": 3.1,
        "vertical_reference": "DEMO-BM-01 fictional zero datum; not national MSL",
        "building_id": "B02",
        "internal_3d_id": "DEMO-3D-DENSE-B02:0"
      },
      "geometry": {
        "type": "Polygon",
        "coordinates": [
          [
            [
              0,
              0.2
            ],
            [
              8,
              0.2
            ],
            [
              8,
              16
            ],
            [
              0,
              16
            ],
            [
              0,
              0.2
            ]
          ]
        ]
      }
    },
    {
      "type": "Feature",
      "id": "B02-SHOWCASE-F1",
      "properties": {
        "level": 1,
        "buildingId": "B02",
        "floor_id": "B02-SHOWCASE-F1",
        "name": "Floor 1",
        "classification": "synthetic",
        "source_revision": "source-showcase-1",
        "geometry_status": "authored_synthetic",
        "geometry_note": "Author-provided fictional geometry; not AI extraction or survey evidence.",
        "geometry_id": "B02-SHOWCASE-F1-shape-v1",
        "geometry_revision": 1,
        "base_elevation_m": 3.1,
        "height_m": 3.1,
        "vertical_reference": "DEMO-BM-01 fictional zero datum; not national MSL",
        "building_id": "B02",
        "internal_3d_id": "DEMO-3D-DENSE-B02:1"
      },
      "geometry": {
        "type": "Polygon",
        "coordinates": [
          [
            [
              0,
              0.2
            ],
            [
              8,
              0.2
            ],
            [
              8,
              16
            ],
            [
              0,
              16
            ],
            [
              0,
              0.2
            ]
          ]
        ]
      }
    },
    {
      "type": "Feature",
      "id": "B02-SHOWCASE-F2",
      "properties": {
        "level": 2,
        "buildingId": "B02",
        "floor_id": "B02-SHOWCASE-F2",
        "name": "Floor 2",
        "classification": "synthetic",
        "source_revision": "source-showcase-1",
        "geometry_status": "authored_synthetic",
        "geometry_note": "Author-provided fictional geometry; not AI extraction or survey evidence.",
        "geometry_id": "B02-SHOWCASE-F2-shape-v1",
        "geometry_revision": 1,
        "base_elevation_m": 6.2,
        "height_m": 3.1,
        "vertical_reference": "DEMO-BM-01 fictional zero datum; not national MSL",
        "building_id": "B02",
        "internal_3d_id": "DEMO-3D-DENSE-B02:2"
      },
      "geometry": {
        "type": "Polygon",
        "coordinates": [
          [
            [
              0,
              0.2
            ],
            [
              8,
              0.2
            ],
            [
              8,
              16
            ],
            [
              0,
              16
            ],
            [
              0,
              0.2
            ]
          ]
        ]
      }
    },
    {
      "type": "Feature",
      "id": "B02-SHOWCASE-F3",
      "properties": {
        "level": 3,
        "buildingId": "B02",
        "floor_id": "B02-SHOWCASE-F3",
        "name": "Floor 3",
        "classification": "synthetic",
        "source_revision": "source-showcase-1",
        "geometry_status": "authored_synthetic",
        "geometry_note": "Author-provided fictional geometry; not AI extraction or survey evidence.",
        "geometry_id": "B02-SHOWCASE-F3-shape-v1",
        "geometry_revision": 1,
        "base_elevation_m": 9.3,
        "height_m": 3.1,
        "vertical_reference": "DEMO-BM-01 fictional zero datum; not national MSL",
        "building_id": "B02",
        "internal_3d_id": "DEMO-3D-DENSE-B02:3"
      },
      "geometry": {
        "type": "Polygon",
        "coordinates": [
          [
            [
              0,
              0.2
            ],
            [
              8,
              0.2
            ],
            [
              8,
              16
            ],
            [
              0,
              16
            ],
            [
              0,
              0.2
            ]
          ]
        ]
      }
    },
    {
      "type": "Feature",
      "id": "B02-SHOWCASE-F4",
      "properties": {
        "level": 4,
        "buildingId": "B02",
        "floor_id": "B02-SHOWCASE-F4",
        "name": "Floor 4",
        "classification": "synthetic",
        "source_revision": "source-showcase-1",
        "geometry_status": "authored_synthetic",
        "geometry_note": "Author-provided fictional geometry; not AI extraction or survey evidence.",
        "geometry_id": "B02-SHOWCASE-F4-shape-v1",
        "geometry_revision": 1,
        "base_elevation_m": 12.4,
        "height_m": 3.1,
        "vertical_reference": "DEMO-BM-01 fictional zero datum; not national MSL",
        "building_id": "B02",
        "internal_3d_id": "DEMO-3D-DENSE-B02:4"
      },
      "geometry": {
        "type": "Polygon",
        "coordinates": [
          [
            [
              0,
              0.2
            ],
            [
              8,
              0.2
            ],
            [
              8,
              16
            ],
            [
              0,
              16
            ],
            [
              0,
              0.2
            ]
          ]
        ]
      }
    },
    {
      "type": "Feature",
      "id": "B03-SHOWCASE-F0",
      "properties": {
        "level": 0,
        "buildingId": "B03",
        "floor_id": "B03-SHOWCASE-F0",
        "name": "Ground floor",
        "classification": "synthetic",
        "source_revision": "source-showcase-1",
        "geometry_status": "authored_synthetic",
        "geometry_note": "Author-provided fictional geometry; not AI extraction or survey evidence.",
        "geometry_id": "B03-SHOWCASE-F0-shape-v1",
        "geometry_revision": 1,
        "base_elevation_m": 0.0,
        "height_m": 3.1,
        "vertical_reference": "DEMO-BM-01 fictional zero datum; not national MSL",
        "building_id": "B03",
        "internal_3d_id": "DEMO-3D-DENSE-B03:0"
      },
      "geometry": {
        "type": "Polygon",
        "coordinates": [
          [
            [
              7.4,
              0.2
            ],
            [
              15.4,
              0.2
            ],
            [
              15.4,
              16
            ],
            [
              7.4,
              16
            ],
            [
              7.4,
              0.2
            ]
          ]
        ]
      }
    },
    {
      "type": "Feature",
      "id": "B03-SHOWCASE-F1",
      "properties": {
        "level": 1,
        "buildingId": "B03",
        "floor_id": "B03-SHOWCASE-F1",
        "name": "Floor 1",
        "classification": "synthetic",
        "source_revision": "source-showcase-1",
        "geometry_status": "authored_synthetic",
        "geometry_note": "Author-provided fictional geometry; not AI extraction or survey evidence.",
        "geometry_id": "B03-SHOWCASE-F1-shape-v1",
        "geometry_revision": 1,
        "base_elevation_m": 3.1,
        "height_m": 3.1,
        "vertical_reference": "DEMO-BM-01 fictional zero datum; not national MSL",
        "building_id": "B03",
        "internal_3d_id": "DEMO-3D-DENSE-B03:1"
      },
      "geometry": {
        "type": "Polygon",
        "coordinates": [
          [
            [
              7.4,
              0.2
            ],
            [
              15.4,
              0.2
            ],
            [
              15.4,
              16
            ],
            [
              7.4,
              16
            ],
            [
              7.4,
              0.2
            ]
          ]
        ]
      }
    },
    {
      "type": "Feature",
      "id": "B03-SHOWCASE-F2",
      "properties": {
        "level": 2,
        "buildingId": "B03",
        "floor_id": "B03-SHOWCASE-F2",
        "name": "Floor 2",
        "classification": "synthetic",
        "source_revision": "source-showcase-1",
        "geometry_status": "authored_synthetic",
        "geometry_note": "Author-provided fictional geometry; not AI extraction or survey evidence.",
        "geometry_id": "B03-SHOWCASE-F2-shape-v1",
        "geometry_revision": 1,
        "base_elevation_m": 6.2,
        "height_m": 3.1,
        "vertical_reference": "DEMO-BM-01 fictional zero datum; not national MSL",
        "building_id": "B03",
        "internal_3d_id": "DEMO-3D-DENSE-B03:2"
      },
      "geometry": {
        "type": "Polygon",
        "coordinates": [
          [
            [
              7.4,
              0.2
            ],
            [
              15.4,
              0.2
            ],
            [
              15.4,
              16
            ],
            [
              7.4,
              16
            ],
            [
              7.4,
              0.2
            ]
          ]
        ]
      }
    },
    {
      "type": "Feature",
      "id": "B03-SHOWCASE-F3",
      "properties": {
        "level": 3,
        "buildingId": "B03",
        "floor_id": "B03-SHOWCASE-F3",
        "name": "Floor 3",
        "classification": "synthetic",
        "source_revision": "source-showcase-1",
        "geometry_status": "authored_synthetic",
        "geometry_note": "Author-provided fictional geometry; not AI extraction or survey evidence.",
        "geometry_id": "B03-SHOWCASE-F3-shape-v1",
        "geometry_revision": 1,
        "base_elevation_m": 9.3,
        "height_m": 3.1,
        "vertical_reference": "DEMO-BM-01 fictional zero datum; not national MSL",
        "building_id": "B03",
        "internal_3d_id": "DEMO-3D-DENSE-B03:3"
      },
      "geometry": {
        "type": "Polygon",
        "coordinates": [
          [
            [
              7.4,
              0.2
            ],
            [
              15.4,
              0.2
            ],
            [
              15.4,
              16
            ],
            [
              7.4,
              16
            ],
            [
              7.4,
              0.2
            ]
          ]
        ]
      }
    },
    {
      "type": "Feature",
      "id": "B04-SHOWCASE-F0",
      "properties": {
        "level": 0,
        "buildingId": "B04",
        "floor_id": "B04-SHOWCASE-F0",
        "name": "Ground floor",
        "classification": "synthetic",
        "source_revision": "source-showcase-1",
        "geometry_status": "authored_synthetic",
        "geometry_note": "Author-provided fictional geometry; not AI extraction or survey evidence.",
        "geometry_id": "B04-SHOWCASE-F0-shape-v1",
        "geometry_revision": 1,
        "base_elevation_m": 0.0,
        "height_m": 3.1,
        "vertical_reference": "DEMO-BM-01 fictional zero datum; not national MSL",
        "building_id": "B04",
        "internal_3d_id": "DEMO-3D-DENSE-B04:0"
      },
      "geometry": {
        "type": "Polygon",
        "coordinates": [
          [
            [
              16,
              0.25
            ],
            [
              24,
              0.25
            ],
            [
              24,
              16
            ],
            [
              21,
              16
            ],
            [
              21,
              15
            ],
            [
              18,
              15
            ],
            [
              18,
              16
            ],
            [
              16,
              16
            ],
            [
              16,
              0.25
            ]
          ]
        ]
      }
    },
    {
      "type": "Feature",
      "id": "B04-SHOWCASE-F1",
      "properties": {
        "level": 1,
        "buildingId": "B04",
        "floor_id": "B04-SHOWCASE-F1",
        "name": "Floor 1",
        "classification": "synthetic",
        "source_revision": "source-showcase-1",
        "geometry_status": "authored_synthetic",
        "geometry_note": "Author-provided fictional geometry; not AI extraction or survey evidence.",
        "geometry_id": "B04-SHOWCASE-F1-shape-v1",
        "geometry_revision": 1,
        "base_elevation_m": 3.1,
        "height_m": 3.1,
        "vertical_reference": "DEMO-BM-01 fictional zero datum; not national MSL",
        "building_id": "B04",
        "internal_3d_id": "DEMO-3D-DENSE-B04:1"
      },
      "geometry": {
        "type": "Polygon",
        "coordinates": [
          [
            [
              16,
              0.25
            ],
            [
              24,
              0.25
            ],
            [
              24,
              16
            ],
            [
              21,
              16
            ],
            [
              21,
              15
            ],
            [
              18,
              15
            ],
            [
              18,
              16
            ],
            [
              16,
              16
            ],
            [
              16,
              0.25
            ]
          ]
        ]
      }
    },
    {
      "type": "Feature",
      "id": "B04-SHOWCASE-F2",
      "properties": {
        "level": 2,
        "buildingId": "B04",
        "floor_id": "B04-SHOWCASE-F2",
        "name": "Floor 2",
        "classification": "synthetic",
        "source_revision": "source-showcase-1",
        "geometry_status": "authored_synthetic",
        "geometry_note": "Author-provided fictional geometry; not AI extraction or survey evidence.",
        "geometry_id": "B04-SHOWCASE-F2-shape-v1",
        "geometry_revision": 1,
        "base_elevation_m": 6.2,
        "height_m": 3.1,
        "vertical_reference": "DEMO-BM-01 fictional zero datum; not national MSL",
        "building_id": "B04",
        "internal_3d_id": "DEMO-3D-DENSE-B04:2"
      },
      "geometry": {
        "type": "Polygon",
        "coordinates": [
          [
            [
              16,
              0.25
            ],
            [
              24,
              0.25
            ],
            [
              24,
              16
            ],
            [
              21,
              16
            ],
            [
              21,
              15
            ],
            [
              18,
              15
            ],
            [
              18,
              16
            ],
            [
              16,
              16
            ],
            [
              16,
              0.25
            ]
          ]
        ]
      }
    },
    {
      "type": "Feature",
      "id": "B05-SHOWCASE-F0",
      "properties": {
        "level": 0,
        "buildingId": "B05",
        "floor_id": "B05-SHOWCASE-F0",
        "name": "Ground floor",
        "classification": "synthetic",
        "source_revision": "source-showcase-1",
        "geometry_status": "authored_synthetic",
        "geometry_note": "Author-provided fictional geometry; not AI extraction or survey evidence.",
        "geometry_id": "B05-SHOWCASE-F0-shape-v1",
        "geometry_revision": 1,
        "base_elevation_m": 0.0,
        "height_m": 3.1,
        "vertical_reference": "DEMO-BM-01 fictional zero datum; not national MSL",
        "building_id": "B05",
        "internal_3d_id": "DEMO-3D-DENSE-B05:0"
      },
      "geometry": {
        "type": "Polygon",
        "coordinates": [
          [
            [
              24,
              0
            ],
            [
              27,
              0
            ],
            [
              27,
              0.6
            ],
            [
              29,
              0.6
            ],
            [
              29,
              0
            ],
            [
              32,
              0
            ],
            [
              32,
              16
            ],
            [
              24,
              16
            ],
            [
              24,
              0
            ]
          ]
        ]
      }
    },
    {
      "type": "Feature",
      "id": "B05-SHOWCASE-F1",
      "properties": {
        "level": 1,
        "buildingId": "B05",
        "floor_id": "B05-SHOWCASE-F1",
        "name": "Floor 1",
        "classification": "synthetic",
        "source_revision": "source-showcase-1",
        "geometry_status": "authored_synthetic",
        "geometry_note": "Author-provided fictional geometry; not AI extraction or survey evidence.",
        "geometry_id": "B05-SHOWCASE-F1-shape-v1",
        "geometry_revision": 1,
        "base_elevation_m": 3.1,
        "height_m": 3.1,
        "vertical_reference": "DEMO-BM-01 fictional zero datum; not national MSL",
        "building_id": "B05",
        "internal_3d_id": "DEMO-3D-DENSE-B05:1"
      },
      "geometry": {
        "type": "Polygon",
        "coordinates": [
          [
            [
              24,
              0
            ],
            [
              27,
              0
            ],
            [
              27,
              0.6
            ],
            [
              29,
              0.6
            ],
            [
              29,
              0
            ],
            [
              32,
              0
            ],
            [
              32,
              16
            ],
            [
              24,
              16
            ],
            [
              24,
              0
            ]
          ]
        ]
      }
    },
    {
      "type": "Feature",
      "id": "B05-SHOWCASE-F2",
      "properties": {
        "level": 2,
        "buildingId": "B05",
        "floor_id": "B05-SHOWCASE-F2",
        "name": "Floor 2",
        "classification": "synthetic",
        "source_revision": "source-showcase-1",
        "geometry_status": "authored_synthetic",
        "geometry_note": "Author-provided fictional geometry; not AI extraction or survey evidence.",
        "geometry_id": "B05-SHOWCASE-F2-shape-v1",
        "geometry_revision": 1,
        "base_elevation_m": 6.2,
        "height_m": 3.1,
        "vertical_reference": "DEMO-BM-01 fictional zero datum; not national MSL",
        "building_id": "B05",
        "internal_3d_id": "DEMO-3D-DENSE-B05:2"
      },
      "geometry": {
        "type": "Polygon",
        "coordinates": [
          [
            [
              24,
              0
            ],
            [
              27,
              0
            ],
            [
              27,
              0.6
            ],
            [
              29,
              0.6
            ],
            [
              29,
              0
            ],
            [
              32,
              0
            ],
            [
              32,
              16
            ],
            [
              24,
              16
            ],
            [
              24,
              0
            ]
          ]
        ]
      }
    },
    {
      "type": "Feature",
      "id": "B05-SHOWCASE-F3",
      "properties": {
        "level": 3,
        "buildingId": "B05",
        "floor_id": "B05-SHOWCASE-F3",
        "name": "Floor 3",
        "classification": "synthetic",
        "source_revision": "source-showcase-1",
        "geometry_status": "authored_synthetic",
        "geometry_note": "Author-provided fictional geometry; not AI extraction or survey evidence.",
        "geometry_id": "B05-SHOWCASE-F3-shape-v1",
        "geometry_revision": 1,
        "base_elevation_m": 9.3,
        "height_m": 3.1,
        "vertical_reference": "DEMO-BM-01 fictional zero datum; not national MSL",
        "building_id": "B05",
        "internal_3d_id": "DEMO-3D-DENSE-B05:3"
      },
      "geometry": {
        "type": "Polygon",
        "coordinates": [
          [
            [
              24,
              0
            ],
            [
              27,
              0
            ],
            [
              27,
              0.6
            ],
            [
              29,
              0.6
            ],
            [
              29,
              0
            ],
            [
              32,
              0
            ],
            [
              32,
              16
            ],
            [
              24,
              16
            ],
            [
              24,
              0
            ]
          ]
        ]
      }
    },
    {
      "type": "Feature",
      "id": "B06-SHOWCASE-F0",
      "properties": {
        "level": 0,
        "buildingId": "B06",
        "floor_id": "B06-SHOWCASE-F0",
        "name": "Ground floor",
        "classification": "synthetic",
        "source_revision": "source-showcase-1",
        "geometry_status": "authored_synthetic",
        "geometry_note": "Author-provided fictional geometry; not AI extraction or survey evidence.",
        "geometry_id": "B06-SHOWCASE-F0-shape-v1",
        "geometry_revision": 1,
        "base_elevation_m": 0.0,
        "height_m": 3.1,
        "vertical_reference": "DEMO-BM-01 fictional zero datum; not national MSL",
        "building_id": "B06",
        "internal_3d_id": "DEMO-3D-DENSE-B06:0"
      },
      "geometry": {
        "type": "Polygon",
        "coordinates": [
          [
            [
              32,
              0.2
            ],
            [
              40,
              0.2
            ],
            [
              40,
              16
            ],
            [
              32,
              16
            ],
            [
              32,
              0.2
            ]
          ]
        ]
      }
    },
    {
      "type": "Feature",
      "id": "B06-SHOWCASE-F1",
      "properties": {
        "level": 1,
        "buildingId": "B06",
        "floor_id": "B06-SHOWCASE-F1",
        "name": "Floor 1",
        "classification": "synthetic",
        "source_revision": "source-showcase-1",
        "geometry_status": "authored_synthetic",
        "geometry_note": "Author-provided fictional geometry; not AI extraction or survey evidence.",
        "geometry_id": "B06-SHOWCASE-F1-shape-v1",
        "geometry_revision": 1,
        "base_elevation_m": 3.1,
        "height_m": 3.1,
        "vertical_reference": "DEMO-BM-01 fictional zero datum; not national MSL",
        "building_id": "B06",
        "internal_3d_id": "DEMO-3D-DENSE-B06:1"
      },
      "geometry": {
        "type": "Polygon",
        "coordinates": [
          [
            [
              32,
              0.2
            ],
            [
              40,
              0.2
            ],
            [
              40,
              16
            ],
            [
              32,
              16
            ],
            [
              32,
              0.2
            ]
          ]
        ]
      }
    },
    {
      "type": "Feature",
      "id": "B06-SHOWCASE-F2",
      "properties": {
        "level": 2,
        "buildingId": "B06",
        "floor_id": "B06-SHOWCASE-F2",
        "name": "Floor 2",
        "classification": "synthetic",
        "source_revision": "source-showcase-1",
        "geometry_status": "authored_synthetic",
        "geometry_note": "Author-provided fictional geometry; not AI extraction or survey evidence.",
        "geometry_id": "B06-SHOWCASE-F2-shape-v1",
        "geometry_revision": 1,
        "base_elevation_m": 6.2,
        "height_m": 3.1,
        "vertical_reference": "DEMO-BM-01 fictional zero datum; not national MSL",
        "building_id": "B06",
        "internal_3d_id": "DEMO-3D-DENSE-B06:2"
      },
      "geometry": {
        "type": "Polygon",
        "coordinates": [
          [
            [
              32,
              0.2
            ],
            [
              40,
              0.2
            ],
            [
              40,
              16
            ],
            [
              32,
              16
            ],
            [
              32,
              0.2
            ]
          ]
        ]
      }
    },
    {
      "type": "Feature",
      "id": "B06-SHOWCASE-F3",
      "properties": {
        "level": 3,
        "buildingId": "B06",
        "floor_id": "B06-SHOWCASE-F3",
        "name": "Floor 3",
        "classification": "synthetic",
        "source_revision": "source-showcase-1",
        "geometry_status": "authored_synthetic",
        "geometry_note": "Author-provided fictional geometry; not AI extraction or survey evidence.",
        "geometry_id": "B06-SHOWCASE-F3-shape-v1",
        "geometry_revision": 1,
        "base_elevation_m": 9.3,
        "height_m": 3.1,
        "vertical_reference": "DEMO-BM-01 fictional zero datum; not national MSL",
        "building_id": "B06",
        "internal_3d_id": "DEMO-3D-DENSE-B06:3"
      },
      "geometry": {
        "type": "Polygon",
        "coordinates": [
          [
            [
              32,
              0.2
            ],
            [
              40,
              0.2
            ],
            [
              40,
              16
            ],
            [
              32,
              16
            ],
            [
              32,
              0.2
            ]
          ]
        ]
      }
    },
    {
      "type": "Feature",
      "id": "B06-SHOWCASE-F4",
      "properties": {
        "level": 4,
        "buildingId": "B06",
        "floor_id": "B06-SHOWCASE-F4",
        "name": "Floor 4",
        "classification": "synthetic",
        "source_revision": "source-showcase-1",
        "geometry_status": "authored_synthetic",
        "geometry_note": "Author-provided fictional geometry; not AI extraction or survey evidence.",
        "geometry_id": "B06-SHOWCASE-F4-shape-v1",
        "geometry_revision": 1,
        "base_elevation_m": 12.4,
        "height_m": 3.1,
        "vertical_reference": "DEMO-BM-01 fictional zero datum; not national MSL",
        "building_id": "B06",
        "internal_3d_id": "DEMO-3D-DENSE-B06:4"
      },
      "geometry": {
        "type": "Polygon",
        "coordinates": [
          [
            [
              32,
              0.2
            ],
            [
              40,
              0.2
            ],
            [
              40,
              16
            ],
            [
              32,
              16
            ],
            [
              32,
              0.2
            ]
          ]
        ]
      }
    },
    {
      "type": "Feature",
      "id": "B07-SHOWCASE-F0",
      "properties": {
        "level": 0,
        "buildingId": "B07",
        "floor_id": "B07-SHOWCASE-F0",
        "name": "Ground floor",
        "classification": "synthetic",
        "source_revision": "source-showcase-1",
        "geometry_status": "authored_synthetic",
        "geometry_note": "Author-provided fictional geometry; not AI extraction or survey evidence.",
        "geometry_id": "B07-SHOWCASE-F0-shape-v1",
        "geometry_revision": 1,
        "base_elevation_m": 0.0,
        "height_m": 3.1,
        "vertical_reference": "DEMO-BM-01 fictional zero datum; not national MSL",
        "building_id": "B07",
        "internal_3d_id": "DEMO-3D-DENSE-B07:0"
      },
      "geometry": {
        "type": "Polygon",
        "coordinates": [
          [
            [
              40,
              0.2
            ],
            [
              48,
              0.2
            ],
            [
              48,
              16
            ],
            [
              40,
              16
            ],
            [
              40,
              0.2
            ]
          ]
        ]
      }
    },
    {
      "type": "Feature",
      "id": "B07-SHOWCASE-F1",
      "properties": {
        "level": 1,
        "buildingId": "B07",
        "floor_id": "B07-SHOWCASE-F1",
        "name": "Floor 1",
        "classification": "synthetic",
        "source_revision": "source-showcase-1",
        "geometry_status": "authored_synthetic",
        "geometry_note": "Author-provided fictional geometry; not AI extraction or survey evidence.",
        "geometry_id": "B07-SHOWCASE-F1-shape-v1",
        "geometry_revision": 1,
        "base_elevation_m": 3.1,
        "height_m": 3.1,
        "vertical_reference": "DEMO-BM-01 fictional zero datum; not national MSL",
        "building_id": "B07",
        "internal_3d_id": "DEMO-3D-DENSE-B07:1"
      },
      "geometry": {
        "type": "Polygon",
        "coordinates": [
          [
            [
              40,
              0.2
            ],
            [
              48,
              0.2
            ],
            [
              48,
              16
            ],
            [
              40,
              16
            ],
            [
              40,
              0.2
            ]
          ]
        ]
      }
    },
    {
      "type": "Feature",
      "id": "B07-SHOWCASE-F2",
      "properties": {
        "level": 2,
        "buildingId": "B07",
        "floor_id": "B07-SHOWCASE-F2",
        "name": "Floor 2",
        "classification": "synthetic",
        "source_revision": "source-showcase-1",
        "geometry_status": "authored_synthetic",
        "geometry_note": "Author-provided fictional geometry; not AI extraction or survey evidence.",
        "geometry_id": "B07-SHOWCASE-F2-shape-v1",
        "geometry_revision": 1,
        "base_elevation_m": 6.2,
        "height_m": 3.1,
        "vertical_reference": "DEMO-BM-01 fictional zero datum; not national MSL",
        "building_id": "B07",
        "internal_3d_id": "DEMO-3D-DENSE-B07:2"
      },
      "geometry": {
        "type": "Polygon",
        "coordinates": [
          [
            [
              40,
              0.2
            ],
            [
              48,
              0.2
            ],
            [
              48,
              16
            ],
            [
              40,
              16
            ],
            [
              40,
              0.2
            ]
          ]
        ]
      }
    },
    {
      "type": "Feature",
      "id": "B07-SHOWCASE-F3",
      "properties": {
        "level": 3,
        "buildingId": "B07",
        "floor_id": "B07-SHOWCASE-F3",
        "name": "Floor 3",
        "classification": "synthetic",
        "source_revision": "source-showcase-1",
        "geometry_status": "authored_synthetic",
        "geometry_note": "Author-provided fictional geometry; not AI extraction or survey evidence.",
        "geometry_id": "B07-SHOWCASE-F3-shape-v1",
        "geometry_revision": 1,
        "base_elevation_m": 9.3,
        "height_m": 3.1,
        "vertical_reference": "DEMO-BM-01 fictional zero datum; not national MSL",
        "building_id": "B07",
        "internal_3d_id": "DEMO-3D-DENSE-B07:3"
      },
      "geometry": {
        "type": "Polygon",
        "coordinates": [
          [
            [
              40,
              0.2
            ],
            [
              48,
              0.2
            ],
            [
              48,
              16
            ],
            [
              40,
              16
            ],
            [
              40,
              0.2
            ]
          ]
        ]
      }
    },
    {
      "type": "Feature",
      "id": "B08-SHOWCASE-F0",
      "properties": {
        "level": 0,
        "buildingId": "B08",
        "floor_id": "B08-SHOWCASE-F0",
        "name": "Ground floor",
        "classification": "synthetic",
        "source_revision": "source-showcase-1",
        "geometry_status": "authored_synthetic",
        "geometry_note": "Author-provided fictional geometry; not AI extraction or survey evidence.",
        "geometry_id": "B08-SHOWCASE-F0-shape-v1",
        "geometry_revision": 1,
        "base_elevation_m": 0.0,
        "height_m": 3.1,
        "vertical_reference": "DEMO-BM-01 fictional zero datum; not national MSL",
        "building_id": "B08",
        "internal_3d_id": "DEMO-3D-DENSE-B08:0"
      },
      "geometry": {
        "type": "Polygon",
        "coordinates": [
          [
            [
              48,
              0.25
            ],
            [
              56,
              0.25
            ],
            [
              56,
              16
            ],
            [
              53,
              16
            ],
            [
              53,
              15
            ],
            [
              50,
              15
            ],
            [
              50,
              16
            ],
            [
              48,
              16
            ],
            [
              48,
              0.25
            ]
          ]
        ]
      }
    },
    {
      "type": "Feature",
      "id": "B08-SHOWCASE-F1",
      "properties": {
        "level": 1,
        "buildingId": "B08",
        "floor_id": "B08-SHOWCASE-F1",
        "name": "Floor 1",
        "classification": "synthetic",
        "source_revision": "source-showcase-1",
        "geometry_status": "authored_synthetic",
        "geometry_note": "Author-provided fictional geometry; not AI extraction or survey evidence.",
        "geometry_id": "B08-SHOWCASE-F1-shape-v1",
        "geometry_revision": 1,
        "base_elevation_m": 3.1,
        "height_m": 3.1,
        "vertical_reference": "DEMO-BM-01 fictional zero datum; not national MSL",
        "building_id": "B08",
        "internal_3d_id": "DEMO-3D-DENSE-B08:1"
      },
      "geometry": {
        "type": "Polygon",
        "coordinates": [
          [
            [
              48,
              0.25
            ],
            [
              56,
              0.25
            ],
            [
              56,
              16
            ],
            [
              53,
              16
            ],
            [
              53,
              15
            ],
            [
              50,
              15
            ],
            [
              50,
              16
            ],
            [
              48,
              16
            ],
            [
              48,
              0.25
            ]
          ]
        ]
      }
    },
    {
      "type": "Feature",
      "id": "B08-SHOWCASE-F2",
      "properties": {
        "level": 2,
        "buildingId": "B08",
        "floor_id": "B08-SHOWCASE-F2",
        "name": "Floor 2",
        "classification": "synthetic",
        "source_revision": "source-showcase-1",
        "geometry_status": "authored_synthetic",
        "geometry_note": "Author-provided fictional geometry; not AI extraction or survey evidence.",
        "geometry_id": "B08-SHOWCASE-F2-shape-v1",
        "geometry_revision": 1,
        "base_elevation_m": 6.2,
        "height_m": 3.1,
        "vertical_reference": "DEMO-BM-01 fictional zero datum; not national MSL",
        "building_id": "B08",
        "internal_3d_id": "DEMO-3D-DENSE-B08:2"
      },
      "geometry": {
        "type": "Polygon",
        "coordinates": [
          [
            [
              48,
              0.25
            ],
            [
              56,
              0.25
            ],
            [
              56,
              16
            ],
            [
              53,
              16
            ],
            [
              53,
              15
            ],
            [
              50,
              15
            ],
            [
              50,
              16
            ],
            [
              48,
              16
            ],
            [
              48,
              0.25
            ]
          ]
        ]
      }
    },
    {
      "type": "Feature",
      "id": "B09-SHOWCASE-F0",
      "properties": {
        "level": 0,
        "buildingId": "B09",
        "floor_id": "B09-SHOWCASE-F0",
        "name": "Ground floor",
        "classification": "synthetic",
        "source_revision": "source-showcase-1",
        "geometry_status": "authored_synthetic",
        "geometry_note": "Author-provided fictional geometry; not AI extraction or survey evidence.",
        "geometry_id": "B09-SHOWCASE-F0-shape-v1",
        "geometry_revision": 1,
        "base_elevation_m": 0.0,
        "height_m": 3.1,
        "vertical_reference": "DEMO-BM-01 fictional zero datum; not national MSL",
        "building_id": "B09",
        "internal_3d_id": "DEMO-3D-DENSE-B09:0"
      },
      "geometry": {
        "type": "Polygon",
        "coordinates": [
          [
            [
              64,
              0
            ],
            [
              67,
              0
            ],
            [
              67,
              0.6
            ],
            [
              69,
              0.6
            ],
            [
              69,
              0
            ],
            [
              72,
              0
            ],
            [
              72,
              16
            ],
            [
              64,
              16
            ],
            [
              64,
              0
            ]
          ]
        ]
      }
    },
    {
      "type": "Feature",
      "id": "B09-SHOWCASE-F1",
      "properties": {
        "level": 1,
        "buildingId": "B09",
        "floor_id": "B09-SHOWCASE-F1",
        "name": "Floor 1",
        "classification": "synthetic",
        "source_revision": "source-showcase-1",
        "geometry_status": "authored_synthetic",
        "geometry_note": "Author-provided fictional geometry; not AI extraction or survey evidence.",
        "geometry_id": "B09-SHOWCASE-F1-shape-v1",
        "geometry_revision": 1,
        "base_elevation_m": 3.1,
        "height_m": 3.1,
        "vertical_reference": "DEMO-BM-01 fictional zero datum; not national MSL",
        "building_id": "B09",
        "internal_3d_id": "DEMO-3D-DENSE-B09:1"
      },
      "geometry": {
        "type": "Polygon",
        "coordinates": [
          [
            [
              64,
              0
            ],
            [
              67,
              0
            ],
            [
              67,
              0.6
            ],
            [
              69,
              0.6
            ],
            [
              69,
              0
            ],
            [
              72,
              0
            ],
            [
              72,
              16
            ],
            [
              64,
              16
            ],
            [
              64,
              0
            ]
          ]
        ]
      }
    },
    {
      "type": "Feature",
      "id": "B09-SHOWCASE-F2",
      "properties": {
        "level": 2,
        "buildingId": "B09",
        "floor_id": "B09-SHOWCASE-F2",
        "name": "Floor 2",
        "classification": "synthetic",
        "source_revision": "source-showcase-1",
        "geometry_status": "authored_synthetic",
        "geometry_note": "Author-provided fictional geometry; not AI extraction or survey evidence.",
        "geometry_id": "B09-SHOWCASE-F2-shape-v1",
        "geometry_revision": 1,
        "base_elevation_m": 6.2,
        "height_m": 3.1,
        "vertical_reference": "DEMO-BM-01 fictional zero datum; not national MSL",
        "building_id": "B09",
        "internal_3d_id": "DEMO-3D-DENSE-B09:2"
      },
      "geometry": {
        "type": "Polygon",
        "coordinates": [
          [
            [
              64,
              0
            ],
            [
              67,
              0
            ],
            [
              67,
              0.6
            ],
            [
              69,
              0.6
            ],
            [
              69,
              0
            ],
            [
              72,
              0
            ],
            [
              72,
              16
            ],
            [
              64,
              16
            ],
            [
              64,
              0
            ]
          ]
        ]
      }
    },
    {
      "type": "Feature",
      "id": "B09-SHOWCASE-F3",
      "properties": {
        "level": 3,
        "buildingId": "B09",
        "floor_id": "B09-SHOWCASE-F3",
        "name": "Floor 3",
        "classification": "synthetic",
        "source_revision": "source-showcase-1",
        "geometry_status": "authored_synthetic",
        "geometry_note": "Author-provided fictional geometry; not AI extraction or survey evidence.",
        "geometry_id": "B09-SHOWCASE-F3-shape-v1",
        "geometry_revision": 1,
        "base_elevation_m": 9.3,
        "height_m": 3.1,
        "vertical_reference": "DEMO-BM-01 fictional zero datum; not national MSL",
        "building_id": "B09",
        "internal_3d_id": "DEMO-3D-DENSE-B09:3"
      },
      "geometry": {
        "type": "Polygon",
        "coordinates": [
          [
            [
              64,
              0
            ],
            [
              67,
              0
            ],
            [
              67,
              0.6
            ],
            [
              69,
              0.6
            ],
            [
              69,
              0
            ],
            [
              72,
              0
            ],
            [
              72,
              16
            ],
            [
              64,
              16
            ],
            [
              64,
              0
            ]
          ]
        ]
      }
    },
    {
      "type": "Feature",
      "id": "B10-SHOWCASE-F0",
      "properties": {
        "level": 0,
        "buildingId": "B10",
        "floor_id": "B10-SHOWCASE-F0",
        "name": "Ground floor",
        "classification": "synthetic",
        "source_revision": "source-showcase-1",
        "geometry_status": "authored_synthetic",
        "geometry_note": "Author-provided fictional geometry; not AI extraction or survey evidence.",
        "geometry_id": "B10-SHOWCASE-F0-shape-v1",
        "geometry_revision": 1,
        "base_elevation_m": 0.0,
        "height_m": 3.1,
        "vertical_reference": "DEMO-BM-01 fictional zero datum; not national MSL",
        "building_id": "B10",
        "internal_3d_id": "DEMO-3D-DENSE-B10:0"
      },
      "geometry": {
        "type": "Polygon",
        "coordinates": [
          [
            [
              72,
              0.2
            ],
            [
              80,
              0.2
            ],
            [
              80,
              16
            ],
            [
              72,
              16
            ],
            [
              72,
              0.2
            ]
          ]
        ]
      }
    },
    {
      "type": "Feature",
      "id": "B10-SHOWCASE-F1",
      "properties": {
        "level": 1,
        "buildingId": "B10",
        "floor_id": "B10-SHOWCASE-F1",
        "name": "Floor 1",
        "classification": "synthetic",
        "source_revision": "source-showcase-1",
        "geometry_status": "authored_synthetic",
        "geometry_note": "Author-provided fictional geometry; not AI extraction or survey evidence.",
        "geometry_id": "B10-SHOWCASE-F1-shape-v1",
        "geometry_revision": 1,
        "base_elevation_m": 3.1,
        "height_m": 3.1,
        "vertical_reference": "DEMO-BM-01 fictional zero datum; not national MSL",
        "building_id": "B10",
        "internal_3d_id": "DEMO-3D-DENSE-B10:1"
      },
      "geometry": {
        "type": "Polygon",
        "coordinates": [
          [
            [
              72,
              0.2
            ],
            [
              80,
              0.2
            ],
            [
              80,
              16
            ],
            [
              72,
              16
            ],
            [
              72,
              0.2
            ]
          ]
        ]
      }
    },
    {
      "type": "Feature",
      "id": "B10-SHOWCASE-F2",
      "properties": {
        "level": 2,
        "buildingId": "B10",
        "floor_id": "B10-SHOWCASE-F2",
        "name": "Floor 2",
        "classification": "synthetic",
        "source_revision": "source-showcase-1",
        "geometry_status": "authored_synthetic",
        "geometry_note": "Author-provided fictional geometry; not AI extraction or survey evidence.",
        "geometry_id": "B10-SHOWCASE-F2-shape-v1",
        "geometry_revision": 1,
        "base_elevation_m": 6.2,
        "height_m": 3.1,
        "vertical_reference": "DEMO-BM-01 fictional zero datum; not national MSL",
        "building_id": "B10",
        "internal_3d_id": "DEMO-3D-DENSE-B10:2"
      },
      "geometry": {
        "type": "Polygon",
        "coordinates": [
          [
            [
              72,
              0.2
            ],
            [
              80,
              0.2
            ],
            [
              80,
              16
            ],
            [
              72,
              16
            ],
            [
              72,
              0.2
            ]
          ]
        ]
      }
    },
    {
      "type": "Feature",
      "id": "B10-SHOWCASE-F3",
      "properties": {
        "level": 3,
        "buildingId": "B10",
        "floor_id": "B10-SHOWCASE-F3",
        "name": "Floor 3",
        "classification": "synthetic",
        "source_revision": "source-showcase-1",
        "geometry_status": "authored_synthetic",
        "geometry_note": "Author-provided fictional geometry; not AI extraction or survey evidence.",
        "geometry_id": "B10-SHOWCASE-F3-shape-v1",
        "geometry_revision": 1,
        "base_elevation_m": 9.3,
        "height_m": 3.1,
        "vertical_reference": "DEMO-BM-01 fictional zero datum; not national MSL",
        "building_id": "B10",
        "internal_3d_id": "DEMO-3D-DENSE-B10:3"
      },
      "geometry": {
        "type": "Polygon",
        "coordinates": [
          [
            [
              72,
              0.2
            ],
            [
              80,
              0.2
            ],
            [
              80,
              16
            ],
            [
              72,
              16
            ],
            [
              72,
              0.2
            ]
          ]
        ]
      }
    },
    {
      "type": "Feature",
      "id": "B10-SHOWCASE-F4",
      "properties": {
        "level": 4,
        "buildingId": "B10",
        "floor_id": "B10-SHOWCASE-F4",
        "name": "Floor 4",
        "classification": "synthetic",
        "source_revision": "source-showcase-1",
        "geometry_status": "authored_synthetic",
        "geometry_note": "Author-provided fictional geometry; not AI extraction or survey evidence.",
        "geometry_id": "B10-SHOWCASE-F4-shape-v1",
        "geometry_revision": 1,
        "base_elevation_m": 12.4,
        "height_m": 3.1,
        "vertical_reference": "DEMO-BM-01 fictional zero datum; not national MSL",
        "building_id": "B10",
        "internal_3d_id": "DEMO-3D-DENSE-B10:4"
      },
      "geometry": {
        "type": "Polygon",
        "coordinates": [
          [
            [
              72,
              0.2
            ],
            [
              80,
              0.2
            ],
            [
              80,
              16
            ],
            [
              72,
              16
            ],
            [
              72,
              0.2
            ]
          ]
        ]
      }
    },
    {
      "type": "Feature",
      "id": "B11-SHOWCASE-F0",
      "properties": {
        "level": 0,
        "buildingId": "B11",
        "floor_id": "B11-SHOWCASE-F0",
        "name": "Ground floor",
        "classification": "synthetic",
        "source_revision": "source-showcase-1",
        "geometry_status": "authored_synthetic",
        "geometry_note": "Author-provided fictional geometry; not AI extraction or survey evidence.",
        "geometry_id": "B11-SHOWCASE-F0-shape-v1",
        "geometry_revision": 1,
        "base_elevation_m": 0.0,
        "height_m": 3.1,
        "vertical_reference": "DEMO-BM-01 fictional zero datum; not national MSL",
        "building_id": "B11",
        "internal_3d_id": "DEMO-3D-DENSE-B11:0"
      },
      "geometry": {
        "type": "Polygon",
        "coordinates": [
          [
            [
              80,
              0.2
            ],
            [
              88,
              0.2
            ],
            [
              88,
              16
            ],
            [
              80,
              16
            ],
            [
              80,
              0.2
            ]
          ]
        ]
      }
    },
    {
      "type": "Feature",
      "id": "B11-SHOWCASE-F1",
      "properties": {
        "level": 1,
        "buildingId": "B11",
        "floor_id": "B11-SHOWCASE-F1",
        "name": "Floor 1",
        "classification": "synthetic",
        "source_revision": "source-showcase-1",
        "geometry_status": "authored_synthetic",
        "geometry_note": "Author-provided fictional geometry; not AI extraction or survey evidence.",
        "geometry_id": "B11-SHOWCASE-F1-shape-v1",
        "geometry_revision": 1,
        "base_elevation_m": 3.1,
        "height_m": 3.1,
        "vertical_reference": "DEMO-BM-01 fictional zero datum; not national MSL",
        "building_id": "B11",
        "internal_3d_id": "DEMO-3D-DENSE-B11:1"
      },
      "geometry": {
        "type": "Polygon",
        "coordinates": [
          [
            [
              80,
              0.2
            ],
            [
              88,
              0.2
            ],
            [
              88,
              16
            ],
            [
              80,
              16
            ],
            [
              80,
              0.2
            ]
          ]
        ]
      }
    },
    {
      "type": "Feature",
      "id": "B11-SHOWCASE-F2",
      "properties": {
        "level": 2,
        "buildingId": "B11",
        "floor_id": "B11-SHOWCASE-F2",
        "name": "Floor 2",
        "classification": "synthetic",
        "source_revision": "source-showcase-1",
        "geometry_status": "authored_synthetic",
        "geometry_note": "Author-provided fictional geometry; not AI extraction or survey evidence.",
        "geometry_id": "B11-SHOWCASE-F2-shape-v1",
        "geometry_revision": 1,
        "base_elevation_m": 6.2,
        "height_m": 3.1,
        "vertical_reference": "DEMO-BM-01 fictional zero datum; not national MSL",
        "building_id": "B11",
        "internal_3d_id": "DEMO-3D-DENSE-B11:2"
      },
      "geometry": {
        "type": "Polygon",
        "coordinates": [
          [
            [
              80,
              0.2
            ],
            [
              88,
              0.2
            ],
            [
              88,
              16
            ],
            [
              80,
              16
            ],
            [
              80,
              0.2
            ]
          ]
        ]
      }
    },
    {
      "type": "Feature",
      "id": "B11-SHOWCASE-F3",
      "properties": {
        "level": 3,
        "buildingId": "B11",
        "floor_id": "B11-SHOWCASE-F3",
        "name": "Floor 3",
        "classification": "synthetic",
        "source_revision": "source-showcase-1",
        "geometry_status": "authored_synthetic",
        "geometry_note": "Author-provided fictional geometry; not AI extraction or survey evidence.",
        "geometry_id": "B11-SHOWCASE-F3-shape-v1",
        "geometry_revision": 1,
        "base_elevation_m": 9.3,
        "height_m": 3.1,
        "vertical_reference": "DEMO-BM-01 fictional zero datum; not national MSL",
        "building_id": "B11",
        "internal_3d_id": "DEMO-3D-DENSE-B11:3"
      },
      "geometry": {
        "type": "Polygon",
        "coordinates": [
          [
            [
              80,
              0.2
            ],
            [
              88,
              0.2
            ],
            [
              88,
              16
            ],
            [
              80,
              16
            ],
            [
              80,
              0.2
            ]
          ]
        ]
      }
    },
    {
      "type": "Feature",
      "id": "B13-SHOWCASE-F0",
      "properties": {
        "level": 0,
        "buildingId": "B13",
        "floor_id": "B13-SHOWCASE-F0",
        "name": "Ground floor",
        "classification": "synthetic",
        "source_revision": "source-showcase-1",
        "geometry_status": "authored_synthetic",
        "geometry_note": "Author-provided fictional geometry; not AI extraction or survey evidence.",
        "geometry_id": "B13-SHOWCASE-F0-shape-v1",
        "geometry_revision": 1,
        "base_elevation_m": 0.0,
        "height_m": 3.1,
        "vertical_reference": "DEMO-BM-01 fictional zero datum; not national MSL",
        "building_id": "B13",
        "internal_3d_id": "DEMO-3D-DENSE-B13:0"
      },
      "geometry": {
        "type": "Polygon",
        "coordinates": [
          [
            [
              96,
              0
            ],
            [
              99,
              0
            ],
            [
              99,
              0.6
            ],
            [
              101,
              0.6
            ],
            [
              101,
              0
            ],
            [
              104,
              0
            ],
            [
              104,
              16
            ],
            [
              96,
              16
            ],
            [
              96,
              0
            ]
          ]
        ]
      }
    },
    {
      "type": "Feature",
      "id": "B13-SHOWCASE-F1",
      "properties": {
        "level": 1,
        "buildingId": "B13",
        "floor_id": "B13-SHOWCASE-F1",
        "name": "Floor 1",
        "classification": "synthetic",
        "source_revision": "source-showcase-1",
        "geometry_status": "authored_synthetic",
        "geometry_note": "Author-provided fictional geometry; not AI extraction or survey evidence.",
        "geometry_id": "B13-SHOWCASE-F1-shape-v1",
        "geometry_revision": 1,
        "base_elevation_m": 3.1,
        "height_m": 3.1,
        "vertical_reference": "DEMO-BM-01 fictional zero datum; not national MSL",
        "building_id": "B13",
        "internal_3d_id": "DEMO-3D-DENSE-B13:1"
      },
      "geometry": {
        "type": "Polygon",
        "coordinates": [
          [
            [
              96,
              0
            ],
            [
              99,
              0
            ],
            [
              99,
              0.6
            ],
            [
              101,
              0.6
            ],
            [
              101,
              0
            ],
            [
              104,
              0
            ],
            [
              104,
              16
            ],
            [
              96,
              16
            ],
            [
              96,
              0
            ]
          ]
        ]
      }
    },
    {
      "type": "Feature",
      "id": "B13-SHOWCASE-F2",
      "properties": {
        "level": 2,
        "buildingId": "B13",
        "floor_id": "B13-SHOWCASE-F2",
        "name": "Floor 2",
        "classification": "synthetic",
        "source_revision": "source-showcase-1",
        "geometry_status": "authored_synthetic",
        "geometry_note": "Author-provided fictional geometry; not AI extraction or survey evidence.",
        "geometry_id": "B13-SHOWCASE-F2-shape-v1",
        "geometry_revision": 1,
        "base_elevation_m": 6.2,
        "height_m": 3.1,
        "vertical_reference": "DEMO-BM-01 fictional zero datum; not national MSL",
        "building_id": "B13",
        "internal_3d_id": "DEMO-3D-DENSE-B13:2"
      },
      "geometry": {
        "type": "Polygon",
        "coordinates": [
          [
            [
              96,
              0
            ],
            [
              99,
              0
            ],
            [
              99,
              0.6
            ],
            [
              101,
              0.6
            ],
            [
              101,
              0
            ],
            [
              104,
              0
            ],
            [
              104,
              16
            ],
            [
              96,
              16
            ],
            [
              96,
              0
            ]
          ]
        ]
      }
    },
    {
      "type": "Feature",
      "id": "B13-SHOWCASE-F3",
      "properties": {
        "level": 3,
        "buildingId": "B13",
        "floor_id": "B13-SHOWCASE-F3",
        "name": "Floor 3",
        "classification": "synthetic",
        "source_revision": "source-showcase-1",
        "geometry_status": "authored_synthetic",
        "geometry_note": "Author-provided fictional geometry; not AI extraction or survey evidence.",
        "geometry_id": "B13-SHOWCASE-F3-shape-v1",
        "geometry_revision": 1,
        "base_elevation_m": 9.3,
        "height_m": 3.1,
        "vertical_reference": "DEMO-BM-01 fictional zero datum; not national MSL",
        "building_id": "B13",
        "internal_3d_id": "DEMO-3D-DENSE-B13:3"
      },
      "geometry": {
        "type": "Polygon",
        "coordinates": [
          [
            [
              96,
              0
            ],
            [
              99,
              0
            ],
            [
              99,
              0.6
            ],
            [
              101,
              0.6
            ],
            [
              101,
              0
            ],
            [
              104,
              0
            ],
            [
              104,
              16
            ],
            [
              96,
              16
            ],
            [
              96,
              0
            ]
          ]
        ]
      }
    },
    {
      "type": "Feature",
      "id": "B14-SHOWCASE-F0",
      "properties": {
        "level": 0,
        "buildingId": "B14",
        "floor_id": "B14-SHOWCASE-F0",
        "name": "Ground floor",
        "classification": "synthetic",
        "source_revision": "source-showcase-1",
        "geometry_status": "authored_synthetic",
        "geometry_note": "Author-provided fictional geometry; not AI extraction or survey evidence.",
        "geometry_id": "B14-SHOWCASE-F0-shape-v1",
        "geometry_revision": 1,
        "base_elevation_m": 0.0,
        "height_m": 3.1,
        "vertical_reference": "DEMO-BM-01 fictional zero datum; not national MSL",
        "building_id": "B14",
        "internal_3d_id": "DEMO-3D-DENSE-B14:0"
      },
      "geometry": {
        "type": "Polygon",
        "coordinates": [
          [
            [
              104,
              0.2
            ],
            [
              112,
              0.2
            ],
            [
              112,
              16
            ],
            [
              104,
              16
            ],
            [
              104,
              0.2
            ]
          ]
        ]
      }
    },
    {
      "type": "Feature",
      "id": "B14-SHOWCASE-F1",
      "properties": {
        "level": 1,
        "buildingId": "B14",
        "floor_id": "B14-SHOWCASE-F1",
        "name": "Floor 1",
        "classification": "synthetic",
        "source_revision": "source-showcase-1",
        "geometry_status": "authored_synthetic",
        "geometry_note": "Author-provided fictional geometry; not AI extraction or survey evidence.",
        "geometry_id": "B14-SHOWCASE-F1-shape-v1",
        "geometry_revision": 1,
        "base_elevation_m": 3.1,
        "height_m": 3.1,
        "vertical_reference": "DEMO-BM-01 fictional zero datum; not national MSL",
        "building_id": "B14",
        "internal_3d_id": "DEMO-3D-DENSE-B14:1"
      },
      "geometry": {
        "type": "Polygon",
        "coordinates": [
          [
            [
              104,
              0.2
            ],
            [
              112,
              0.2
            ],
            [
              112,
              16
            ],
            [
              104,
              16
            ],
            [
              104,
              0.2
            ]
          ]
        ]
      }
    },
    {
      "type": "Feature",
      "id": "B14-SHOWCASE-F2",
      "properties": {
        "level": 2,
        "buildingId": "B14",
        "floor_id": "B14-SHOWCASE-F2",
        "name": "Floor 2",
        "classification": "synthetic",
        "source_revision": "source-showcase-1",
        "geometry_status": "authored_synthetic",
        "geometry_note": "Author-provided fictional geometry; not AI extraction or survey evidence.",
        "geometry_id": "B14-SHOWCASE-F2-shape-v1",
        "geometry_revision": 1,
        "base_elevation_m": 6.2,
        "height_m": 3.1,
        "vertical_reference": "DEMO-BM-01 fictional zero datum; not national MSL",
        "building_id": "B14",
        "internal_3d_id": "DEMO-3D-DENSE-B14:2"
      },
      "geometry": {
        "type": "Polygon",
        "coordinates": [
          [
            [
              104,
              0.2
            ],
            [
              112,
              0.2
            ],
            [
              112,
              16
            ],
            [
              104,
              16
            ],
            [
              104,
              0.2
            ]
          ]
        ]
      }
    },
    {
      "type": "Feature",
      "id": "B14-SHOWCASE-F3",
      "properties": {
        "level": 3,
        "buildingId": "B14",
        "floor_id": "B14-SHOWCASE-F3",
        "name": "Floor 3",
        "classification": "synthetic",
        "source_revision": "source-showcase-1",
        "geometry_status": "authored_synthetic",
        "geometry_note": "Author-provided fictional geometry; not AI extraction or survey evidence.",
        "geometry_id": "B14-SHOWCASE-F3-shape-v1",
        "geometry_revision": 1,
        "base_elevation_m": 9.3,
        "height_m": 3.1,
        "vertical_reference": "DEMO-BM-01 fictional zero datum; not national MSL",
        "building_id": "B14",
        "internal_3d_id": "DEMO-3D-DENSE-B14:3"
      },
      "geometry": {
        "type": "Polygon",
        "coordinates": [
          [
            [
              104,
              0.2
            ],
            [
              112,
              0.2
            ],
            [
              112,
              16
            ],
            [
              104,
              16
            ],
            [
              104,
              0.2
            ]
          ]
        ]
      }
    },
    {
      "type": "Feature",
      "id": "B14-SHOWCASE-F4",
      "properties": {
        "level": 4,
        "buildingId": "B14",
        "floor_id": "B14-SHOWCASE-F4",
        "name": "Floor 4",
        "classification": "synthetic",
        "source_revision": "source-showcase-1",
        "geometry_status": "authored_synthetic",
        "geometry_note": "Author-provided fictional geometry; not AI extraction or survey evidence.",
        "geometry_id": "B14-SHOWCASE-F4-shape-v1",
        "geometry_revision": 1,
        "base_elevation_m": 12.4,
        "height_m": 3.1,
        "vertical_reference": "DEMO-BM-01 fictional zero datum; not national MSL",
        "building_id": "B14",
        "internal_3d_id": "DEMO-3D-DENSE-B14:4"
      },
      "geometry": {
        "type": "Polygon",
        "coordinates": [
          [
            [
              104,
              0.2
            ],
            [
              112,
              0.2
            ],
            [
              112,
              16
            ],
            [
              104,
              16
            ],
            [
              104,
              0.2
            ]
          ]
        ]
      }
    },
    {
      "type": "Feature",
      "id": "B15-SHOWCASE-F0",
      "properties": {
        "level": 0,
        "buildingId": "B15",
        "floor_id": "B15-SHOWCASE-F0",
        "name": "Ground floor",
        "classification": "synthetic",
        "source_revision": "source-showcase-1",
        "geometry_status": "authored_synthetic",
        "geometry_note": "Author-provided fictional geometry; not AI extraction or survey evidence.",
        "geometry_id": "B15-SHOWCASE-F0-shape-v1",
        "geometry_revision": 1,
        "base_elevation_m": 0.0,
        "height_m": 3.1,
        "vertical_reference": "DEMO-BM-01 fictional zero datum; not national MSL",
        "building_id": "B15",
        "internal_3d_id": "DEMO-3D-DENSE-B15:0"
      },
      "geometry": {
        "type": "Polygon",
        "coordinates": [
          [
            [
              112,
              0.2
            ],
            [
              120,
              0.2
            ],
            [
              120,
              16
            ],
            [
              112,
              16
            ],
            [
              112,
              0.2
            ]
          ]
        ]
      }
    },
    {
      "type": "Feature",
      "id": "B15-SHOWCASE-F1",
      "properties": {
        "level": 1,
        "buildingId": "B15",
        "floor_id": "B15-SHOWCASE-F1",
        "name": "Floor 1",
        "classification": "synthetic",
        "source_revision": "source-showcase-1",
        "geometry_status": "authored_synthetic",
        "geometry_note": "Author-provided fictional geometry; not AI extraction or survey evidence.",
        "geometry_id": "B15-SHOWCASE-F1-shape-v1",
        "geometry_revision": 1,
        "base_elevation_m": 3.1,
        "height_m": 3.1,
        "vertical_reference": "DEMO-BM-01 fictional zero datum; not national MSL",
        "building_id": "B15",
        "internal_3d_id": "DEMO-3D-DENSE-B15:1"
      },
      "geometry": {
        "type": "Polygon",
        "coordinates": [
          [
            [
              112,
              0.2
            ],
            [
              120,
              0.2
            ],
            [
              120,
              16
            ],
            [
              112,
              16
            ],
            [
              112,
              0.2
            ]
          ]
        ]
      }
    },
    {
      "type": "Feature",
      "id": "B15-SHOWCASE-F2",
      "properties": {
        "level": 2,
        "buildingId": "B15",
        "floor_id": "B15-SHOWCASE-F2",
        "name": "Floor 2",
        "classification": "synthetic",
        "source_revision": "source-showcase-1",
        "geometry_status": "authored_synthetic",
        "geometry_note": "Author-provided fictional geometry; not AI extraction or survey evidence.",
        "geometry_id": "B15-SHOWCASE-F2-shape-v1",
        "geometry_revision": 1,
        "base_elevation_m": 6.2,
        "height_m": 3.1,
        "vertical_reference": "DEMO-BM-01 fictional zero datum; not national MSL",
        "building_id": "B15",
        "internal_3d_id": "DEMO-3D-DENSE-B15:2"
      },
      "geometry": {
        "type": "Polygon",
        "coordinates": [
          [
            [
              112,
              0.2
            ],
            [
              120,
              0.2
            ],
            [
              120,
              16
            ],
            [
              112,
              16
            ],
            [
              112,
              0.2
            ]
          ]
        ]
      }
    },
    {
      "type": "Feature",
      "id": "B15-SHOWCASE-F3",
      "properties": {
        "level": 3,
        "buildingId": "B15",
        "floor_id": "B15-SHOWCASE-F3",
        "name": "Floor 3",
        "classification": "synthetic",
        "source_revision": "source-showcase-1",
        "geometry_status": "authored_synthetic",
        "geometry_note": "Author-provided fictional geometry; not AI extraction or survey evidence.",
        "geometry_id": "B15-SHOWCASE-F3-shape-v1",
        "geometry_revision": 1,
        "base_elevation_m": 9.3,
        "height_m": 3.1,
        "vertical_reference": "DEMO-BM-01 fictional zero datum; not national MSL",
        "building_id": "B15",
        "internal_3d_id": "DEMO-3D-DENSE-B15:3"
      },
      "geometry": {
        "type": "Polygon",
        "coordinates": [
          [
            [
              112,
              0.2
            ],
            [
              120,
              0.2
            ],
            [
              120,
              16
            ],
            [
              112,
              16
            ],
            [
              112,
              0.2
            ]
          ]
        ]
      }
    },
    {
      "type": "Feature",
      "id": "B16-SHOWCASE-F0",
      "properties": {
        "level": 0,
        "buildingId": "B16",
        "floor_id": "B16-SHOWCASE-F0",
        "name": "Ground floor",
        "classification": "synthetic",
        "source_revision": "source-showcase-1",
        "geometry_status": "authored_synthetic",
        "geometry_note": "Author-provided fictional geometry; not AI extraction or survey evidence.",
        "geometry_id": "B16-SHOWCASE-F0-shape-v1",
        "geometry_revision": 1,
        "base_elevation_m": 0.0,
        "height_m": 3.1,
        "vertical_reference": "DEMO-BM-01 fictional zero datum; not national MSL",
        "building_id": "B16",
        "internal_3d_id": "DEMO-3D-DENSE-B16:0"
      },
      "geometry": {
        "type": "Polygon",
        "coordinates": [
          [
            [
              0,
              19.25
            ],
            [
              8,
              19.25
            ],
            [
              8,
              35
            ],
            [
              5,
              35
            ],
            [
              5,
              34
            ],
            [
              2,
              34
            ],
            [
              2,
              35
            ],
            [
              0,
              35
            ],
            [
              0,
              19.25
            ]
          ]
        ]
      }
    },
    {
      "type": "Feature",
      "id": "B16-SHOWCASE-F1",
      "properties": {
        "level": 1,
        "buildingId": "B16",
        "floor_id": "B16-SHOWCASE-F1",
        "name": "Floor 1",
        "classification": "synthetic",
        "source_revision": "source-showcase-1",
        "geometry_status": "authored_synthetic",
        "geometry_note": "Author-provided fictional geometry; not AI extraction or survey evidence.",
        "geometry_id": "B16-SHOWCASE-F1-shape-v1",
        "geometry_revision": 1,
        "base_elevation_m": 3.1,
        "height_m": 3.1,
        "vertical_reference": "DEMO-BM-01 fictional zero datum; not national MSL",
        "building_id": "B16",
        "internal_3d_id": "DEMO-3D-DENSE-B16:1"
      },
      "geometry": {
        "type": "Polygon",
        "coordinates": [
          [
            [
              0,
              19.25
            ],
            [
              8,
              19.25
            ],
            [
              8,
              35
            ],
            [
              5,
              35
            ],
            [
              5,
              34
            ],
            [
              2,
              34
            ],
            [
              2,
              35
            ],
            [
              0,
              35
            ],
            [
              0,
              19.25
            ]
          ]
        ]
      }
    },
    {
      "type": "Feature",
      "id": "B16-SHOWCASE-F2",
      "properties": {
        "level": 2,
        "buildingId": "B16",
        "floor_id": "B16-SHOWCASE-F2",
        "name": "Floor 2",
        "classification": "synthetic",
        "source_revision": "source-showcase-1",
        "geometry_status": "authored_synthetic",
        "geometry_note": "Author-provided fictional geometry; not AI extraction or survey evidence.",
        "geometry_id": "B16-SHOWCASE-F2-shape-v1",
        "geometry_revision": 1,
        "base_elevation_m": 6.2,
        "height_m": 3.1,
        "vertical_reference": "DEMO-BM-01 fictional zero datum; not national MSL",
        "building_id": "B16",
        "internal_3d_id": "DEMO-3D-DENSE-B16:2"
      },
      "geometry": {
        "type": "Polygon",
        "coordinates": [
          [
            [
              0,
              19.25
            ],
            [
              8,
              19.25
            ],
            [
              8,
              35
            ],
            [
              5,
              35
            ],
            [
              5,
              34
            ],
            [
              2,
              34
            ],
            [
              2,
              35
            ],
            [
              0,
              35
            ],
            [
              0,
              19.25
            ]
          ]
        ]
      }
    },
    {
      "type": "Feature",
      "id": "B17-SHOWCASE-F0",
      "properties": {
        "level": 0,
        "buildingId": "B17",
        "floor_id": "B17-SHOWCASE-F0",
        "name": "Ground floor",
        "classification": "synthetic",
        "source_revision": "source-showcase-1",
        "geometry_status": "authored_synthetic",
        "geometry_note": "Author-provided fictional geometry; not AI extraction or survey evidence.",
        "geometry_id": "B17-SHOWCASE-F0-shape-v1",
        "geometry_revision": 1,
        "base_elevation_m": 0.0,
        "height_m": 3.1,
        "vertical_reference": "DEMO-BM-01 fictional zero datum; not national MSL",
        "building_id": "B17",
        "internal_3d_id": "DEMO-3D-DENSE-B17:0"
      },
      "geometry": {
        "type": "Polygon",
        "coordinates": [
          [
            [
              8,
              19
            ],
            [
              11,
              19
            ],
            [
              11,
              19.6
            ],
            [
              13,
              19.6
            ],
            [
              13,
              19
            ],
            [
              16,
              19
            ],
            [
              16,
              35
            ],
            [
              8,
              35
            ],
            [
              8,
              19
            ]
          ]
        ]
      }
    },
    {
      "type": "Feature",
      "id": "B17-SHOWCASE-F1",
      "properties": {
        "level": 1,
        "buildingId": "B17",
        "floor_id": "B17-SHOWCASE-F1",
        "name": "Floor 1",
        "classification": "synthetic",
        "source_revision": "source-showcase-1",
        "geometry_status": "authored_synthetic",
        "geometry_note": "Author-provided fictional geometry; not AI extraction or survey evidence.",
        "geometry_id": "B17-SHOWCASE-F1-shape-v1",
        "geometry_revision": 1,
        "base_elevation_m": 3.1,
        "height_m": 3.1,
        "vertical_reference": "DEMO-BM-01 fictional zero datum; not national MSL",
        "building_id": "B17",
        "internal_3d_id": "DEMO-3D-DENSE-B17:1"
      },
      "geometry": {
        "type": "Polygon",
        "coordinates": [
          [
            [
              8,
              19
            ],
            [
              11,
              19
            ],
            [
              11,
              19.6
            ],
            [
              13,
              19.6
            ],
            [
              13,
              19
            ],
            [
              16,
              19
            ],
            [
              16,
              35
            ],
            [
              8,
              35
            ],
            [
              8,
              19
            ]
          ]
        ]
      }
    },
    {
      "type": "Feature",
      "id": "B17-SHOWCASE-F2",
      "properties": {
        "level": 2,
        "buildingId": "B17",
        "floor_id": "B17-SHOWCASE-F2",
        "name": "Floor 2",
        "classification": "synthetic",
        "source_revision": "source-showcase-1",
        "geometry_status": "authored_synthetic",
        "geometry_note": "Author-provided fictional geometry; not AI extraction or survey evidence.",
        "geometry_id": "B17-SHOWCASE-F2-shape-v1",
        "geometry_revision": 1,
        "base_elevation_m": 6.2,
        "height_m": 3.1,
        "vertical_reference": "DEMO-BM-01 fictional zero datum; not national MSL",
        "building_id": "B17",
        "internal_3d_id": "DEMO-3D-DENSE-B17:2"
      },
      "geometry": {
        "type": "Polygon",
        "coordinates": [
          [
            [
              8,
              19
            ],
            [
              11,
              19
            ],
            [
              11,
              19.6
            ],
            [
              13,
              19.6
            ],
            [
              13,
              19
            ],
            [
              16,
              19
            ],
            [
              16,
              35
            ],
            [
              8,
              35
            ],
            [
              8,
              19
            ]
          ]
        ]
      }
    },
    {
      "type": "Feature",
      "id": "B17-SHOWCASE-F3",
      "properties": {
        "level": 3,
        "buildingId": "B17",
        "floor_id": "B17-SHOWCASE-F3",
        "name": "Floor 3",
        "classification": "synthetic",
        "source_revision": "source-showcase-1",
        "geometry_status": "authored_synthetic",
        "geometry_note": "Author-provided fictional geometry; not AI extraction or survey evidence.",
        "geometry_id": "B17-SHOWCASE-F3-shape-v1",
        "geometry_revision": 1,
        "base_elevation_m": 9.3,
        "height_m": 3.1,
        "vertical_reference": "DEMO-BM-01 fictional zero datum; not national MSL",
        "building_id": "B17",
        "internal_3d_id": "DEMO-3D-DENSE-B17:3"
      },
      "geometry": {
        "type": "Polygon",
        "coordinates": [
          [
            [
              8,
              19
            ],
            [
              11,
              19
            ],
            [
              11,
              19.6
            ],
            [
              13,
              19.6
            ],
            [
              13,
              19
            ],
            [
              16,
              19
            ],
            [
              16,
              35
            ],
            [
              8,
              35
            ],
            [
              8,
              19
            ]
          ]
        ]
      }
    },
    {
      "type": "Feature",
      "id": "B18-SHOWCASE-F0",
      "properties": {
        "level": 0,
        "buildingId": "B18",
        "floor_id": "B18-SHOWCASE-F0",
        "name": "Ground floor",
        "classification": "synthetic",
        "source_revision": "source-showcase-1",
        "geometry_status": "authored_synthetic",
        "geometry_note": "Author-provided fictional geometry; not AI extraction or survey evidence.",
        "geometry_id": "B18-SHOWCASE-F0-shape-v1",
        "geometry_revision": 1,
        "base_elevation_m": 0.0,
        "height_m": 3.1,
        "vertical_reference": "DEMO-BM-01 fictional zero datum; not national MSL",
        "building_id": "B18",
        "internal_3d_id": "DEMO-3D-DENSE-B18:0"
      },
      "geometry": {
        "type": "Polygon",
        "coordinates": [
          [
            [
              16,
              19.2
            ],
            [
              24,
              19.2
            ],
            [
              24,
              35
            ],
            [
              16,
              35
            ],
            [
              16,
              19.2
            ]
          ]
        ]
      }
    },
    {
      "type": "Feature",
      "id": "B18-SHOWCASE-F1",
      "properties": {
        "level": 1,
        "buildingId": "B18",
        "floor_id": "B18-SHOWCASE-F1",
        "name": "Floor 1",
        "classification": "synthetic",
        "source_revision": "source-showcase-1",
        "geometry_status": "authored_synthetic",
        "geometry_note": "Author-provided fictional geometry; not AI extraction or survey evidence.",
        "geometry_id": "B18-SHOWCASE-F1-shape-v1",
        "geometry_revision": 1,
        "base_elevation_m": 3.1,
        "height_m": 3.1,
        "vertical_reference": "DEMO-BM-01 fictional zero datum; not national MSL",
        "building_id": "B18",
        "internal_3d_id": "DEMO-3D-DENSE-B18:1"
      },
      "geometry": {
        "type": "Polygon",
        "coordinates": [
          [
            [
              16,
              19.2
            ],
            [
              24,
              19.2
            ],
            [
              24,
              35
            ],
            [
              16,
              35
            ],
            [
              16,
              19.2
            ]
          ]
        ]
      }
    },
    {
      "type": "Feature",
      "id": "B18-SHOWCASE-F2",
      "properties": {
        "level": 2,
        "buildingId": "B18",
        "floor_id": "B18-SHOWCASE-F2",
        "name": "Floor 2",
        "classification": "synthetic",
        "source_revision": "source-showcase-1",
        "geometry_status": "authored_synthetic",
        "geometry_note": "Author-provided fictional geometry; not AI extraction or survey evidence.",
        "geometry_id": "B18-SHOWCASE-F2-shape-v1",
        "geometry_revision": 1,
        "base_elevation_m": 6.2,
        "height_m": 3.1,
        "vertical_reference": "DEMO-BM-01 fictional zero datum; not national MSL",
        "building_id": "B18",
        "internal_3d_id": "DEMO-3D-DENSE-B18:2"
      },
      "geometry": {
        "type": "Polygon",
        "coordinates": [
          [
            [
              16,
              19.2
            ],
            [
              24,
              19.2
            ],
            [
              24,
              35
            ],
            [
              16,
              35
            ],
            [
              16,
              19.2
            ]
          ]
        ]
      }
    },
    {
      "type": "Feature",
      "id": "B18-SHOWCASE-F3",
      "properties": {
        "level": 3,
        "buildingId": "B18",
        "floor_id": "B18-SHOWCASE-F3",
        "name": "Floor 3",
        "classification": "synthetic",
        "source_revision": "source-showcase-1",
        "geometry_status": "authored_synthetic",
        "geometry_note": "Author-provided fictional geometry; not AI extraction or survey evidence.",
        "geometry_id": "B18-SHOWCASE-F3-shape-v1",
        "geometry_revision": 1,
        "base_elevation_m": 9.3,
        "height_m": 3.1,
        "vertical_reference": "DEMO-BM-01 fictional zero datum; not national MSL",
        "building_id": "B18",
        "internal_3d_id": "DEMO-3D-DENSE-B18:3"
      },
      "geometry": {
        "type": "Polygon",
        "coordinates": [
          [
            [
              16,
              19.2
            ],
            [
              24,
              19.2
            ],
            [
              24,
              35
            ],
            [
              16,
              35
            ],
            [
              16,
              19.2
            ]
          ]
        ]
      }
    },
    {
      "type": "Feature",
      "id": "B18-SHOWCASE-F4",
      "properties": {
        "level": 4,
        "buildingId": "B18",
        "floor_id": "B18-SHOWCASE-F4",
        "name": "Floor 4",
        "classification": "synthetic",
        "source_revision": "source-showcase-1",
        "geometry_status": "authored_synthetic",
        "geometry_note": "Author-provided fictional geometry; not AI extraction or survey evidence.",
        "geometry_id": "B18-SHOWCASE-F4-shape-v1",
        "geometry_revision": 1,
        "base_elevation_m": 12.4,
        "height_m": 3.1,
        "vertical_reference": "DEMO-BM-01 fictional zero datum; not national MSL",
        "building_id": "B18",
        "internal_3d_id": "DEMO-3D-DENSE-B18:4"
      },
      "geometry": {
        "type": "Polygon",
        "coordinates": [
          [
            [
              16,
              19.2
            ],
            [
              24,
              19.2
            ],
            [
              24,
              35
            ],
            [
              16,
              35
            ],
            [
              16,
              19.2
            ]
          ]
        ]
      }
    },
    {
      "type": "Feature",
      "id": "B19-SHOWCASE-F0",
      "properties": {
        "level": 0,
        "buildingId": "B19",
        "floor_id": "B19-SHOWCASE-F0",
        "name": "Ground floor",
        "classification": "synthetic",
        "source_revision": "source-showcase-1",
        "geometry_status": "authored_synthetic",
        "geometry_note": "Author-provided fictional geometry; not AI extraction or survey evidence.",
        "geometry_id": "B19-SHOWCASE-F0-shape-v1",
        "geometry_revision": 1,
        "base_elevation_m": 0.0,
        "height_m": 3.1,
        "vertical_reference": "DEMO-BM-01 fictional zero datum; not national MSL",
        "building_id": "B19",
        "internal_3d_id": "DEMO-3D-DENSE-B19:0"
      },
      "geometry": {
        "type": "Polygon",
        "coordinates": [
          [
            [
              24,
              19.2
            ],
            [
              32,
              19.2
            ],
            [
              32,
              35
            ],
            [
              24,
              35
            ],
            [
              24,
              19.2
            ]
          ]
        ]
      }
    },
    {
      "type": "Feature",
      "id": "B19-SHOWCASE-F1",
      "properties": {
        "level": 1,
        "buildingId": "B19",
        "floor_id": "B19-SHOWCASE-F1",
        "name": "Floor 1",
        "classification": "synthetic",
        "source_revision": "source-showcase-1",
        "geometry_status": "authored_synthetic",
        "geometry_note": "Author-provided fictional geometry; not AI extraction or survey evidence.",
        "geometry_id": "B19-SHOWCASE-F1-shape-v1",
        "geometry_revision": 1,
        "base_elevation_m": 3.1,
        "height_m": 3.1,
        "vertical_reference": "DEMO-BM-01 fictional zero datum; not national MSL",
        "building_id": "B19",
        "internal_3d_id": "DEMO-3D-DENSE-B19:1"
      },
      "geometry": {
        "type": "Polygon",
        "coordinates": [
          [
            [
              24,
              19.2
            ],
            [
              32,
              19.2
            ],
            [
              32,
              35
            ],
            [
              24,
              35
            ],
            [
              24,
              19.2
            ]
          ]
        ]
      }
    },
    {
      "type": "Feature",
      "id": "B19-SHOWCASE-F2",
      "properties": {
        "level": 2,
        "buildingId": "B19",
        "floor_id": "B19-SHOWCASE-F2",
        "name": "Floor 2",
        "classification": "synthetic",
        "source_revision": "source-showcase-1",
        "geometry_status": "authored_synthetic",
        "geometry_note": "Author-provided fictional geometry; not AI extraction or survey evidence.",
        "geometry_id": "B19-SHOWCASE-F2-shape-v1",
        "geometry_revision": 1,
        "base_elevation_m": 6.2,
        "height_m": 3.1,
        "vertical_reference": "DEMO-BM-01 fictional zero datum; not national MSL",
        "building_id": "B19",
        "internal_3d_id": "DEMO-3D-DENSE-B19:2"
      },
      "geometry": {
        "type": "Polygon",
        "coordinates": [
          [
            [
              24,
              19.2
            ],
            [
              32,
              19.2
            ],
            [
              32,
              35
            ],
            [
              24,
              35
            ],
            [
              24,
              19.2
            ]
          ]
        ]
      }
    },
    {
      "type": "Feature",
      "id": "B19-SHOWCASE-F3",
      "properties": {
        "level": 3,
        "buildingId": "B19",
        "floor_id": "B19-SHOWCASE-F3",
        "name": "Floor 3",
        "classification": "synthetic",
        "source_revision": "source-showcase-1",
        "geometry_status": "authored_synthetic",
        "geometry_note": "Author-provided fictional geometry; not AI extraction or survey evidence.",
        "geometry_id": "B19-SHOWCASE-F3-shape-v1",
        "geometry_revision": 1,
        "base_elevation_m": 9.3,
        "height_m": 3.1,
        "vertical_reference": "DEMO-BM-01 fictional zero datum; not national MSL",
        "building_id": "B19",
        "internal_3d_id": "DEMO-3D-DENSE-B19:3"
      },
      "geometry": {
        "type": "Polygon",
        "coordinates": [
          [
            [
              24,
              19.2
            ],
            [
              32,
              19.2
            ],
            [
              32,
              35
            ],
            [
              24,
              35
            ],
            [
              24,
              19.2
            ]
          ]
        ]
      }
    },
    {
      "type": "Feature",
      "id": "B20-SHOWCASE-F0",
      "properties": {
        "level": 0,
        "buildingId": "B20",
        "floor_id": "B20-SHOWCASE-F0",
        "name": "Ground floor",
        "classification": "synthetic",
        "source_revision": "source-showcase-1",
        "geometry_status": "authored_synthetic",
        "geometry_note": "Author-provided fictional geometry; not AI extraction or survey evidence.",
        "geometry_id": "B20-SHOWCASE-F0-shape-v1",
        "geometry_revision": 1,
        "base_elevation_m": 0.0,
        "height_m": 3.1,
        "vertical_reference": "DEMO-BM-01 fictional zero datum; not national MSL",
        "building_id": "B20",
        "internal_3d_id": "DEMO-3D-DENSE-B20:0"
      },
      "geometry": {
        "type": "Polygon",
        "coordinates": [
          [
            [
              32,
              19.25
            ],
            [
              40,
              19.25
            ],
            [
              40,
              35
            ],
            [
              37,
              35
            ],
            [
              37,
              34
            ],
            [
              34,
              34
            ],
            [
              34,
              35
            ],
            [
              32,
              35
            ],
            [
              32,
              19.25
            ]
          ]
        ]
      }
    },
    {
      "type": "Feature",
      "id": "B20-SHOWCASE-F1",
      "properties": {
        "level": 1,
        "buildingId": "B20",
        "floor_id": "B20-SHOWCASE-F1",
        "name": "Floor 1",
        "classification": "synthetic",
        "source_revision": "source-showcase-1",
        "geometry_status": "authored_synthetic",
        "geometry_note": "Author-provided fictional geometry; not AI extraction or survey evidence.",
        "geometry_id": "B20-SHOWCASE-F1-shape-v1",
        "geometry_revision": 1,
        "base_elevation_m": 3.1,
        "height_m": 3.1,
        "vertical_reference": "DEMO-BM-01 fictional zero datum; not national MSL",
        "building_id": "B20",
        "internal_3d_id": "DEMO-3D-DENSE-B20:1"
      },
      "geometry": {
        "type": "Polygon",
        "coordinates": [
          [
            [
              32,
              19.25
            ],
            [
              40,
              19.25
            ],
            [
              40,
              35
            ],
            [
              37,
              35
            ],
            [
              37,
              34
            ],
            [
              34,
              34
            ],
            [
              34,
              35
            ],
            [
              32,
              35
            ],
            [
              32,
              19.25
            ]
          ]
        ]
      }
    },
    {
      "type": "Feature",
      "id": "B20-SHOWCASE-F2",
      "properties": {
        "level": 2,
        "buildingId": "B20",
        "floor_id": "B20-SHOWCASE-F2",
        "name": "Floor 2",
        "classification": "synthetic",
        "source_revision": "source-showcase-1",
        "geometry_status": "authored_synthetic",
        "geometry_note": "Author-provided fictional geometry; not AI extraction or survey evidence.",
        "geometry_id": "B20-SHOWCASE-F2-shape-v1",
        "geometry_revision": 1,
        "base_elevation_m": 6.2,
        "height_m": 3.1,
        "vertical_reference": "DEMO-BM-01 fictional zero datum; not national MSL",
        "building_id": "B20",
        "internal_3d_id": "DEMO-3D-DENSE-B20:2"
      },
      "geometry": {
        "type": "Polygon",
        "coordinates": [
          [
            [
              32,
              19.25
            ],
            [
              40,
              19.25
            ],
            [
              40,
              35
            ],
            [
              37,
              35
            ],
            [
              37,
              34
            ],
            [
              34,
              34
            ],
            [
              34,
              35
            ],
            [
              32,
              35
            ],
            [
              32,
              19.25
            ]
          ]
        ]
      }
    },
    {
      "type": "Feature",
      "id": "B21-SHOWCASE-F0",
      "properties": {
        "level": 0,
        "buildingId": "B21",
        "floor_id": "B21-SHOWCASE-F0",
        "name": "Ground floor",
        "classification": "synthetic",
        "source_revision": "source-showcase-1",
        "geometry_status": "authored_synthetic",
        "geometry_note": "Author-provided fictional geometry; not AI extraction or survey evidence.",
        "geometry_id": "B21-SHOWCASE-F0-shape-v1",
        "geometry_revision": 1,
        "base_elevation_m": 0.0,
        "height_m": 3.1,
        "vertical_reference": "DEMO-BM-01 fictional zero datum; not national MSL",
        "building_id": "B21",
        "internal_3d_id": "DEMO-3D-DENSE-B21:0"
      },
      "geometry": {
        "type": "Polygon",
        "coordinates": [
          [
            [
              40,
              19
            ],
            [
              43,
              19
            ],
            [
              43,
              19.6
            ],
            [
              45,
              19.6
            ],
            [
              45,
              19
            ],
            [
              48,
              19
            ],
            [
              48,
              35
            ],
            [
              40,
              35
            ],
            [
              40,
              19
            ]
          ]
        ]
      }
    },
    {
      "type": "Feature",
      "id": "B21-SHOWCASE-F1",
      "properties": {
        "level": 1,
        "buildingId": "B21",
        "floor_id": "B21-SHOWCASE-F1",
        "name": "Floor 1",
        "classification": "synthetic",
        "source_revision": "source-showcase-1",
        "geometry_status": "authored_synthetic",
        "geometry_note": "Author-provided fictional geometry; not AI extraction or survey evidence.",
        "geometry_id": "B21-SHOWCASE-F1-shape-v1",
        "geometry_revision": 1,
        "base_elevation_m": 3.1,
        "height_m": 3.1,
        "vertical_reference": "DEMO-BM-01 fictional zero datum; not national MSL",
        "building_id": "B21",
        "internal_3d_id": "DEMO-3D-DENSE-B21:1"
      },
      "geometry": {
        "type": "Polygon",
        "coordinates": [
          [
            [
              40,
              19
            ],
            [
              43,
              19
            ],
            [
              43,
              19.6
            ],
            [
              45,
              19.6
            ],
            [
              45,
              19
            ],
            [
              48,
              19
            ],
            [
              48,
              35
            ],
            [
              40,
              35
            ],
            [
              40,
              19
            ]
          ]
        ]
      }
    },
    {
      "type": "Feature",
      "id": "B21-SHOWCASE-F2",
      "properties": {
        "level": 2,
        "buildingId": "B21",
        "floor_id": "B21-SHOWCASE-F2",
        "name": "Floor 2",
        "classification": "synthetic",
        "source_revision": "source-showcase-1",
        "geometry_status": "authored_synthetic",
        "geometry_note": "Author-provided fictional geometry; not AI extraction or survey evidence.",
        "geometry_id": "B21-SHOWCASE-F2-shape-v1",
        "geometry_revision": 1,
        "base_elevation_m": 6.2,
        "height_m": 3.1,
        "vertical_reference": "DEMO-BM-01 fictional zero datum; not national MSL",
        "building_id": "B21",
        "internal_3d_id": "DEMO-3D-DENSE-B21:2"
      },
      "geometry": {
        "type": "Polygon",
        "coordinates": [
          [
            [
              40,
              19
            ],
            [
              43,
              19
            ],
            [
              43,
              19.6
            ],
            [
              45,
              19.6
            ],
            [
              45,
              19
            ],
            [
              48,
              19
            ],
            [
              48,
              35
            ],
            [
              40,
              35
            ],
            [
              40,
              19
            ]
          ]
        ]
      }
    },
    {
      "type": "Feature",
      "id": "B21-SHOWCASE-F3",
      "properties": {
        "level": 3,
        "buildingId": "B21",
        "floor_id": "B21-SHOWCASE-F3",
        "name": "Floor 3",
        "classification": "synthetic",
        "source_revision": "source-showcase-1",
        "geometry_status": "authored_synthetic",
        "geometry_note": "Author-provided fictional geometry; not AI extraction or survey evidence.",
        "geometry_id": "B21-SHOWCASE-F3-shape-v1",
        "geometry_revision": 1,
        "base_elevation_m": 9.3,
        "height_m": 3.1,
        "vertical_reference": "DEMO-BM-01 fictional zero datum; not national MSL",
        "building_id": "B21",
        "internal_3d_id": "DEMO-3D-DENSE-B21:3"
      },
      "geometry": {
        "type": "Polygon",
        "coordinates": [
          [
            [
              40,
              19
            ],
            [
              43,
              19
            ],
            [
              43,
              19.6
            ],
            [
              45,
              19.6
            ],
            [
              45,
              19
            ],
            [
              48,
              19
            ],
            [
              48,
              35
            ],
            [
              40,
              35
            ],
            [
              40,
              19
            ]
          ]
        ]
      }
    },
    {
      "type": "Feature",
      "id": "B22-SHOWCASE-F0",
      "properties": {
        "level": 0,
        "buildingId": "B22",
        "floor_id": "B22-SHOWCASE-F0",
        "name": "Ground floor",
        "classification": "synthetic",
        "source_revision": "source-showcase-1",
        "geometry_status": "authored_synthetic",
        "geometry_note": "Author-provided fictional geometry; not AI extraction or survey evidence.",
        "geometry_id": "B22-SHOWCASE-F0-shape-v1",
        "geometry_revision": 1,
        "base_elevation_m": 0.0,
        "height_m": 3.1,
        "vertical_reference": "DEMO-BM-01 fictional zero datum; not national MSL",
        "building_id": "B22",
        "internal_3d_id": "DEMO-3D-DENSE-B22:0"
      },
      "geometry": {
        "type": "Polygon",
        "coordinates": [
          [
            [
              48,
              19.2
            ],
            [
              56,
              19.2
            ],
            [
              56,
              35
            ],
            [
              48,
              35
            ],
            [
              48,
              19.2
            ]
          ]
        ]
      }
    },
    {
      "type": "Feature",
      "id": "B22-SHOWCASE-F1",
      "properties": {
        "level": 1,
        "buildingId": "B22",
        "floor_id": "B22-SHOWCASE-F1",
        "name": "Floor 1",
        "classification": "synthetic",
        "source_revision": "source-showcase-1",
        "geometry_status": "authored_synthetic",
        "geometry_note": "Author-provided fictional geometry; not AI extraction or survey evidence.",
        "geometry_id": "B22-SHOWCASE-F1-shape-v1",
        "geometry_revision": 1,
        "base_elevation_m": 3.1,
        "height_m": 3.1,
        "vertical_reference": "DEMO-BM-01 fictional zero datum; not national MSL",
        "building_id": "B22",
        "internal_3d_id": "DEMO-3D-DENSE-B22:1"
      },
      "geometry": {
        "type": "Polygon",
        "coordinates": [
          [
            [
              48,
              19.2
            ],
            [
              56,
              19.2
            ],
            [
              56,
              35
            ],
            [
              48,
              35
            ],
            [
              48,
              19.2
            ]
          ]
        ]
      }
    },
    {
      "type": "Feature",
      "id": "B22-SHOWCASE-F2",
      "properties": {
        "level": 2,
        "buildingId": "B22",
        "floor_id": "B22-SHOWCASE-F2",
        "name": "Floor 2",
        "classification": "synthetic",
        "source_revision": "source-showcase-1",
        "geometry_status": "authored_synthetic",
        "geometry_note": "Author-provided fictional geometry; not AI extraction or survey evidence.",
        "geometry_id": "B22-SHOWCASE-F2-shape-v1",
        "geometry_revision": 1,
        "base_elevation_m": 6.2,
        "height_m": 3.1,
        "vertical_reference": "DEMO-BM-01 fictional zero datum; not national MSL",
        "building_id": "B22",
        "internal_3d_id": "DEMO-3D-DENSE-B22:2"
      },
      "geometry": {
        "type": "Polygon",
        "coordinates": [
          [
            [
              48,
              19.2
            ],
            [
              56,
              19.2
            ],
            [
              56,
              35
            ],
            [
              48,
              35
            ],
            [
              48,
              19.2
            ]
          ]
        ]
      }
    },
    {
      "type": "Feature",
      "id": "B22-SHOWCASE-F3",
      "properties": {
        "level": 3,
        "buildingId": "B22",
        "floor_id": "B22-SHOWCASE-F3",
        "name": "Floor 3",
        "classification": "synthetic",
        "source_revision": "source-showcase-1",
        "geometry_status": "authored_synthetic",
        "geometry_note": "Author-provided fictional geometry; not AI extraction or survey evidence.",
        "geometry_id": "B22-SHOWCASE-F3-shape-v1",
        "geometry_revision": 1,
        "base_elevation_m": 9.3,
        "height_m": 3.1,
        "vertical_reference": "DEMO-BM-01 fictional zero datum; not national MSL",
        "building_id": "B22",
        "internal_3d_id": "DEMO-3D-DENSE-B22:3"
      },
      "geometry": {
        "type": "Polygon",
        "coordinates": [
          [
            [
              48,
              19.2
            ],
            [
              56,
              19.2
            ],
            [
              56,
              35
            ],
            [
              48,
              35
            ],
            [
              48,
              19.2
            ]
          ]
        ]
      }
    },
    {
      "type": "Feature",
      "id": "B22-SHOWCASE-F4",
      "properties": {
        "level": 4,
        "buildingId": "B22",
        "floor_id": "B22-SHOWCASE-F4",
        "name": "Floor 4",
        "classification": "synthetic",
        "source_revision": "source-showcase-1",
        "geometry_status": "authored_synthetic",
        "geometry_note": "Author-provided fictional geometry; not AI extraction or survey evidence.",
        "geometry_id": "B22-SHOWCASE-F4-shape-v1",
        "geometry_revision": 1,
        "base_elevation_m": 12.4,
        "height_m": 3.1,
        "vertical_reference": "DEMO-BM-01 fictional zero datum; not national MSL",
        "building_id": "B22",
        "internal_3d_id": "DEMO-3D-DENSE-B22:4"
      },
      "geometry": {
        "type": "Polygon",
        "coordinates": [
          [
            [
              48,
              19.2
            ],
            [
              56,
              19.2
            ],
            [
              56,
              35
            ],
            [
              48,
              35
            ],
            [
              48,
              19.2
            ]
          ]
        ]
      }
    },
    {
      "type": "Feature",
      "id": "B23-SHOWCASE-F0",
      "properties": {
        "level": 0,
        "buildingId": "B23",
        "floor_id": "B23-SHOWCASE-F0",
        "name": "Ground floor",
        "classification": "synthetic",
        "source_revision": "source-showcase-1",
        "geometry_status": "authored_synthetic",
        "geometry_note": "Author-provided fictional geometry; not AI extraction or survey evidence.",
        "geometry_id": "B23-SHOWCASE-F0-shape-v1",
        "geometry_revision": 1,
        "base_elevation_m": 0.0,
        "height_m": 3.1,
        "vertical_reference": "DEMO-BM-01 fictional zero datum; not national MSL",
        "building_id": "B23",
        "internal_3d_id": "DEMO-3D-DENSE-B23:0"
      },
      "geometry": {
        "type": "Polygon",
        "coordinates": [
          [
            [
              64,
              19.2
            ],
            [
              72,
              19.2
            ],
            [
              72,
              35
            ],
            [
              64,
              35
            ],
            [
              64,
              19.2
            ]
          ]
        ]
      }
    },
    {
      "type": "Feature",
      "id": "B23-SHOWCASE-F1",
      "properties": {
        "level": 1,
        "buildingId": "B23",
        "floor_id": "B23-SHOWCASE-F1",
        "name": "Floor 1",
        "classification": "synthetic",
        "source_revision": "source-showcase-1",
        "geometry_status": "authored_synthetic",
        "geometry_note": "Author-provided fictional geometry; not AI extraction or survey evidence.",
        "geometry_id": "B23-SHOWCASE-F1-shape-v1",
        "geometry_revision": 1,
        "base_elevation_m": 3.1,
        "height_m": 3.1,
        "vertical_reference": "DEMO-BM-01 fictional zero datum; not national MSL",
        "building_id": "B23",
        "internal_3d_id": "DEMO-3D-DENSE-B23:1"
      },
      "geometry": {
        "type": "Polygon",
        "coordinates": [
          [
            [
              64,
              19.2
            ],
            [
              72,
              19.2
            ],
            [
              72,
              35
            ],
            [
              64,
              35
            ],
            [
              64,
              19.2
            ]
          ]
        ]
      }
    },
    {
      "type": "Feature",
      "id": "B23-SHOWCASE-F2",
      "properties": {
        "level": 2,
        "buildingId": "B23",
        "floor_id": "B23-SHOWCASE-F2",
        "name": "Floor 2",
        "classification": "synthetic",
        "source_revision": "source-showcase-1",
        "geometry_status": "authored_synthetic",
        "geometry_note": "Author-provided fictional geometry; not AI extraction or survey evidence.",
        "geometry_id": "B23-SHOWCASE-F2-shape-v1",
        "geometry_revision": 1,
        "base_elevation_m": 6.2,
        "height_m": 3.1,
        "vertical_reference": "DEMO-BM-01 fictional zero datum; not national MSL",
        "building_id": "B23",
        "internal_3d_id": "DEMO-3D-DENSE-B23:2"
      },
      "geometry": {
        "type": "Polygon",
        "coordinates": [
          [
            [
              64,
              19.2
            ],
            [
              72,
              19.2
            ],
            [
              72,
              35
            ],
            [
              64,
              35
            ],
            [
              64,
              19.2
            ]
          ]
        ]
      }
    },
    {
      "type": "Feature",
      "id": "B23-SHOWCASE-F3",
      "properties": {
        "level": 3,
        "buildingId": "B23",
        "floor_id": "B23-SHOWCASE-F3",
        "name": "Floor 3",
        "classification": "synthetic",
        "source_revision": "source-showcase-1",
        "geometry_status": "authored_synthetic",
        "geometry_note": "Author-provided fictional geometry; not AI extraction or survey evidence.",
        "geometry_id": "B23-SHOWCASE-F3-shape-v1",
        "geometry_revision": 1,
        "base_elevation_m": 9.3,
        "height_m": 3.1,
        "vertical_reference": "DEMO-BM-01 fictional zero datum; not national MSL",
        "building_id": "B23",
        "internal_3d_id": "DEMO-3D-DENSE-B23:3"
      },
      "geometry": {
        "type": "Polygon",
        "coordinates": [
          [
            [
              64,
              19.2
            ],
            [
              72,
              19.2
            ],
            [
              72,
              35
            ],
            [
              64,
              35
            ],
            [
              64,
              19.2
            ]
          ]
        ]
      }
    },
    {
      "type": "Feature",
      "id": "B24-SHOWCASE-F0",
      "properties": {
        "level": 0,
        "buildingId": "B24",
        "floor_id": "B24-SHOWCASE-F0",
        "name": "Ground floor",
        "classification": "synthetic",
        "source_revision": "source-showcase-1",
        "geometry_status": "authored_synthetic",
        "geometry_note": "Author-provided fictional geometry; not AI extraction or survey evidence.",
        "geometry_id": "B24-SHOWCASE-F0-shape-v1",
        "geometry_revision": 1,
        "base_elevation_m": 0.0,
        "height_m": 3.1,
        "vertical_reference": "DEMO-BM-01 fictional zero datum; not national MSL",
        "building_id": "B24",
        "internal_3d_id": "DEMO-3D-DENSE-B24:0"
      },
      "geometry": {
        "type": "Polygon",
        "coordinates": [
          [
            [
              72,
              19.25
            ],
            [
              80,
              19.25
            ],
            [
              80,
              35
            ],
            [
              77,
              35
            ],
            [
              77,
              34
            ],
            [
              74,
              34
            ],
            [
              74,
              35
            ],
            [
              72,
              35
            ],
            [
              72,
              19.25
            ]
          ]
        ]
      }
    },
    {
      "type": "Feature",
      "id": "B24-SHOWCASE-F1",
      "properties": {
        "level": 1,
        "buildingId": "B24",
        "floor_id": "B24-SHOWCASE-F1",
        "name": "Floor 1",
        "classification": "synthetic",
        "source_revision": "source-showcase-1",
        "geometry_status": "authored_synthetic",
        "geometry_note": "Author-provided fictional geometry; not AI extraction or survey evidence.",
        "geometry_id": "B24-SHOWCASE-F1-shape-v1",
        "geometry_revision": 1,
        "base_elevation_m": 3.1,
        "height_m": 3.1,
        "vertical_reference": "DEMO-BM-01 fictional zero datum; not national MSL",
        "building_id": "B24",
        "internal_3d_id": "DEMO-3D-DENSE-B24:1"
      },
      "geometry": {
        "type": "Polygon",
        "coordinates": [
          [
            [
              72,
              19.25
            ],
            [
              80,
              19.25
            ],
            [
              80,
              35
            ],
            [
              77,
              35
            ],
            [
              77,
              34
            ],
            [
              74,
              34
            ],
            [
              74,
              35
            ],
            [
              72,
              35
            ],
            [
              72,
              19.25
            ]
          ]
        ]
      }
    },
    {
      "type": "Feature",
      "id": "B24-SHOWCASE-F2",
      "properties": {
        "level": 2,
        "buildingId": "B24",
        "floor_id": "B24-SHOWCASE-F2",
        "name": "Floor 2",
        "classification": "synthetic",
        "source_revision": "source-showcase-1",
        "geometry_status": "authored_synthetic",
        "geometry_note": "Author-provided fictional geometry; not AI extraction or survey evidence.",
        "geometry_id": "B24-SHOWCASE-F2-shape-v1",
        "geometry_revision": 1,
        "base_elevation_m": 6.2,
        "height_m": 3.1,
        "vertical_reference": "DEMO-BM-01 fictional zero datum; not national MSL",
        "building_id": "B24",
        "internal_3d_id": "DEMO-3D-DENSE-B24:2"
      },
      "geometry": {
        "type": "Polygon",
        "coordinates": [
          [
            [
              72,
              19.25
            ],
            [
              80,
              19.25
            ],
            [
              80,
              35
            ],
            [
              77,
              35
            ],
            [
              77,
              34
            ],
            [
              74,
              34
            ],
            [
              74,
              35
            ],
            [
              72,
              35
            ],
            [
              72,
              19.25
            ]
          ]
        ]
      }
    },
    {
      "type": "Feature",
      "id": "B25-SHOWCASE-F0",
      "properties": {
        "level": 0,
        "buildingId": "B25",
        "floor_id": "B25-SHOWCASE-F0",
        "name": "Ground floor",
        "classification": "synthetic",
        "source_revision": "source-showcase-1",
        "geometry_status": "authored_synthetic",
        "geometry_note": "Author-provided fictional geometry; not AI extraction or survey evidence.",
        "geometry_id": "B25-SHOWCASE-F0-shape-v1",
        "geometry_revision": 1,
        "base_elevation_m": 0.0,
        "height_m": 3.1,
        "vertical_reference": "DEMO-BM-01 fictional zero datum; not national MSL",
        "building_id": "B25",
        "internal_3d_id": "DEMO-3D-DENSE-B25:0"
      },
      "geometry": {
        "type": "Polygon",
        "coordinates": [
          [
            [
              80,
              19
            ],
            [
              83,
              19
            ],
            [
              83,
              19.6
            ],
            [
              85,
              19.6
            ],
            [
              85,
              19
            ],
            [
              88,
              19
            ],
            [
              88,
              35
            ],
            [
              80,
              35
            ],
            [
              80,
              19
            ]
          ]
        ]
      }
    },
    {
      "type": "Feature",
      "id": "B25-SHOWCASE-F1",
      "properties": {
        "level": 1,
        "buildingId": "B25",
        "floor_id": "B25-SHOWCASE-F1",
        "name": "Floor 1",
        "classification": "synthetic",
        "source_revision": "source-showcase-1",
        "geometry_status": "authored_synthetic",
        "geometry_note": "Author-provided fictional geometry; not AI extraction or survey evidence.",
        "geometry_id": "B25-SHOWCASE-F1-shape-v1",
        "geometry_revision": 1,
        "base_elevation_m": 3.1,
        "height_m": 3.1,
        "vertical_reference": "DEMO-BM-01 fictional zero datum; not national MSL",
        "building_id": "B25",
        "internal_3d_id": "DEMO-3D-DENSE-B25:1"
      },
      "geometry": {
        "type": "Polygon",
        "coordinates": [
          [
            [
              80,
              19
            ],
            [
              83,
              19
            ],
            [
              83,
              19.6
            ],
            [
              85,
              19.6
            ],
            [
              85,
              19
            ],
            [
              88,
              19
            ],
            [
              88,
              35
            ],
            [
              80,
              35
            ],
            [
              80,
              19
            ]
          ]
        ]
      }
    },
    {
      "type": "Feature",
      "id": "B25-SHOWCASE-F2",
      "properties": {
        "level": 2,
        "buildingId": "B25",
        "floor_id": "B25-SHOWCASE-F2",
        "name": "Floor 2",
        "classification": "synthetic",
        "source_revision": "source-showcase-1",
        "geometry_status": "authored_synthetic",
        "geometry_note": "Author-provided fictional geometry; not AI extraction or survey evidence.",
        "geometry_id": "B25-SHOWCASE-F2-shape-v1",
        "geometry_revision": 1,
        "base_elevation_m": 6.2,
        "height_m": 3.1,
        "vertical_reference": "DEMO-BM-01 fictional zero datum; not national MSL",
        "building_id": "B25",
        "internal_3d_id": "DEMO-3D-DENSE-B25:2"
      },
      "geometry": {
        "type": "Polygon",
        "coordinates": [
          [
            [
              80,
              19
            ],
            [
              83,
              19
            ],
            [
              83,
              19.6
            ],
            [
              85,
              19.6
            ],
            [
              85,
              19
            ],
            [
              88,
              19
            ],
            [
              88,
              35
            ],
            [
              80,
              35
            ],
            [
              80,
              19
            ]
          ]
        ]
      }
    },
    {
      "type": "Feature",
      "id": "B25-SHOWCASE-F3",
      "properties": {
        "level": 3,
        "buildingId": "B25",
        "floor_id": "B25-SHOWCASE-F3",
        "name": "Floor 3",
        "classification": "synthetic",
        "source_revision": "source-showcase-1",
        "geometry_status": "authored_synthetic",
        "geometry_note": "Author-provided fictional geometry; not AI extraction or survey evidence.",
        "geometry_id": "B25-SHOWCASE-F3-shape-v1",
        "geometry_revision": 1,
        "base_elevation_m": 9.3,
        "height_m": 3.1,
        "vertical_reference": "DEMO-BM-01 fictional zero datum; not national MSL",
        "building_id": "B25",
        "internal_3d_id": "DEMO-3D-DENSE-B25:3"
      },
      "geometry": {
        "type": "Polygon",
        "coordinates": [
          [
            [
              80,
              19
            ],
            [
              83,
              19
            ],
            [
              83,
              19.6
            ],
            [
              85,
              19.6
            ],
            [
              85,
              19
            ],
            [
              88,
              19
            ],
            [
              88,
              35
            ],
            [
              80,
              35
            ],
            [
              80,
              19
            ]
          ]
        ]
      }
    },
    {
      "type": "Feature",
      "id": "B26-SHOWCASE-F0",
      "properties": {
        "level": 0,
        "buildingId": "B26",
        "floor_id": "B26-SHOWCASE-F0",
        "name": "Ground floor",
        "classification": "synthetic",
        "source_revision": "source-showcase-1",
        "geometry_status": "authored_synthetic",
        "geometry_note": "Author-provided fictional geometry; not AI extraction or survey evidence.",
        "geometry_id": "B26-SHOWCASE-F0-shape-v1",
        "geometry_revision": 1,
        "base_elevation_m": 0.0,
        "height_m": 3.1,
        "vertical_reference": "DEMO-BM-01 fictional zero datum; not national MSL",
        "building_id": "B26",
        "internal_3d_id": "DEMO-3D-DENSE-B26:0"
      },
      "geometry": {
        "type": "Polygon",
        "coordinates": [
          [
            [
              88,
              19.2
            ],
            [
              96,
              19.2
            ],
            [
              96,
              35
            ],
            [
              88,
              35
            ],
            [
              88,
              19.2
            ]
          ]
        ]
      }
    },
    {
      "type": "Feature",
      "id": "B26-SHOWCASE-F1",
      "properties": {
        "level": 1,
        "buildingId": "B26",
        "floor_id": "B26-SHOWCASE-F1",
        "name": "Floor 1",
        "classification": "synthetic",
        "source_revision": "source-showcase-1",
        "geometry_status": "authored_synthetic",
        "geometry_note": "Author-provided fictional geometry; not AI extraction or survey evidence.",
        "geometry_id": "B26-SHOWCASE-F1-shape-v1",
        "geometry_revision": 1,
        "base_elevation_m": 3.1,
        "height_m": 3.1,
        "vertical_reference": "DEMO-BM-01 fictional zero datum; not national MSL",
        "building_id": "B26",
        "internal_3d_id": "DEMO-3D-DENSE-B26:1"
      },
      "geometry": {
        "type": "Polygon",
        "coordinates": [
          [
            [
              88,
              19.2
            ],
            [
              96,
              19.2
            ],
            [
              96,
              35
            ],
            [
              88,
              35
            ],
            [
              88,
              19.2
            ]
          ]
        ]
      }
    },
    {
      "type": "Feature",
      "id": "B26-SHOWCASE-F2",
      "properties": {
        "level": 2,
        "buildingId": "B26",
        "floor_id": "B26-SHOWCASE-F2",
        "name": "Floor 2",
        "classification": "synthetic",
        "source_revision": "source-showcase-1",
        "geometry_status": "authored_synthetic",
        "geometry_note": "Author-provided fictional geometry; not AI extraction or survey evidence.",
        "geometry_id": "B26-SHOWCASE-F2-shape-v1",
        "geometry_revision": 1,
        "base_elevation_m": 6.2,
        "height_m": 3.1,
        "vertical_reference": "DEMO-BM-01 fictional zero datum; not national MSL",
        "building_id": "B26",
        "internal_3d_id": "DEMO-3D-DENSE-B26:2"
      },
      "geometry": {
        "type": "Polygon",
        "coordinates": [
          [
            [
              88,
              19.2
            ],
            [
              96,
              19.2
            ],
            [
              96,
              35
            ],
            [
              88,
              35
            ],
            [
              88,
              19.2
            ]
          ]
        ]
      }
    },
    {
      "type": "Feature",
      "id": "B26-SHOWCASE-F3",
      "properties": {
        "level": 3,
        "buildingId": "B26",
        "floor_id": "B26-SHOWCASE-F3",
        "name": "Floor 3",
        "classification": "synthetic",
        "source_revision": "source-showcase-1",
        "geometry_status": "authored_synthetic",
        "geometry_note": "Author-provided fictional geometry; not AI extraction or survey evidence.",
        "geometry_id": "B26-SHOWCASE-F3-shape-v1",
        "geometry_revision": 1,
        "base_elevation_m": 9.3,
        "height_m": 3.1,
        "vertical_reference": "DEMO-BM-01 fictional zero datum; not national MSL",
        "building_id": "B26",
        "internal_3d_id": "DEMO-3D-DENSE-B26:3"
      },
      "geometry": {
        "type": "Polygon",
        "coordinates": [
          [
            [
              88,
              19.2
            ],
            [
              96,
              19.2
            ],
            [
              96,
              35
            ],
            [
              88,
              35
            ],
            [
              88,
              19.2
            ]
          ]
        ]
      }
    },
    {
      "type": "Feature",
      "id": "B26-SHOWCASE-F4",
      "properties": {
        "level": 4,
        "buildingId": "B26",
        "floor_id": "B26-SHOWCASE-F4",
        "name": "Floor 4",
        "classification": "synthetic",
        "source_revision": "source-showcase-1",
        "geometry_status": "authored_synthetic",
        "geometry_note": "Author-provided fictional geometry; not AI extraction or survey evidence.",
        "geometry_id": "B26-SHOWCASE-F4-shape-v1",
        "geometry_revision": 1,
        "base_elevation_m": 12.4,
        "height_m": 3.1,
        "vertical_reference": "DEMO-BM-01 fictional zero datum; not national MSL",
        "building_id": "B26",
        "internal_3d_id": "DEMO-3D-DENSE-B26:4"
      },
      "geometry": {
        "type": "Polygon",
        "coordinates": [
          [
            [
              88,
              19.2
            ],
            [
              96,
              19.2
            ],
            [
              96,
              35
            ],
            [
              88,
              35
            ],
            [
              88,
              19.2
            ]
          ]
        ]
      }
    },
    {
      "type": "Feature",
      "id": "B27-SHOWCASE-F0",
      "properties": {
        "level": 0,
        "buildingId": "B27",
        "floor_id": "B27-SHOWCASE-F0",
        "name": "Ground floor",
        "classification": "synthetic",
        "source_revision": "source-showcase-1",
        "geometry_status": "authored_synthetic",
        "geometry_note": "Author-provided fictional geometry; not AI extraction or survey evidence.",
        "geometry_id": "B27-SHOWCASE-F0-shape-v1",
        "geometry_revision": 1,
        "base_elevation_m": 0.0,
        "height_m": 3.1,
        "vertical_reference": "DEMO-BM-01 fictional zero datum; not national MSL",
        "building_id": "B27",
        "internal_3d_id": "DEMO-3D-DENSE-B27:0"
      },
      "geometry": {
        "type": "Polygon",
        "coordinates": [
          [
            [
              96,
              19.2
            ],
            [
              104,
              19.2
            ],
            [
              104,
              35
            ],
            [
              96,
              35
            ],
            [
              96,
              19.2
            ]
          ]
        ]
      }
    },
    {
      "type": "Feature",
      "id": "B27-SHOWCASE-F1",
      "properties": {
        "level": 1,
        "buildingId": "B27",
        "floor_id": "B27-SHOWCASE-F1",
        "name": "Floor 1",
        "classification": "synthetic",
        "source_revision": "source-showcase-1",
        "geometry_status": "authored_synthetic",
        "geometry_note": "Author-provided fictional geometry; not AI extraction or survey evidence.",
        "geometry_id": "B27-SHOWCASE-F1-shape-v1",
        "geometry_revision": 1,
        "base_elevation_m": 3.1,
        "height_m": 3.1,
        "vertical_reference": "DEMO-BM-01 fictional zero datum; not national MSL",
        "building_id": "B27",
        "internal_3d_id": "DEMO-3D-DENSE-B27:1"
      },
      "geometry": {
        "type": "Polygon",
        "coordinates": [
          [
            [
              96,
              19.2
            ],
            [
              104,
              19.2
            ],
            [
              104,
              35
            ],
            [
              96,
              35
            ],
            [
              96,
              19.2
            ]
          ]
        ]
      }
    },
    {
      "type": "Feature",
      "id": "B27-SHOWCASE-F2",
      "properties": {
        "level": 2,
        "buildingId": "B27",
        "floor_id": "B27-SHOWCASE-F2",
        "name": "Floor 2",
        "classification": "synthetic",
        "source_revision": "source-showcase-1",
        "geometry_status": "authored_synthetic",
        "geometry_note": "Author-provided fictional geometry; not AI extraction or survey evidence.",
        "geometry_id": "B27-SHOWCASE-F2-shape-v1",
        "geometry_revision": 1,
        "base_elevation_m": 6.2,
        "height_m": 3.1,
        "vertical_reference": "DEMO-BM-01 fictional zero datum; not national MSL",
        "building_id": "B27",
        "internal_3d_id": "DEMO-3D-DENSE-B27:2"
      },
      "geometry": {
        "type": "Polygon",
        "coordinates": [
          [
            [
              96,
              19.2
            ],
            [
              104,
              19.2
            ],
            [
              104,
              35
            ],
            [
              96,
              35
            ],
            [
              96,
              19.2
            ]
          ]
        ]
      }
    },
    {
      "type": "Feature",
      "id": "B27-SHOWCASE-F3",
      "properties": {
        "level": 3,
        "buildingId": "B27",
        "floor_id": "B27-SHOWCASE-F3",
        "name": "Floor 3",
        "classification": "synthetic",
        "source_revision": "source-showcase-1",
        "geometry_status": "authored_synthetic",
        "geometry_note": "Author-provided fictional geometry; not AI extraction or survey evidence.",
        "geometry_id": "B27-SHOWCASE-F3-shape-v1",
        "geometry_revision": 1,
        "base_elevation_m": 9.3,
        "height_m": 3.1,
        "vertical_reference": "DEMO-BM-01 fictional zero datum; not national MSL",
        "building_id": "B27",
        "internal_3d_id": "DEMO-3D-DENSE-B27:3"
      },
      "geometry": {
        "type": "Polygon",
        "coordinates": [
          [
            [
              96,
              19.2
            ],
            [
              104,
              19.2
            ],
            [
              104,
              35
            ],
            [
              96,
              35
            ],
            [
              96,
              19.2
            ]
          ]
        ]
      }
    },
    {
      "type": "Feature",
      "id": "B28-SHOWCASE-F0",
      "properties": {
        "level": 0,
        "buildingId": "B28",
        "floor_id": "B28-SHOWCASE-F0",
        "name": "Ground floor",
        "classification": "synthetic",
        "source_revision": "source-showcase-1",
        "geometry_status": "authored_synthetic",
        "geometry_note": "Author-provided fictional geometry; not AI extraction or survey evidence.",
        "geometry_id": "B28-SHOWCASE-F0-shape-v1",
        "geometry_revision": 1,
        "base_elevation_m": 0.0,
        "height_m": 3.1,
        "vertical_reference": "DEMO-BM-01 fictional zero datum; not national MSL",
        "building_id": "B28",
        "internal_3d_id": "DEMO-3D-DENSE-B28:0"
      },
      "geometry": {
        "type": "Polygon",
        "coordinates": [
          [
            [
              104,
              19.25
            ],
            [
              112,
              19.25
            ],
            [
              112,
              35
            ],
            [
              109,
              35
            ],
            [
              109,
              34
            ],
            [
              106,
              34
            ],
            [
              106,
              35
            ],
            [
              104,
              35
            ],
            [
              104,
              19.25
            ]
          ]
        ]
      }
    },
    {
      "type": "Feature",
      "id": "B28-SHOWCASE-F1",
      "properties": {
        "level": 1,
        "buildingId": "B28",
        "floor_id": "B28-SHOWCASE-F1",
        "name": "Floor 1",
        "classification": "synthetic",
        "source_revision": "source-showcase-1",
        "geometry_status": "authored_synthetic",
        "geometry_note": "Author-provided fictional geometry; not AI extraction or survey evidence.",
        "geometry_id": "B28-SHOWCASE-F1-shape-v1",
        "geometry_revision": 1,
        "base_elevation_m": 3.1,
        "height_m": 3.1,
        "vertical_reference": "DEMO-BM-01 fictional zero datum; not national MSL",
        "building_id": "B28",
        "internal_3d_id": "DEMO-3D-DENSE-B28:1"
      },
      "geometry": {
        "type": "Polygon",
        "coordinates": [
          [
            [
              104,
              19.25
            ],
            [
              112,
              19.25
            ],
            [
              112,
              35
            ],
            [
              109,
              35
            ],
            [
              109,
              34
            ],
            [
              106,
              34
            ],
            [
              106,
              35
            ],
            [
              104,
              35
            ],
            [
              104,
              19.25
            ]
          ]
        ]
      }
    },
    {
      "type": "Feature",
      "id": "B28-SHOWCASE-F2",
      "properties": {
        "level": 2,
        "buildingId": "B28",
        "floor_id": "B28-SHOWCASE-F2",
        "name": "Floor 2",
        "classification": "synthetic",
        "source_revision": "source-showcase-1",
        "geometry_status": "authored_synthetic",
        "geometry_note": "Author-provided fictional geometry; not AI extraction or survey evidence.",
        "geometry_id": "B28-SHOWCASE-F2-shape-v1",
        "geometry_revision": 1,
        "base_elevation_m": 6.2,
        "height_m": 3.1,
        "vertical_reference": "DEMO-BM-01 fictional zero datum; not national MSL",
        "building_id": "B28",
        "internal_3d_id": "DEMO-3D-DENSE-B28:2"
      },
      "geometry": {
        "type": "Polygon",
        "coordinates": [
          [
            [
              104,
              19.25
            ],
            [
              112,
              19.25
            ],
            [
              112,
              35
            ],
            [
              109,
              35
            ],
            [
              109,
              34
            ],
            [
              106,
              34
            ],
            [
              106,
              35
            ],
            [
              104,
              35
            ],
            [
              104,
              19.25
            ]
          ]
        ]
      }
    },
    {
      "type": "Feature",
      "id": "B29-SHOWCASE-F0",
      "properties": {
        "level": 0,
        "buildingId": "B29",
        "floor_id": "B29-SHOWCASE-F0",
        "name": "Ground floor",
        "classification": "synthetic",
        "source_revision": "source-showcase-1",
        "geometry_status": "authored_synthetic",
        "geometry_note": "Author-provided fictional geometry; not AI extraction or survey evidence.",
        "geometry_id": "B29-SHOWCASE-F0-shape-v1",
        "geometry_revision": 1,
        "base_elevation_m": 0.0,
        "height_m": 3.1,
        "vertical_reference": "DEMO-BM-01 fictional zero datum; not national MSL",
        "building_id": "B29",
        "internal_3d_id": "DEMO-3D-DENSE-B29:0"
      },
      "geometry": {
        "type": "Polygon",
        "coordinates": [
          [
            [
              112,
              19
            ],
            [
              115,
              19
            ],
            [
              115,
              19.6
            ],
            [
              117,
              19.6
            ],
            [
              117,
              19
            ],
            [
              120,
              19
            ],
            [
              120,
              35
            ],
            [
              112,
              35
            ],
            [
              112,
              19
            ]
          ]
        ]
      }
    },
    {
      "type": "Feature",
      "id": "B29-SHOWCASE-F1",
      "properties": {
        "level": 1,
        "buildingId": "B29",
        "floor_id": "B29-SHOWCASE-F1",
        "name": "Floor 1",
        "classification": "synthetic",
        "source_revision": "source-showcase-1",
        "geometry_status": "authored_synthetic",
        "geometry_note": "Author-provided fictional geometry; not AI extraction or survey evidence.",
        "geometry_id": "B29-SHOWCASE-F1-shape-v1",
        "geometry_revision": 1,
        "base_elevation_m": 3.1,
        "height_m": 3.1,
        "vertical_reference": "DEMO-BM-01 fictional zero datum; not national MSL",
        "building_id": "B29",
        "internal_3d_id": "DEMO-3D-DENSE-B29:1"
      },
      "geometry": {
        "type": "Polygon",
        "coordinates": [
          [
            [
              112,
              19
            ],
            [
              115,
              19
            ],
            [
              115,
              19.6
            ],
            [
              117,
              19.6
            ],
            [
              117,
              19
            ],
            [
              120,
              19
            ],
            [
              120,
              35
            ],
            [
              112,
              35
            ],
            [
              112,
              19
            ]
          ]
        ]
      }
    },
    {
      "type": "Feature",
      "id": "B29-SHOWCASE-F2",
      "properties": {
        "level": 2,
        "buildingId": "B29",
        "floor_id": "B29-SHOWCASE-F2",
        "name": "Floor 2",
        "classification": "synthetic",
        "source_revision": "source-showcase-1",
        "geometry_status": "authored_synthetic",
        "geometry_note": "Author-provided fictional geometry; not AI extraction or survey evidence.",
        "geometry_id": "B29-SHOWCASE-F2-shape-v1",
        "geometry_revision": 1,
        "base_elevation_m": 6.2,
        "height_m": 3.1,
        "vertical_reference": "DEMO-BM-01 fictional zero datum; not national MSL",
        "building_id": "B29",
        "internal_3d_id": "DEMO-3D-DENSE-B29:2"
      },
      "geometry": {
        "type": "Polygon",
        "coordinates": [
          [
            [
              112,
              19
            ],
            [
              115,
              19
            ],
            [
              115,
              19.6
            ],
            [
              117,
              19.6
            ],
            [
              117,
              19
            ],
            [
              120,
              19
            ],
            [
              120,
              35
            ],
            [
              112,
              35
            ],
            [
              112,
              19
            ]
          ]
        ]
      }
    },
    {
      "type": "Feature",
      "id": "B29-SHOWCASE-F3",
      "properties": {
        "level": 3,
        "buildingId": "B29",
        "floor_id": "B29-SHOWCASE-F3",
        "name": "Floor 3",
        "classification": "synthetic",
        "source_revision": "source-showcase-1",
        "geometry_status": "authored_synthetic",
        "geometry_note": "Author-provided fictional geometry; not AI extraction or survey evidence.",
        "geometry_id": "B29-SHOWCASE-F3-shape-v1",
        "geometry_revision": 1,
        "base_elevation_m": 9.3,
        "height_m": 3.1,
        "vertical_reference": "DEMO-BM-01 fictional zero datum; not national MSL",
        "building_id": "B29",
        "internal_3d_id": "DEMO-3D-DENSE-B29:3"
      },
      "geometry": {
        "type": "Polygon",
        "coordinates": [
          [
            [
              112,
              19
            ],
            [
              115,
              19
            ],
            [
              115,
              19.6
            ],
            [
              117,
              19.6
            ],
            [
              117,
              19
            ],
            [
              120,
              19
            ],
            [
              120,
              35
            ],
            [
              112,
              35
            ],
            [
              112,
              19
            ]
          ]
        ]
      }
    },
    {
      "type": "Feature",
      "id": "B30-SHOWCASE-F0",
      "properties": {
        "level": 0,
        "buildingId": "B30",
        "floor_id": "B30-SHOWCASE-F0",
        "name": "Ground floor",
        "classification": "synthetic",
        "source_revision": "source-showcase-1",
        "geometry_status": "authored_synthetic",
        "geometry_note": "Author-provided fictional geometry; not AI extraction or survey evidence.",
        "geometry_id": "B30-SHOWCASE-F0-shape-v1",
        "geometry_revision": 1,
        "base_elevation_m": 0.0,
        "height_m": 3.1,
        "vertical_reference": "DEMO-BM-01 fictional zero datum; not national MSL",
        "building_id": "B30",
        "internal_3d_id": "DEMO-3D-DENSE-B30:0"
      },
      "geometry": {
        "type": "Polygon",
        "coordinates": [
          [
            [
              0,
              38.2
            ],
            [
              8,
              38.2
            ],
            [
              8,
              54
            ],
            [
              0,
              54
            ],
            [
              0,
              38.2
            ]
          ]
        ]
      }
    },
    {
      "type": "Feature",
      "id": "B30-SHOWCASE-F1",
      "properties": {
        "level": 1,
        "buildingId": "B30",
        "floor_id": "B30-SHOWCASE-F1",
        "name": "Floor 1",
        "classification": "synthetic",
        "source_revision": "source-showcase-1",
        "geometry_status": "authored_synthetic",
        "geometry_note": "Author-provided fictional geometry; not AI extraction or survey evidence.",
        "geometry_id": "B30-SHOWCASE-F1-shape-v1",
        "geometry_revision": 1,
        "base_elevation_m": 3.1,
        "height_m": 3.1,
        "vertical_reference": "DEMO-BM-01 fictional zero datum; not national MSL",
        "building_id": "B30",
        "internal_3d_id": "DEMO-3D-DENSE-B30:1"
      },
      "geometry": {
        "type": "Polygon",
        "coordinates": [
          [
            [
              0,
              38.2
            ],
            [
              8,
              38.2
            ],
            [
              8,
              54
            ],
            [
              0,
              54
            ],
            [
              0,
              38.2
            ]
          ]
        ]
      }
    },
    {
      "type": "Feature",
      "id": "B30-SHOWCASE-F2",
      "properties": {
        "level": 2,
        "buildingId": "B30",
        "floor_id": "B30-SHOWCASE-F2",
        "name": "Floor 2",
        "classification": "synthetic",
        "source_revision": "source-showcase-1",
        "geometry_status": "authored_synthetic",
        "geometry_note": "Author-provided fictional geometry; not AI extraction or survey evidence.",
        "geometry_id": "B30-SHOWCASE-F2-shape-v1",
        "geometry_revision": 1,
        "base_elevation_m": 6.2,
        "height_m": 3.1,
        "vertical_reference": "DEMO-BM-01 fictional zero datum; not national MSL",
        "building_id": "B30",
        "internal_3d_id": "DEMO-3D-DENSE-B30:2"
      },
      "geometry": {
        "type": "Polygon",
        "coordinates": [
          [
            [
              0,
              38.2
            ],
            [
              8,
              38.2
            ],
            [
              8,
              54
            ],
            [
              0,
              54
            ],
            [
              0,
              38.2
            ]
          ]
        ]
      }
    },
    {
      "type": "Feature",
      "id": "B30-SHOWCASE-F3",
      "properties": {
        "level": 3,
        "buildingId": "B30",
        "floor_id": "B30-SHOWCASE-F3",
        "name": "Floor 3",
        "classification": "synthetic",
        "source_revision": "source-showcase-1",
        "geometry_status": "authored_synthetic",
        "geometry_note": "Author-provided fictional geometry; not AI extraction or survey evidence.",
        "geometry_id": "B30-SHOWCASE-F3-shape-v1",
        "geometry_revision": 1,
        "base_elevation_m": 9.3,
        "height_m": 3.1,
        "vertical_reference": "DEMO-BM-01 fictional zero datum; not national MSL",
        "building_id": "B30",
        "internal_3d_id": "DEMO-3D-DENSE-B30:3"
      },
      "geometry": {
        "type": "Polygon",
        "coordinates": [
          [
            [
              0,
              38.2
            ],
            [
              8,
              38.2
            ],
            [
              8,
              54
            ],
            [
              0,
              54
            ],
            [
              0,
              38.2
            ]
          ]
        ]
      }
    },
    {
      "type": "Feature",
      "id": "B30-SHOWCASE-F4",
      "properties": {
        "level": 4,
        "buildingId": "B30",
        "floor_id": "B30-SHOWCASE-F4",
        "name": "Floor 4",
        "classification": "synthetic",
        "source_revision": "source-showcase-1",
        "geometry_status": "authored_synthetic",
        "geometry_note": "Author-provided fictional geometry; not AI extraction or survey evidence.",
        "geometry_id": "B30-SHOWCASE-F4-shape-v1",
        "geometry_revision": 1,
        "base_elevation_m": 12.4,
        "height_m": 3.1,
        "vertical_reference": "DEMO-BM-01 fictional zero datum; not national MSL",
        "building_id": "B30",
        "internal_3d_id": "DEMO-3D-DENSE-B30:4"
      },
      "geometry": {
        "type": "Polygon",
        "coordinates": [
          [
            [
              0,
              38.2
            ],
            [
              8,
              38.2
            ],
            [
              8,
              54
            ],
            [
              0,
              54
            ],
            [
              0,
              38.2
            ]
          ]
        ]
      }
    },
    {
      "type": "Feature",
      "id": "B31-SHOWCASE-F0",
      "properties": {
        "level": 0,
        "buildingId": "B31",
        "floor_id": "B31-SHOWCASE-F0",
        "name": "Ground floor",
        "classification": "synthetic",
        "source_revision": "source-showcase-1",
        "geometry_status": "authored_synthetic",
        "geometry_note": "Author-provided fictional geometry; not AI extraction or survey evidence.",
        "geometry_id": "B31-SHOWCASE-F0-shape-v1",
        "geometry_revision": 1,
        "base_elevation_m": 0.0,
        "height_m": 3.1,
        "vertical_reference": "DEMO-BM-01 fictional zero datum; not national MSL",
        "building_id": "B31",
        "internal_3d_id": "DEMO-3D-DENSE-B31:0"
      },
      "geometry": {
        "type": "Polygon",
        "coordinates": [
          [
            [
              8,
              38.2
            ],
            [
              16,
              38.2
            ],
            [
              16,
              54
            ],
            [
              8,
              54
            ],
            [
              8,
              38.2
            ]
          ]
        ]
      }
    },
    {
      "type": "Feature",
      "id": "B31-SHOWCASE-F1",
      "properties": {
        "level": 1,
        "buildingId": "B31",
        "floor_id": "B31-SHOWCASE-F1",
        "name": "Floor 1",
        "classification": "synthetic",
        "source_revision": "source-showcase-1",
        "geometry_status": "authored_synthetic",
        "geometry_note": "Author-provided fictional geometry; not AI extraction or survey evidence.",
        "geometry_id": "B31-SHOWCASE-F1-shape-v1",
        "geometry_revision": 1,
        "base_elevation_m": 3.1,
        "height_m": 3.1,
        "vertical_reference": "DEMO-BM-01 fictional zero datum; not national MSL",
        "building_id": "B31",
        "internal_3d_id": "DEMO-3D-DENSE-B31:1"
      },
      "geometry": {
        "type": "Polygon",
        "coordinates": [
          [
            [
              8,
              38.2
            ],
            [
              16,
              38.2
            ],
            [
              16,
              54
            ],
            [
              8,
              54
            ],
            [
              8,
              38.2
            ]
          ]
        ]
      }
    },
    {
      "type": "Feature",
      "id": "B31-SHOWCASE-F2",
      "properties": {
        "level": 2,
        "buildingId": "B31",
        "floor_id": "B31-SHOWCASE-F2",
        "name": "Floor 2",
        "classification": "synthetic",
        "source_revision": "source-showcase-1",
        "geometry_status": "authored_synthetic",
        "geometry_note": "Author-provided fictional geometry; not AI extraction or survey evidence.",
        "geometry_id": "B31-SHOWCASE-F2-shape-v1",
        "geometry_revision": 1,
        "base_elevation_m": 6.2,
        "height_m": 3.1,
        "vertical_reference": "DEMO-BM-01 fictional zero datum; not national MSL",
        "building_id": "B31",
        "internal_3d_id": "DEMO-3D-DENSE-B31:2"
      },
      "geometry": {
        "type": "Polygon",
        "coordinates": [
          [
            [
              8,
              38.2
            ],
            [
              16,
              38.2
            ],
            [
              16,
              54
            ],
            [
              8,
              54
            ],
            [
              8,
              38.2
            ]
          ]
        ]
      }
    },
    {
      "type": "Feature",
      "id": "B31-SHOWCASE-F3",
      "properties": {
        "level": 3,
        "buildingId": "B31",
        "floor_id": "B31-SHOWCASE-F3",
        "name": "Floor 3",
        "classification": "synthetic",
        "source_revision": "source-showcase-1",
        "geometry_status": "authored_synthetic",
        "geometry_note": "Author-provided fictional geometry; not AI extraction or survey evidence.",
        "geometry_id": "B31-SHOWCASE-F3-shape-v1",
        "geometry_revision": 1,
        "base_elevation_m": 9.3,
        "height_m": 3.1,
        "vertical_reference": "DEMO-BM-01 fictional zero datum; not national MSL",
        "building_id": "B31",
        "internal_3d_id": "DEMO-3D-DENSE-B31:3"
      },
      "geometry": {
        "type": "Polygon",
        "coordinates": [
          [
            [
              8,
              38.2
            ],
            [
              16,
              38.2
            ],
            [
              16,
              54
            ],
            [
              8,
              54
            ],
            [
              8,
              38.2
            ]
          ]
        ]
      }
    },
    {
      "type": "Feature",
      "id": "B32-SHOWCASE-F0",
      "properties": {
        "level": 0,
        "buildingId": "B32",
        "floor_id": "B32-SHOWCASE-F0",
        "name": "Ground floor",
        "classification": "synthetic",
        "source_revision": "source-showcase-1",
        "geometry_status": "authored_synthetic",
        "geometry_note": "Author-provided fictional geometry; not AI extraction or survey evidence.",
        "geometry_id": "B32-SHOWCASE-F0-shape-v1",
        "geometry_revision": 1,
        "base_elevation_m": 0.0,
        "height_m": 3.1,
        "vertical_reference": "DEMO-BM-01 fictional zero datum; not national MSL",
        "building_id": "B32",
        "internal_3d_id": "DEMO-3D-DENSE-B32:0"
      },
      "geometry": {
        "type": "Polygon",
        "coordinates": [
          [
            [
              16,
              38.25
            ],
            [
              24,
              38.25
            ],
            [
              24,
              54
            ],
            [
              21,
              54
            ],
            [
              21,
              53
            ],
            [
              18,
              53
            ],
            [
              18,
              54
            ],
            [
              16,
              54
            ],
            [
              16,
              38.25
            ]
          ]
        ]
      }
    },
    {
      "type": "Feature",
      "id": "B32-SHOWCASE-F1",
      "properties": {
        "level": 1,
        "buildingId": "B32",
        "floor_id": "B32-SHOWCASE-F1",
        "name": "Floor 1",
        "classification": "synthetic",
        "source_revision": "source-showcase-1",
        "geometry_status": "authored_synthetic",
        "geometry_note": "Author-provided fictional geometry; not AI extraction or survey evidence.",
        "geometry_id": "B32-SHOWCASE-F1-shape-v1",
        "geometry_revision": 1,
        "base_elevation_m": 3.1,
        "height_m": 3.1,
        "vertical_reference": "DEMO-BM-01 fictional zero datum; not national MSL",
        "building_id": "B32",
        "internal_3d_id": "DEMO-3D-DENSE-B32:1"
      },
      "geometry": {
        "type": "Polygon",
        "coordinates": [
          [
            [
              16,
              38.25
            ],
            [
              24,
              38.25
            ],
            [
              24,
              54
            ],
            [
              21,
              54
            ],
            [
              21,
              53
            ],
            [
              18,
              53
            ],
            [
              18,
              54
            ],
            [
              16,
              54
            ],
            [
              16,
              38.25
            ]
          ]
        ]
      }
    },
    {
      "type": "Feature",
      "id": "B32-SHOWCASE-F2",
      "properties": {
        "level": 2,
        "buildingId": "B32",
        "floor_id": "B32-SHOWCASE-F2",
        "name": "Floor 2",
        "classification": "synthetic",
        "source_revision": "source-showcase-1",
        "geometry_status": "authored_synthetic",
        "geometry_note": "Author-provided fictional geometry; not AI extraction or survey evidence.",
        "geometry_id": "B32-SHOWCASE-F2-shape-v1",
        "geometry_revision": 1,
        "base_elevation_m": 6.2,
        "height_m": 3.1,
        "vertical_reference": "DEMO-BM-01 fictional zero datum; not national MSL",
        "building_id": "B32",
        "internal_3d_id": "DEMO-3D-DENSE-B32:2"
      },
      "geometry": {
        "type": "Polygon",
        "coordinates": [
          [
            [
              16,
              38.25
            ],
            [
              24,
              38.25
            ],
            [
              24,
              54
            ],
            [
              21,
              54
            ],
            [
              21,
              53
            ],
            [
              18,
              53
            ],
            [
              18,
              54
            ],
            [
              16,
              54
            ],
            [
              16,
              38.25
            ]
          ]
        ]
      }
    },
    {
      "type": "Feature",
      "id": "B33-SHOWCASE-F0",
      "properties": {
        "level": 0,
        "buildingId": "B33",
        "floor_id": "B33-SHOWCASE-F0",
        "name": "Ground floor",
        "classification": "synthetic",
        "source_revision": "source-showcase-1",
        "geometry_status": "authored_synthetic",
        "geometry_note": "Author-provided fictional geometry; not AI extraction or survey evidence.",
        "geometry_id": "B33-SHOWCASE-F0-shape-v1",
        "geometry_revision": 1,
        "base_elevation_m": 0.0,
        "height_m": 3.1,
        "vertical_reference": "DEMO-BM-01 fictional zero datum; not national MSL",
        "building_id": "B33",
        "internal_3d_id": "DEMO-3D-DENSE-B33:0"
      },
      "geometry": {
        "type": "Polygon",
        "coordinates": [
          [
            [
              24,
              38
            ],
            [
              27,
              38
            ],
            [
              27,
              38.6
            ],
            [
              29,
              38.6
            ],
            [
              29,
              38
            ],
            [
              32,
              38
            ],
            [
              32,
              54
            ],
            [
              24,
              54
            ],
            [
              24,
              38
            ]
          ]
        ]
      }
    },
    {
      "type": "Feature",
      "id": "B33-SHOWCASE-F1",
      "properties": {
        "level": 1,
        "buildingId": "B33",
        "floor_id": "B33-SHOWCASE-F1",
        "name": "Floor 1",
        "classification": "synthetic",
        "source_revision": "source-showcase-1",
        "geometry_status": "authored_synthetic",
        "geometry_note": "Author-provided fictional geometry; not AI extraction or survey evidence.",
        "geometry_id": "B33-SHOWCASE-F1-shape-v1",
        "geometry_revision": 1,
        "base_elevation_m": 3.1,
        "height_m": 3.1,
        "vertical_reference": "DEMO-BM-01 fictional zero datum; not national MSL",
        "building_id": "B33",
        "internal_3d_id": "DEMO-3D-DENSE-B33:1"
      },
      "geometry": {
        "type": "Polygon",
        "coordinates": [
          [
            [
              24,
              38
            ],
            [
              27,
              38
            ],
            [
              27,
              38.6
            ],
            [
              29,
              38.6
            ],
            [
              29,
              38
            ],
            [
              32,
              38
            ],
            [
              32,
              54
            ],
            [
              24,
              54
            ],
            [
              24,
              38
            ]
          ]
        ]
      }
    },
    {
      "type": "Feature",
      "id": "B33-SHOWCASE-F2",
      "properties": {
        "level": 2,
        "buildingId": "B33",
        "floor_id": "B33-SHOWCASE-F2",
        "name": "Floor 2",
        "classification": "synthetic",
        "source_revision": "source-showcase-1",
        "geometry_status": "authored_synthetic",
        "geometry_note": "Author-provided fictional geometry; not AI extraction or survey evidence.",
        "geometry_id": "B33-SHOWCASE-F2-shape-v1",
        "geometry_revision": 1,
        "base_elevation_m": 6.2,
        "height_m": 3.1,
        "vertical_reference": "DEMO-BM-01 fictional zero datum; not national MSL",
        "building_id": "B33",
        "internal_3d_id": "DEMO-3D-DENSE-B33:2"
      },
      "geometry": {
        "type": "Polygon",
        "coordinates": [
          [
            [
              24,
              38
            ],
            [
              27,
              38
            ],
            [
              27,
              38.6
            ],
            [
              29,
              38.6
            ],
            [
              29,
              38
            ],
            [
              32,
              38
            ],
            [
              32,
              54
            ],
            [
              24,
              54
            ],
            [
              24,
              38
            ]
          ]
        ]
      }
    },
    {
      "type": "Feature",
      "id": "B33-SHOWCASE-F3",
      "properties": {
        "level": 3,
        "buildingId": "B33",
        "floor_id": "B33-SHOWCASE-F3",
        "name": "Floor 3",
        "classification": "synthetic",
        "source_revision": "source-showcase-1",
        "geometry_status": "authored_synthetic",
        "geometry_note": "Author-provided fictional geometry; not AI extraction or survey evidence.",
        "geometry_id": "B33-SHOWCASE-F3-shape-v1",
        "geometry_revision": 1,
        "base_elevation_m": 9.3,
        "height_m": 3.1,
        "vertical_reference": "DEMO-BM-01 fictional zero datum; not national MSL",
        "building_id": "B33",
        "internal_3d_id": "DEMO-3D-DENSE-B33:3"
      },
      "geometry": {
        "type": "Polygon",
        "coordinates": [
          [
            [
              24,
              38
            ],
            [
              27,
              38
            ],
            [
              27,
              38.6
            ],
            [
              29,
              38.6
            ],
            [
              29,
              38
            ],
            [
              32,
              38
            ],
            [
              32,
              54
            ],
            [
              24,
              54
            ],
            [
              24,
              38
            ]
          ]
        ]
      }
    },
    {
      "type": "Feature",
      "id": "B34-SHOWCASE-F0",
      "properties": {
        "level": 0,
        "buildingId": "B34",
        "floor_id": "B34-SHOWCASE-F0",
        "name": "Ground floor",
        "classification": "synthetic",
        "source_revision": "source-showcase-1",
        "geometry_status": "authored_synthetic",
        "geometry_note": "Author-provided fictional geometry; not AI extraction or survey evidence.",
        "geometry_id": "B34-SHOWCASE-F0-shape-v1",
        "geometry_revision": 1,
        "base_elevation_m": 0.0,
        "height_m": 3.1,
        "vertical_reference": "DEMO-BM-01 fictional zero datum; not national MSL",
        "building_id": "B34",
        "internal_3d_id": "DEMO-3D-DENSE-B34:0"
      },
      "geometry": {
        "type": "Polygon",
        "coordinates": [
          [
            [
              32,
              38.2
            ],
            [
              40,
              38.2
            ],
            [
              40,
              54
            ],
            [
              32,
              54
            ],
            [
              32,
              38.2
            ]
          ]
        ]
      }
    },
    {
      "type": "Feature",
      "id": "B34-SHOWCASE-F1",
      "properties": {
        "level": 1,
        "buildingId": "B34",
        "floor_id": "B34-SHOWCASE-F1",
        "name": "Floor 1",
        "classification": "synthetic",
        "source_revision": "source-showcase-1",
        "geometry_status": "authored_synthetic",
        "geometry_note": "Author-provided fictional geometry; not AI extraction or survey evidence.",
        "geometry_id": "B34-SHOWCASE-F1-shape-v1",
        "geometry_revision": 1,
        "base_elevation_m": 3.1,
        "height_m": 3.1,
        "vertical_reference": "DEMO-BM-01 fictional zero datum; not national MSL",
        "building_id": "B34",
        "internal_3d_id": "DEMO-3D-DENSE-B34:1"
      },
      "geometry": {
        "type": "Polygon",
        "coordinates": [
          [
            [
              32,
              38.2
            ],
            [
              40,
              38.2
            ],
            [
              40,
              54
            ],
            [
              32,
              54
            ],
            [
              32,
              38.2
            ]
          ]
        ]
      }
    },
    {
      "type": "Feature",
      "id": "B34-SHOWCASE-F2",
      "properties": {
        "level": 2,
        "buildingId": "B34",
        "floor_id": "B34-SHOWCASE-F2",
        "name": "Floor 2",
        "classification": "synthetic",
        "source_revision": "source-showcase-1",
        "geometry_status": "authored_synthetic",
        "geometry_note": "Author-provided fictional geometry; not AI extraction or survey evidence.",
        "geometry_id": "B34-SHOWCASE-F2-shape-v1",
        "geometry_revision": 1,
        "base_elevation_m": 6.2,
        "height_m": 3.1,
        "vertical_reference": "DEMO-BM-01 fictional zero datum; not national MSL",
        "building_id": "B34",
        "internal_3d_id": "DEMO-3D-DENSE-B34:2"
      },
      "geometry": {
        "type": "Polygon",
        "coordinates": [
          [
            [
              32,
              38.2
            ],
            [
              40,
              38.2
            ],
            [
              40,
              54
            ],
            [
              32,
              54
            ],
            [
              32,
              38.2
            ]
          ]
        ]
      }
    },
    {
      "type": "Feature",
      "id": "B34-SHOWCASE-F3",
      "properties": {
        "level": 3,
        "buildingId": "B34",
        "floor_id": "B34-SHOWCASE-F3",
        "name": "Floor 3",
        "classification": "synthetic",
        "source_revision": "source-showcase-1",
        "geometry_status": "authored_synthetic",
        "geometry_note": "Author-provided fictional geometry; not AI extraction or survey evidence.",
        "geometry_id": "B34-SHOWCASE-F3-shape-v1",
        "geometry_revision": 1,
        "base_elevation_m": 9.3,
        "height_m": 3.1,
        "vertical_reference": "DEMO-BM-01 fictional zero datum; not national MSL",
        "building_id": "B34",
        "internal_3d_id": "DEMO-3D-DENSE-B34:3"
      },
      "geometry": {
        "type": "Polygon",
        "coordinates": [
          [
            [
              32,
              38.2
            ],
            [
              40,
              38.2
            ],
            [
              40,
              54
            ],
            [
              32,
              54
            ],
            [
              32,
              38.2
            ]
          ]
        ]
      }
    },
    {
      "type": "Feature",
      "id": "B34-SHOWCASE-F4",
      "properties": {
        "level": 4,
        "buildingId": "B34",
        "floor_id": "B34-SHOWCASE-F4",
        "name": "Floor 4",
        "classification": "synthetic",
        "source_revision": "source-showcase-1",
        "geometry_status": "authored_synthetic",
        "geometry_note": "Author-provided fictional geometry; not AI extraction or survey evidence.",
        "geometry_id": "B34-SHOWCASE-F4-shape-v1",
        "geometry_revision": 1,
        "base_elevation_m": 12.4,
        "height_m": 3.1,
        "vertical_reference": "DEMO-BM-01 fictional zero datum; not national MSL",
        "building_id": "B34",
        "internal_3d_id": "DEMO-3D-DENSE-B34:4"
      },
      "geometry": {
        "type": "Polygon",
        "coordinates": [
          [
            [
              32,
              38.2
            ],
            [
              40,
              38.2
            ],
            [
              40,
              54
            ],
            [
              32,
              54
            ],
            [
              32,
              38.2
            ]
          ]
        ]
      }
    },
    {
      "type": "Feature",
      "id": "B35-SHOWCASE-F0",
      "properties": {
        "level": 0,
        "buildingId": "B35",
        "floor_id": "B35-SHOWCASE-F0",
        "name": "Ground floor",
        "classification": "synthetic",
        "source_revision": "source-showcase-1",
        "geometry_status": "authored_synthetic",
        "geometry_note": "Author-provided fictional geometry; not AI extraction or survey evidence.",
        "geometry_id": "B35-SHOWCASE-F0-shape-v1",
        "geometry_revision": 1,
        "base_elevation_m": 0.0,
        "height_m": 3.1,
        "vertical_reference": "DEMO-BM-01 fictional zero datum; not national MSL",
        "building_id": "B35",
        "internal_3d_id": "DEMO-3D-DENSE-B35:0"
      },
      "geometry": {
        "type": "Polygon",
        "coordinates": [
          [
            [
              72,
              38.2
            ],
            [
              80,
              38.2
            ],
            [
              80,
              54
            ],
            [
              72,
              54
            ],
            [
              72,
              38.2
            ]
          ]
        ]
      }
    },
    {
      "type": "Feature",
      "id": "B35-SHOWCASE-F1",
      "properties": {
        "level": 1,
        "buildingId": "B35",
        "floor_id": "B35-SHOWCASE-F1",
        "name": "Floor 1",
        "classification": "synthetic",
        "source_revision": "source-showcase-1",
        "geometry_status": "authored_synthetic",
        "geometry_note": "Author-provided fictional geometry; not AI extraction or survey evidence.",
        "geometry_id": "B35-SHOWCASE-F1-shape-v1",
        "geometry_revision": 1,
        "base_elevation_m": 3.1,
        "height_m": 3.1,
        "vertical_reference": "DEMO-BM-01 fictional zero datum; not national MSL",
        "building_id": "B35",
        "internal_3d_id": "DEMO-3D-DENSE-B35:1"
      },
      "geometry": {
        "type": "Polygon",
        "coordinates": [
          [
            [
              72,
              38.2
            ],
            [
              80,
              38.2
            ],
            [
              80,
              54
            ],
            [
              72,
              54
            ],
            [
              72,
              38.2
            ]
          ]
        ]
      }
    },
    {
      "type": "Feature",
      "id": "B35-SHOWCASE-F2",
      "properties": {
        "level": 2,
        "buildingId": "B35",
        "floor_id": "B35-SHOWCASE-F2",
        "name": "Floor 2",
        "classification": "synthetic",
        "source_revision": "source-showcase-1",
        "geometry_status": "authored_synthetic",
        "geometry_note": "Author-provided fictional geometry; not AI extraction or survey evidence.",
        "geometry_id": "B35-SHOWCASE-F2-shape-v1",
        "geometry_revision": 1,
        "base_elevation_m": 6.2,
        "height_m": 3.1,
        "vertical_reference": "DEMO-BM-01 fictional zero datum; not national MSL",
        "building_id": "B35",
        "internal_3d_id": "DEMO-3D-DENSE-B35:2"
      },
      "geometry": {
        "type": "Polygon",
        "coordinates": [
          [
            [
              72,
              38.2
            ],
            [
              80,
              38.2
            ],
            [
              80,
              54
            ],
            [
              72,
              54
            ],
            [
              72,
              38.2
            ]
          ]
        ]
      }
    },
    {
      "type": "Feature",
      "id": "B35-SHOWCASE-F3",
      "properties": {
        "level": 3,
        "buildingId": "B35",
        "floor_id": "B35-SHOWCASE-F3",
        "name": "Floor 3",
        "classification": "synthetic",
        "source_revision": "source-showcase-1",
        "geometry_status": "authored_synthetic",
        "geometry_note": "Author-provided fictional geometry; not AI extraction or survey evidence.",
        "geometry_id": "B35-SHOWCASE-F3-shape-v1",
        "geometry_revision": 1,
        "base_elevation_m": 9.3,
        "height_m": 3.1,
        "vertical_reference": "DEMO-BM-01 fictional zero datum; not national MSL",
        "building_id": "B35",
        "internal_3d_id": "DEMO-3D-DENSE-B35:3"
      },
      "geometry": {
        "type": "Polygon",
        "coordinates": [
          [
            [
              72,
              38.2
            ],
            [
              80,
              38.2
            ],
            [
              80,
              54
            ],
            [
              72,
              54
            ],
            [
              72,
              38.2
            ]
          ]
        ]
      }
    },
    {
      "type": "Feature",
      "id": "B36-SHOWCASE-F0",
      "properties": {
        "level": 0,
        "buildingId": "B36",
        "floor_id": "B36-SHOWCASE-F0",
        "name": "Ground floor",
        "classification": "synthetic",
        "source_revision": "source-showcase-1",
        "geometry_status": "authored_synthetic",
        "geometry_note": "Author-provided fictional geometry; not AI extraction or survey evidence.",
        "geometry_id": "B36-SHOWCASE-F0-shape-v1",
        "geometry_revision": 1,
        "base_elevation_m": 0.0,
        "height_m": 3.1,
        "vertical_reference": "DEMO-BM-01 fictional zero datum; not national MSL",
        "building_id": "B36",
        "internal_3d_id": "DEMO-3D-DENSE-B36:0"
      },
      "geometry": {
        "type": "Polygon",
        "coordinates": [
          [
            [
              80,
              38.25
            ],
            [
              88,
              38.25
            ],
            [
              88,
              54
            ],
            [
              85,
              54
            ],
            [
              85,
              53
            ],
            [
              82,
              53
            ],
            [
              82,
              54
            ],
            [
              80,
              54
            ],
            [
              80,
              38.25
            ]
          ]
        ]
      }
    },
    {
      "type": "Feature",
      "id": "B36-SHOWCASE-F1",
      "properties": {
        "level": 1,
        "buildingId": "B36",
        "floor_id": "B36-SHOWCASE-F1",
        "name": "Floor 1",
        "classification": "synthetic",
        "source_revision": "source-showcase-1",
        "geometry_status": "authored_synthetic",
        "geometry_note": "Author-provided fictional geometry; not AI extraction or survey evidence.",
        "geometry_id": "B36-SHOWCASE-F1-shape-v1",
        "geometry_revision": 1,
        "base_elevation_m": 3.1,
        "height_m": 3.1,
        "vertical_reference": "DEMO-BM-01 fictional zero datum; not national MSL",
        "building_id": "B36",
        "internal_3d_id": "DEMO-3D-DENSE-B36:1"
      },
      "geometry": {
        "type": "Polygon",
        "coordinates": [
          [
            [
              80,
              38.25
            ],
            [
              88,
              38.25
            ],
            [
              88,
              54
            ],
            [
              85,
              54
            ],
            [
              85,
              53
            ],
            [
              82,
              53
            ],
            [
              82,
              54
            ],
            [
              80,
              54
            ],
            [
              80,
              38.25
            ]
          ]
        ]
      }
    },
    {
      "type": "Feature",
      "id": "B36-SHOWCASE-F2",
      "properties": {
        "level": 2,
        "buildingId": "B36",
        "floor_id": "B36-SHOWCASE-F2",
        "name": "Floor 2",
        "classification": "synthetic",
        "source_revision": "source-showcase-1",
        "geometry_status": "authored_synthetic",
        "geometry_note": "Author-provided fictional geometry; not AI extraction or survey evidence.",
        "geometry_id": "B36-SHOWCASE-F2-shape-v1",
        "geometry_revision": 1,
        "base_elevation_m": 6.2,
        "height_m": 3.1,
        "vertical_reference": "DEMO-BM-01 fictional zero datum; not national MSL",
        "building_id": "B36",
        "internal_3d_id": "DEMO-3D-DENSE-B36:2"
      },
      "geometry": {
        "type": "Polygon",
        "coordinates": [
          [
            [
              80,
              38.25
            ],
            [
              88,
              38.25
            ],
            [
              88,
              54
            ],
            [
              85,
              54
            ],
            [
              85,
              53
            ],
            [
              82,
              53
            ],
            [
              82,
              54
            ],
            [
              80,
              54
            ],
            [
              80,
              38.25
            ]
          ]
        ]
      }
    },
    {
      "type": "Feature",
      "id": "B37-SHOWCASE-F0",
      "properties": {
        "level": 0,
        "buildingId": "B37",
        "floor_id": "B37-SHOWCASE-F0",
        "name": "Ground floor",
        "classification": "synthetic",
        "source_revision": "source-showcase-1",
        "geometry_status": "authored_synthetic",
        "geometry_note": "Author-provided fictional geometry; not AI extraction or survey evidence.",
        "geometry_id": "B37-SHOWCASE-F0-shape-v1",
        "geometry_revision": 1,
        "base_elevation_m": 0.0,
        "height_m": 3.1,
        "vertical_reference": "DEMO-BM-01 fictional zero datum; not national MSL",
        "building_id": "B37",
        "internal_3d_id": "DEMO-3D-DENSE-B37:0"
      },
      "geometry": {
        "type": "Polygon",
        "coordinates": [
          [
            [
              88,
              38
            ],
            [
              91,
              38
            ],
            [
              91,
              38.6
            ],
            [
              93,
              38.6
            ],
            [
              93,
              38
            ],
            [
              96,
              38
            ],
            [
              96,
              54
            ],
            [
              88,
              54
            ],
            [
              88,
              38
            ]
          ]
        ]
      }
    },
    {
      "type": "Feature",
      "id": "B37-SHOWCASE-F1",
      "properties": {
        "level": 1,
        "buildingId": "B37",
        "floor_id": "B37-SHOWCASE-F1",
        "name": "Floor 1",
        "classification": "synthetic",
        "source_revision": "source-showcase-1",
        "geometry_status": "authored_synthetic",
        "geometry_note": "Author-provided fictional geometry; not AI extraction or survey evidence.",
        "geometry_id": "B37-SHOWCASE-F1-shape-v1",
        "geometry_revision": 1,
        "base_elevation_m": 3.1,
        "height_m": 3.1,
        "vertical_reference": "DEMO-BM-01 fictional zero datum; not national MSL",
        "building_id": "B37",
        "internal_3d_id": "DEMO-3D-DENSE-B37:1"
      },
      "geometry": {
        "type": "Polygon",
        "coordinates": [
          [
            [
              88,
              38
            ],
            [
              91,
              38
            ],
            [
              91,
              38.6
            ],
            [
              93,
              38.6
            ],
            [
              93,
              38
            ],
            [
              96,
              38
            ],
            [
              96,
              54
            ],
            [
              88,
              54
            ],
            [
              88,
              38
            ]
          ]
        ]
      }
    },
    {
      "type": "Feature",
      "id": "B37-SHOWCASE-F2",
      "properties": {
        "level": 2,
        "buildingId": "B37",
        "floor_id": "B37-SHOWCASE-F2",
        "name": "Floor 2",
        "classification": "synthetic",
        "source_revision": "source-showcase-1",
        "geometry_status": "authored_synthetic",
        "geometry_note": "Author-provided fictional geometry; not AI extraction or survey evidence.",
        "geometry_id": "B37-SHOWCASE-F2-shape-v1",
        "geometry_revision": 1,
        "base_elevation_m": 6.2,
        "height_m": 3.1,
        "vertical_reference": "DEMO-BM-01 fictional zero datum; not national MSL",
        "building_id": "B37",
        "internal_3d_id": "DEMO-3D-DENSE-B37:2"
      },
      "geometry": {
        "type": "Polygon",
        "coordinates": [
          [
            [
              88,
              38
            ],
            [
              91,
              38
            ],
            [
              91,
              38.6
            ],
            [
              93,
              38.6
            ],
            [
              93,
              38
            ],
            [
              96,
              38
            ],
            [
              96,
              54
            ],
            [
              88,
              54
            ],
            [
              88,
              38
            ]
          ]
        ]
      }
    },
    {
      "type": "Feature",
      "id": "B37-SHOWCASE-F3",
      "properties": {
        "level": 3,
        "buildingId": "B37",
        "floor_id": "B37-SHOWCASE-F3",
        "name": "Floor 3",
        "classification": "synthetic",
        "source_revision": "source-showcase-1",
        "geometry_status": "authored_synthetic",
        "geometry_note": "Author-provided fictional geometry; not AI extraction or survey evidence.",
        "geometry_id": "B37-SHOWCASE-F3-shape-v1",
        "geometry_revision": 1,
        "base_elevation_m": 9.3,
        "height_m": 3.1,
        "vertical_reference": "DEMO-BM-01 fictional zero datum; not national MSL",
        "building_id": "B37",
        "internal_3d_id": "DEMO-3D-DENSE-B37:3"
      },
      "geometry": {
        "type": "Polygon",
        "coordinates": [
          [
            [
              88,
              38
            ],
            [
              91,
              38
            ],
            [
              91,
              38.6
            ],
            [
              93,
              38.6
            ],
            [
              93,
              38
            ],
            [
              96,
              38
            ],
            [
              96,
              54
            ],
            [
              88,
              54
            ],
            [
              88,
              38
            ]
          ]
        ]
      }
    },
    {
      "type": "Feature",
      "id": "B38-SHOWCASE-F0",
      "properties": {
        "level": 0,
        "buildingId": "B38",
        "floor_id": "B38-SHOWCASE-F0",
        "name": "Ground floor",
        "classification": "synthetic",
        "source_revision": "source-showcase-1",
        "geometry_status": "authored_synthetic",
        "geometry_note": "Author-provided fictional geometry; not AI extraction or survey evidence.",
        "geometry_id": "B38-SHOWCASE-F0-shape-v1",
        "geometry_revision": 1,
        "base_elevation_m": 0.0,
        "height_m": 3.1,
        "vertical_reference": "DEMO-BM-01 fictional zero datum; not national MSL",
        "building_id": "B38",
        "internal_3d_id": "DEMO-3D-DENSE-B38:0"
      },
      "geometry": {
        "type": "Polygon",
        "coordinates": [
          [
            [
              96,
              38.2
            ],
            [
              104,
              38.2
            ],
            [
              104,
              54
            ],
            [
              96,
              54
            ],
            [
              96,
              38.2
            ]
          ]
        ]
      }
    },
    {
      "type": "Feature",
      "id": "B38-SHOWCASE-F1",
      "properties": {
        "level": 1,
        "buildingId": "B38",
        "floor_id": "B38-SHOWCASE-F1",
        "name": "Floor 1",
        "classification": "synthetic",
        "source_revision": "source-showcase-1",
        "geometry_status": "authored_synthetic",
        "geometry_note": "Author-provided fictional geometry; not AI extraction or survey evidence.",
        "geometry_id": "B38-SHOWCASE-F1-shape-v1",
        "geometry_revision": 1,
        "base_elevation_m": 3.1,
        "height_m": 3.1,
        "vertical_reference": "DEMO-BM-01 fictional zero datum; not national MSL",
        "building_id": "B38",
        "internal_3d_id": "DEMO-3D-DENSE-B38:1"
      },
      "geometry": {
        "type": "Polygon",
        "coordinates": [
          [
            [
              96,
              38.2
            ],
            [
              104,
              38.2
            ],
            [
              104,
              54
            ],
            [
              96,
              54
            ],
            [
              96,
              38.2
            ]
          ]
        ]
      }
    },
    {
      "type": "Feature",
      "id": "B38-SHOWCASE-F2",
      "properties": {
        "level": 2,
        "buildingId": "B38",
        "floor_id": "B38-SHOWCASE-F2",
        "name": "Floor 2",
        "classification": "synthetic",
        "source_revision": "source-showcase-1",
        "geometry_status": "authored_synthetic",
        "geometry_note": "Author-provided fictional geometry; not AI extraction or survey evidence.",
        "geometry_id": "B38-SHOWCASE-F2-shape-v1",
        "geometry_revision": 1,
        "base_elevation_m": 6.2,
        "height_m": 3.1,
        "vertical_reference": "DEMO-BM-01 fictional zero datum; not national MSL",
        "building_id": "B38",
        "internal_3d_id": "DEMO-3D-DENSE-B38:2"
      },
      "geometry": {
        "type": "Polygon",
        "coordinates": [
          [
            [
              96,
              38.2
            ],
            [
              104,
              38.2
            ],
            [
              104,
              54
            ],
            [
              96,
              54
            ],
            [
              96,
              38.2
            ]
          ]
        ]
      }
    },
    {
      "type": "Feature",
      "id": "B38-SHOWCASE-F3",
      "properties": {
        "level": 3,
        "buildingId": "B38",
        "floor_id": "B38-SHOWCASE-F3",
        "name": "Floor 3",
        "classification": "synthetic",
        "source_revision": "source-showcase-1",
        "geometry_status": "authored_synthetic",
        "geometry_note": "Author-provided fictional geometry; not AI extraction or survey evidence.",
        "geometry_id": "B38-SHOWCASE-F3-shape-v1",
        "geometry_revision": 1,
        "base_elevation_m": 9.3,
        "height_m": 3.1,
        "vertical_reference": "DEMO-BM-01 fictional zero datum; not national MSL",
        "building_id": "B38",
        "internal_3d_id": "DEMO-3D-DENSE-B38:3"
      },
      "geometry": {
        "type": "Polygon",
        "coordinates": [
          [
            [
              96,
              38.2
            ],
            [
              104,
              38.2
            ],
            [
              104,
              54
            ],
            [
              96,
              54
            ],
            [
              96,
              38.2
            ]
          ]
        ]
      }
    },
    {
      "type": "Feature",
      "id": "B38-SHOWCASE-F4",
      "properties": {
        "level": 4,
        "buildingId": "B38",
        "floor_id": "B38-SHOWCASE-F4",
        "name": "Floor 4",
        "classification": "synthetic",
        "source_revision": "source-showcase-1",
        "geometry_status": "authored_synthetic",
        "geometry_note": "Author-provided fictional geometry; not AI extraction or survey evidence.",
        "geometry_id": "B38-SHOWCASE-F4-shape-v1",
        "geometry_revision": 1,
        "base_elevation_m": 12.4,
        "height_m": 3.1,
        "vertical_reference": "DEMO-BM-01 fictional zero datum; not national MSL",
        "building_id": "B38",
        "internal_3d_id": "DEMO-3D-DENSE-B38:4"
      },
      "geometry": {
        "type": "Polygon",
        "coordinates": [
          [
            [
              96,
              38.2
            ],
            [
              104,
              38.2
            ],
            [
              104,
              54
            ],
            [
              96,
              54
            ],
            [
              96,
              38.2
            ]
          ]
        ]
      }
    },
    {
      "type": "Feature",
      "id": "B39-SHOWCASE-F0",
      "properties": {
        "level": 0,
        "buildingId": "B39",
        "floor_id": "B39-SHOWCASE-F0",
        "name": "Ground floor",
        "classification": "synthetic",
        "source_revision": "source-showcase-1",
        "geometry_status": "authored_synthetic",
        "geometry_note": "Author-provided fictional geometry; not AI extraction or survey evidence.",
        "geometry_id": "B39-SHOWCASE-F0-shape-v1",
        "geometry_revision": 1,
        "base_elevation_m": 0.0,
        "height_m": 3.1,
        "vertical_reference": "DEMO-BM-01 fictional zero datum; not national MSL",
        "building_id": "B39",
        "internal_3d_id": "DEMO-3D-DENSE-B39:0"
      },
      "geometry": {
        "type": "Polygon",
        "coordinates": [
          [
            [
              104,
              38.2
            ],
            [
              112,
              38.2
            ],
            [
              112,
              54
            ],
            [
              104,
              54
            ],
            [
              104,
              38.2
            ]
          ]
        ]
      }
    },
    {
      "type": "Feature",
      "id": "B39-SHOWCASE-F1",
      "properties": {
        "level": 1,
        "buildingId": "B39",
        "floor_id": "B39-SHOWCASE-F1",
        "name": "Floor 1",
        "classification": "synthetic",
        "source_revision": "source-showcase-1",
        "geometry_status": "authored_synthetic",
        "geometry_note": "Author-provided fictional geometry; not AI extraction or survey evidence.",
        "geometry_id": "B39-SHOWCASE-F1-shape-v1",
        "geometry_revision": 1,
        "base_elevation_m": 3.1,
        "height_m": 3.1,
        "vertical_reference": "DEMO-BM-01 fictional zero datum; not national MSL",
        "building_id": "B39",
        "internal_3d_id": "DEMO-3D-DENSE-B39:1"
      },
      "geometry": {
        "type": "Polygon",
        "coordinates": [
          [
            [
              104,
              38.2
            ],
            [
              112,
              38.2
            ],
            [
              112,
              54
            ],
            [
              104,
              54
            ],
            [
              104,
              38.2
            ]
          ]
        ]
      }
    },
    {
      "type": "Feature",
      "id": "B39-SHOWCASE-F2",
      "properties": {
        "level": 2,
        "buildingId": "B39",
        "floor_id": "B39-SHOWCASE-F2",
        "name": "Floor 2",
        "classification": "synthetic",
        "source_revision": "source-showcase-1",
        "geometry_status": "authored_synthetic",
        "geometry_note": "Author-provided fictional geometry; not AI extraction or survey evidence.",
        "geometry_id": "B39-SHOWCASE-F2-shape-v1",
        "geometry_revision": 1,
        "base_elevation_m": 6.2,
        "height_m": 3.1,
        "vertical_reference": "DEMO-BM-01 fictional zero datum; not national MSL",
        "building_id": "B39",
        "internal_3d_id": "DEMO-3D-DENSE-B39:2"
      },
      "geometry": {
        "type": "Polygon",
        "coordinates": [
          [
            [
              104,
              38.2
            ],
            [
              112,
              38.2
            ],
            [
              112,
              54
            ],
            [
              104,
              54
            ],
            [
              104,
              38.2
            ]
          ]
        ]
      }
    },
    {
      "type": "Feature",
      "id": "B39-SHOWCASE-F3",
      "properties": {
        "level": 3,
        "buildingId": "B39",
        "floor_id": "B39-SHOWCASE-F3",
        "name": "Floor 3",
        "classification": "synthetic",
        "source_revision": "source-showcase-1",
        "geometry_status": "authored_synthetic",
        "geometry_note": "Author-provided fictional geometry; not AI extraction or survey evidence.",
        "geometry_id": "B39-SHOWCASE-F3-shape-v1",
        "geometry_revision": 1,
        "base_elevation_m": 9.3,
        "height_m": 3.1,
        "vertical_reference": "DEMO-BM-01 fictional zero datum; not national MSL",
        "building_id": "B39",
        "internal_3d_id": "DEMO-3D-DENSE-B39:3"
      },
      "geometry": {
        "type": "Polygon",
        "coordinates": [
          [
            [
              104,
              38.2
            ],
            [
              112,
              38.2
            ],
            [
              112,
              54
            ],
            [
              104,
              54
            ],
            [
              104,
              38.2
            ]
          ]
        ]
      }
    },
    {
      "type": "Feature",
      "id": "B40-SHOWCASE-F0",
      "properties": {
        "level": 0,
        "buildingId": "B40",
        "floor_id": "B40-SHOWCASE-F0",
        "name": "Ground floor",
        "classification": "synthetic",
        "source_revision": "source-showcase-1",
        "geometry_status": "authored_synthetic",
        "geometry_note": "Author-provided fictional geometry; not AI extraction or survey evidence.",
        "geometry_id": "B40-SHOWCASE-F0-shape-v1",
        "geometry_revision": 1,
        "base_elevation_m": 0.0,
        "height_m": 3.1,
        "vertical_reference": "DEMO-BM-01 fictional zero datum; not national MSL",
        "building_id": "B40",
        "internal_3d_id": "DEMO-3D-DENSE-B40:0"
      },
      "geometry": {
        "type": "Polygon",
        "coordinates": [
          [
            [
              112,
              38.25
            ],
            [
              120,
              38.25
            ],
            [
              120,
              54
            ],
            [
              117,
              54
            ],
            [
              117,
              53
            ],
            [
              114,
              53
            ],
            [
              114,
              54
            ],
            [
              112,
              54
            ],
            [
              112,
              38.25
            ]
          ]
        ]
      }
    },
    {
      "type": "Feature",
      "id": "B40-SHOWCASE-F1",
      "properties": {
        "level": 1,
        "buildingId": "B40",
        "floor_id": "B40-SHOWCASE-F1",
        "name": "Floor 1",
        "classification": "synthetic",
        "source_revision": "source-showcase-1",
        "geometry_status": "authored_synthetic",
        "geometry_note": "Author-provided fictional geometry; not AI extraction or survey evidence.",
        "geometry_id": "B40-SHOWCASE-F1-shape-v1",
        "geometry_revision": 1,
        "base_elevation_m": 3.1,
        "height_m": 3.1,
        "vertical_reference": "DEMO-BM-01 fictional zero datum; not national MSL",
        "building_id": "B40",
        "internal_3d_id": "DEMO-3D-DENSE-B40:1"
      },
      "geometry": {
        "type": "Polygon",
        "coordinates": [
          [
            [
              112,
              38.25
            ],
            [
              120,
              38.25
            ],
            [
              120,
              54
            ],
            [
              117,
              54
            ],
            [
              117,
              53
            ],
            [
              114,
              53
            ],
            [
              114,
              54
            ],
            [
              112,
              54
            ],
            [
              112,
              38.25
            ]
          ]
        ]
      }
    },
    {
      "type": "Feature",
      "id": "B40-SHOWCASE-F2",
      "properties": {
        "level": 2,
        "buildingId": "B40",
        "floor_id": "B40-SHOWCASE-F2",
        "name": "Floor 2",
        "classification": "synthetic",
        "source_revision": "source-showcase-1",
        "geometry_status": "authored_synthetic",
        "geometry_note": "Author-provided fictional geometry; not AI extraction or survey evidence.",
        "geometry_id": "B40-SHOWCASE-F2-shape-v1",
        "geometry_revision": 1,
        "base_elevation_m": 6.2,
        "height_m": 3.1,
        "vertical_reference": "DEMO-BM-01 fictional zero datum; not national MSL",
        "building_id": "B40",
        "internal_3d_id": "DEMO-3D-DENSE-B40:2"
      },
      "geometry": {
        "type": "Polygon",
        "coordinates": [
          [
            [
              112,
              38.25
            ],
            [
              120,
              38.25
            ],
            [
              120,
              54
            ],
            [
              117,
              54
            ],
            [
              117,
              53
            ],
            [
              114,
              53
            ],
            [
              114,
              54
            ],
            [
              112,
              54
            ],
            [
              112,
              38.25
            ]
          ]
        ]
      }
    },
    {
      "type": "Feature",
      "id": "B41-SHOWCASE-F0",
      "properties": {
        "level": 0,
        "buildingId": "B41",
        "floor_id": "B41-SHOWCASE-F0",
        "name": "Ground floor",
        "classification": "synthetic",
        "source_revision": "source-showcase-1",
        "geometry_status": "authored_synthetic",
        "geometry_note": "Author-provided fictional geometry; not AI extraction or survey evidence.",
        "geometry_id": "B41-SHOWCASE-F0-shape-v1",
        "geometry_revision": 1,
        "base_elevation_m": 0.0,
        "height_m": 3.1,
        "vertical_reference": "DEMO-BM-01 fictional zero datum; not national MSL",
        "building_id": "B41",
        "internal_3d_id": "DEMO-3D-DENSE-B41:0"
      },
      "geometry": {
        "type": "Polygon",
        "coordinates": [
          [
            [
              0,
              57
            ],
            [
              3,
              57
            ],
            [
              3,
              57.6
            ],
            [
              5,
              57.6
            ],
            [
              5,
              57
            ],
            [
              8,
              57
            ],
            [
              8,
              73
            ],
            [
              0,
              73
            ],
            [
              0,
              57
            ]
          ]
        ]
      }
    },
    {
      "type": "Feature",
      "id": "B41-SHOWCASE-F1",
      "properties": {
        "level": 1,
        "buildingId": "B41",
        "floor_id": "B41-SHOWCASE-F1",
        "name": "Floor 1",
        "classification": "synthetic",
        "source_revision": "source-showcase-1",
        "geometry_status": "authored_synthetic",
        "geometry_note": "Author-provided fictional geometry; not AI extraction or survey evidence.",
        "geometry_id": "B41-SHOWCASE-F1-shape-v1",
        "geometry_revision": 1,
        "base_elevation_m": 3.1,
        "height_m": 3.1,
        "vertical_reference": "DEMO-BM-01 fictional zero datum; not national MSL",
        "building_id": "B41",
        "internal_3d_id": "DEMO-3D-DENSE-B41:1"
      },
      "geometry": {
        "type": "Polygon",
        "coordinates": [
          [
            [
              0,
              57
            ],
            [
              3,
              57
            ],
            [
              3,
              57.6
            ],
            [
              5,
              57.6
            ],
            [
              5,
              57
            ],
            [
              8,
              57
            ],
            [
              8,
              73
            ],
            [
              0,
              73
            ],
            [
              0,
              57
            ]
          ]
        ]
      }
    },
    {
      "type": "Feature",
      "id": "B41-SHOWCASE-F2",
      "properties": {
        "level": 2,
        "buildingId": "B41",
        "floor_id": "B41-SHOWCASE-F2",
        "name": "Floor 2",
        "classification": "synthetic",
        "source_revision": "source-showcase-1",
        "geometry_status": "authored_synthetic",
        "geometry_note": "Author-provided fictional geometry; not AI extraction or survey evidence.",
        "geometry_id": "B41-SHOWCASE-F2-shape-v1",
        "geometry_revision": 1,
        "base_elevation_m": 6.2,
        "height_m": 3.1,
        "vertical_reference": "DEMO-BM-01 fictional zero datum; not national MSL",
        "building_id": "B41",
        "internal_3d_id": "DEMO-3D-DENSE-B41:2"
      },
      "geometry": {
        "type": "Polygon",
        "coordinates": [
          [
            [
              0,
              57
            ],
            [
              3,
              57
            ],
            [
              3,
              57.6
            ],
            [
              5,
              57.6
            ],
            [
              5,
              57
            ],
            [
              8,
              57
            ],
            [
              8,
              73
            ],
            [
              0,
              73
            ],
            [
              0,
              57
            ]
          ]
        ]
      }
    },
    {
      "type": "Feature",
      "id": "B41-SHOWCASE-F3",
      "properties": {
        "level": 3,
        "buildingId": "B41",
        "floor_id": "B41-SHOWCASE-F3",
        "name": "Floor 3",
        "classification": "synthetic",
        "source_revision": "source-showcase-1",
        "geometry_status": "authored_synthetic",
        "geometry_note": "Author-provided fictional geometry; not AI extraction or survey evidence.",
        "geometry_id": "B41-SHOWCASE-F3-shape-v1",
        "geometry_revision": 1,
        "base_elevation_m": 9.3,
        "height_m": 3.1,
        "vertical_reference": "DEMO-BM-01 fictional zero datum; not national MSL",
        "building_id": "B41",
        "internal_3d_id": "DEMO-3D-DENSE-B41:3"
      },
      "geometry": {
        "type": "Polygon",
        "coordinates": [
          [
            [
              0,
              57
            ],
            [
              3,
              57
            ],
            [
              3,
              57.6
            ],
            [
              5,
              57.6
            ],
            [
              5,
              57
            ],
            [
              8,
              57
            ],
            [
              8,
              73
            ],
            [
              0,
              73
            ],
            [
              0,
              57
            ]
          ]
        ]
      }
    },
    {
      "type": "Feature",
      "id": "B42-SHOWCASE-F0",
      "properties": {
        "level": 0,
        "buildingId": "B42",
        "floor_id": "B42-SHOWCASE-F0",
        "name": "Ground floor",
        "classification": "synthetic",
        "source_revision": "source-showcase-1",
        "geometry_status": "authored_synthetic",
        "geometry_note": "Author-provided fictional geometry; not AI extraction or survey evidence.",
        "geometry_id": "B42-SHOWCASE-F0-shape-v1",
        "geometry_revision": 1,
        "base_elevation_m": 0.0,
        "height_m": 3.1,
        "vertical_reference": "DEMO-BM-01 fictional zero datum; not national MSL",
        "building_id": "B42",
        "internal_3d_id": "DEMO-3D-DENSE-B42:0"
      },
      "geometry": {
        "type": "Polygon",
        "coordinates": [
          [
            [
              8,
              57.2
            ],
            [
              16,
              57.2
            ],
            [
              16,
              73
            ],
            [
              8,
              73
            ],
            [
              8,
              57.2
            ]
          ]
        ]
      }
    },
    {
      "type": "Feature",
      "id": "B42-SHOWCASE-F1",
      "properties": {
        "level": 1,
        "buildingId": "B42",
        "floor_id": "B42-SHOWCASE-F1",
        "name": "Floor 1",
        "classification": "synthetic",
        "source_revision": "source-showcase-1",
        "geometry_status": "authored_synthetic",
        "geometry_note": "Author-provided fictional geometry; not AI extraction or survey evidence.",
        "geometry_id": "B42-SHOWCASE-F1-shape-v1",
        "geometry_revision": 1,
        "base_elevation_m": 3.1,
        "height_m": 3.1,
        "vertical_reference": "DEMO-BM-01 fictional zero datum; not national MSL",
        "building_id": "B42",
        "internal_3d_id": "DEMO-3D-DENSE-B42:1"
      },
      "geometry": {
        "type": "Polygon",
        "coordinates": [
          [
            [
              8,
              57.2
            ],
            [
              16,
              57.2
            ],
            [
              16,
              73
            ],
            [
              8,
              73
            ],
            [
              8,
              57.2
            ]
          ]
        ]
      }
    },
    {
      "type": "Feature",
      "id": "B42-SHOWCASE-F2",
      "properties": {
        "level": 2,
        "buildingId": "B42",
        "floor_id": "B42-SHOWCASE-F2",
        "name": "Floor 2",
        "classification": "synthetic",
        "source_revision": "source-showcase-1",
        "geometry_status": "authored_synthetic",
        "geometry_note": "Author-provided fictional geometry; not AI extraction or survey evidence.",
        "geometry_id": "B42-SHOWCASE-F2-shape-v1",
        "geometry_revision": 1,
        "base_elevation_m": 6.2,
        "height_m": 3.1,
        "vertical_reference": "DEMO-BM-01 fictional zero datum; not national MSL",
        "building_id": "B42",
        "internal_3d_id": "DEMO-3D-DENSE-B42:2"
      },
      "geometry": {
        "type": "Polygon",
        "coordinates": [
          [
            [
              8,
              57.2
            ],
            [
              16,
              57.2
            ],
            [
              16,
              73
            ],
            [
              8,
              73
            ],
            [
              8,
              57.2
            ]
          ]
        ]
      }
    },
    {
      "type": "Feature",
      "id": "B42-SHOWCASE-F3",
      "properties": {
        "level": 3,
        "buildingId": "B42",
        "floor_id": "B42-SHOWCASE-F3",
        "name": "Floor 3",
        "classification": "synthetic",
        "source_revision": "source-showcase-1",
        "geometry_status": "authored_synthetic",
        "geometry_note": "Author-provided fictional geometry; not AI extraction or survey evidence.",
        "geometry_id": "B42-SHOWCASE-F3-shape-v1",
        "geometry_revision": 1,
        "base_elevation_m": 9.3,
        "height_m": 3.1,
        "vertical_reference": "DEMO-BM-01 fictional zero datum; not national MSL",
        "building_id": "B42",
        "internal_3d_id": "DEMO-3D-DENSE-B42:3"
      },
      "geometry": {
        "type": "Polygon",
        "coordinates": [
          [
            [
              8,
              57.2
            ],
            [
              16,
              57.2
            ],
            [
              16,
              73
            ],
            [
              8,
              73
            ],
            [
              8,
              57.2
            ]
          ]
        ]
      }
    },
    {
      "type": "Feature",
      "id": "B42-SHOWCASE-F4",
      "properties": {
        "level": 4,
        "buildingId": "B42",
        "floor_id": "B42-SHOWCASE-F4",
        "name": "Floor 4",
        "classification": "synthetic",
        "source_revision": "source-showcase-1",
        "geometry_status": "authored_synthetic",
        "geometry_note": "Author-provided fictional geometry; not AI extraction or survey evidence.",
        "geometry_id": "B42-SHOWCASE-F4-shape-v1",
        "geometry_revision": 1,
        "base_elevation_m": 12.4,
        "height_m": 3.1,
        "vertical_reference": "DEMO-BM-01 fictional zero datum; not national MSL",
        "building_id": "B42",
        "internal_3d_id": "DEMO-3D-DENSE-B42:4"
      },
      "geometry": {
        "type": "Polygon",
        "coordinates": [
          [
            [
              8,
              57.2
            ],
            [
              16,
              57.2
            ],
            [
              16,
              73
            ],
            [
              8,
              73
            ],
            [
              8,
              57.2
            ]
          ]
        ]
      }
    },
    {
      "type": "Feature",
      "id": "B43-SHOWCASE-F0",
      "properties": {
        "level": 0,
        "buildingId": "B43",
        "floor_id": "B43-SHOWCASE-F0",
        "name": "Ground floor",
        "classification": "synthetic",
        "source_revision": "source-showcase-1",
        "geometry_status": "authored_synthetic",
        "geometry_note": "Author-provided fictional geometry; not AI extraction or survey evidence.",
        "geometry_id": "B43-SHOWCASE-F0-shape-v1",
        "geometry_revision": 1,
        "base_elevation_m": 0.0,
        "height_m": 3.1,
        "vertical_reference": "DEMO-BM-01 fictional zero datum; not national MSL",
        "building_id": "B43",
        "internal_3d_id": "DEMO-3D-DENSE-B43:0"
      },
      "geometry": {
        "type": "Polygon",
        "coordinates": [
          [
            [
              16,
              57.2
            ],
            [
              24,
              57.2
            ],
            [
              24,
              73
            ],
            [
              16,
              73
            ],
            [
              16,
              57.2
            ]
          ]
        ]
      }
    },
    {
      "type": "Feature",
      "id": "B43-SHOWCASE-F1",
      "properties": {
        "level": 1,
        "buildingId": "B43",
        "floor_id": "B43-SHOWCASE-F1",
        "name": "Floor 1",
        "classification": "synthetic",
        "source_revision": "source-showcase-1",
        "geometry_status": "authored_synthetic",
        "geometry_note": "Author-provided fictional geometry; not AI extraction or survey evidence.",
        "geometry_id": "B43-SHOWCASE-F1-shape-v1",
        "geometry_revision": 1,
        "base_elevation_m": 3.1,
        "height_m": 3.1,
        "vertical_reference": "DEMO-BM-01 fictional zero datum; not national MSL",
        "building_id": "B43",
        "internal_3d_id": "DEMO-3D-DENSE-B43:1"
      },
      "geometry": {
        "type": "Polygon",
        "coordinates": [
          [
            [
              16,
              57.2
            ],
            [
              24,
              57.2
            ],
            [
              24,
              73
            ],
            [
              16,
              73
            ],
            [
              16,
              57.2
            ]
          ]
        ]
      }
    },
    {
      "type": "Feature",
      "id": "B43-SHOWCASE-F2",
      "properties": {
        "level": 2,
        "buildingId": "B43",
        "floor_id": "B43-SHOWCASE-F2",
        "name": "Floor 2",
        "classification": "synthetic",
        "source_revision": "source-showcase-1",
        "geometry_status": "authored_synthetic",
        "geometry_note": "Author-provided fictional geometry; not AI extraction or survey evidence.",
        "geometry_id": "B43-SHOWCASE-F2-shape-v1",
        "geometry_revision": 1,
        "base_elevation_m": 6.2,
        "height_m": 3.1,
        "vertical_reference": "DEMO-BM-01 fictional zero datum; not national MSL",
        "building_id": "B43",
        "internal_3d_id": "DEMO-3D-DENSE-B43:2"
      },
      "geometry": {
        "type": "Polygon",
        "coordinates": [
          [
            [
              16,
              57.2
            ],
            [
              24,
              57.2
            ],
            [
              24,
              73
            ],
            [
              16,
              73
            ],
            [
              16,
              57.2
            ]
          ]
        ]
      }
    },
    {
      "type": "Feature",
      "id": "B43-SHOWCASE-F3",
      "properties": {
        "level": 3,
        "buildingId": "B43",
        "floor_id": "B43-SHOWCASE-F3",
        "name": "Floor 3",
        "classification": "synthetic",
        "source_revision": "source-showcase-1",
        "geometry_status": "authored_synthetic",
        "geometry_note": "Author-provided fictional geometry; not AI extraction or survey evidence.",
        "geometry_id": "B43-SHOWCASE-F3-shape-v1",
        "geometry_revision": 1,
        "base_elevation_m": 9.3,
        "height_m": 3.1,
        "vertical_reference": "DEMO-BM-01 fictional zero datum; not national MSL",
        "building_id": "B43",
        "internal_3d_id": "DEMO-3D-DENSE-B43:3"
      },
      "geometry": {
        "type": "Polygon",
        "coordinates": [
          [
            [
              16,
              57.2
            ],
            [
              24,
              57.2
            ],
            [
              24,
              73
            ],
            [
              16,
              73
            ],
            [
              16,
              57.2
            ]
          ]
        ]
      }
    },
    {
      "type": "Feature",
      "id": "B44-SHOWCASE-F0",
      "properties": {
        "level": 0,
        "buildingId": "B44",
        "floor_id": "B44-SHOWCASE-F0",
        "name": "Ground floor",
        "classification": "synthetic",
        "source_revision": "source-showcase-1",
        "geometry_status": "authored_synthetic",
        "geometry_note": "Author-provided fictional geometry; not AI extraction or survey evidence.",
        "geometry_id": "B44-SHOWCASE-F0-shape-v1",
        "geometry_revision": 1,
        "base_elevation_m": 0.0,
        "height_m": 3.1,
        "vertical_reference": "DEMO-BM-01 fictional zero datum; not national MSL",
        "building_id": "B44",
        "internal_3d_id": "DEMO-3D-DENSE-B44:0"
      },
      "geometry": {
        "type": "Polygon",
        "coordinates": [
          [
            [
              24,
              57.25
            ],
            [
              32,
              57.25
            ],
            [
              32,
              73
            ],
            [
              29,
              73
            ],
            [
              29,
              72
            ],
            [
              26,
              72
            ],
            [
              26,
              73
            ],
            [
              24,
              73
            ],
            [
              24,
              57.25
            ]
          ]
        ]
      }
    },
    {
      "type": "Feature",
      "id": "B44-SHOWCASE-F1",
      "properties": {
        "level": 1,
        "buildingId": "B44",
        "floor_id": "B44-SHOWCASE-F1",
        "name": "Floor 1",
        "classification": "synthetic",
        "source_revision": "source-showcase-1",
        "geometry_status": "authored_synthetic",
        "geometry_note": "Author-provided fictional geometry; not AI extraction or survey evidence.",
        "geometry_id": "B44-SHOWCASE-F1-shape-v1",
        "geometry_revision": 1,
        "base_elevation_m": 3.1,
        "height_m": 3.1,
        "vertical_reference": "DEMO-BM-01 fictional zero datum; not national MSL",
        "building_id": "B44",
        "internal_3d_id": "DEMO-3D-DENSE-B44:1"
      },
      "geometry": {
        "type": "Polygon",
        "coordinates": [
          [
            [
              24,
              57.25
            ],
            [
              32,
              57.25
            ],
            [
              32,
              73
            ],
            [
              29,
              73
            ],
            [
              29,
              72
            ],
            [
              26,
              72
            ],
            [
              26,
              73
            ],
            [
              24,
              73
            ],
            [
              24,
              57.25
            ]
          ]
        ]
      }
    },
    {
      "type": "Feature",
      "id": "B44-SHOWCASE-F2",
      "properties": {
        "level": 2,
        "buildingId": "B44",
        "floor_id": "B44-SHOWCASE-F2",
        "name": "Floor 2",
        "classification": "synthetic",
        "source_revision": "source-showcase-1",
        "geometry_status": "authored_synthetic",
        "geometry_note": "Author-provided fictional geometry; not AI extraction or survey evidence.",
        "geometry_id": "B44-SHOWCASE-F2-shape-v1",
        "geometry_revision": 1,
        "base_elevation_m": 6.2,
        "height_m": 3.1,
        "vertical_reference": "DEMO-BM-01 fictional zero datum; not national MSL",
        "building_id": "B44",
        "internal_3d_id": "DEMO-3D-DENSE-B44:2"
      },
      "geometry": {
        "type": "Polygon",
        "coordinates": [
          [
            [
              24,
              57.25
            ],
            [
              32,
              57.25
            ],
            [
              32,
              73
            ],
            [
              29,
              73
            ],
            [
              29,
              72
            ],
            [
              26,
              72
            ],
            [
              26,
              73
            ],
            [
              24,
              73
            ],
            [
              24,
              57.25
            ]
          ]
        ]
      }
    },
    {
      "type": "Feature",
      "id": "B45-SHOWCASE-F0",
      "properties": {
        "level": 0,
        "buildingId": "B45",
        "floor_id": "B45-SHOWCASE-F0",
        "name": "Ground floor",
        "classification": "synthetic",
        "source_revision": "source-showcase-1",
        "geometry_status": "authored_synthetic",
        "geometry_note": "Author-provided fictional geometry; not AI extraction or survey evidence.",
        "geometry_id": "B45-SHOWCASE-F0-shape-v1",
        "geometry_revision": 1,
        "base_elevation_m": 0.0,
        "height_m": 3.1,
        "vertical_reference": "DEMO-BM-01 fictional zero datum; not national MSL",
        "building_id": "B45",
        "internal_3d_id": "DEMO-3D-DENSE-B45:0"
      },
      "geometry": {
        "type": "Polygon",
        "coordinates": [
          [
            [
              32,
              57
            ],
            [
              35,
              57
            ],
            [
              35,
              57.6
            ],
            [
              37,
              57.6
            ],
            [
              37,
              57
            ],
            [
              40,
              57
            ],
            [
              40,
              73
            ],
            [
              32,
              73
            ],
            [
              32,
              57
            ]
          ]
        ]
      }
    },
    {
      "type": "Feature",
      "id": "B45-SHOWCASE-F1",
      "properties": {
        "level": 1,
        "buildingId": "B45",
        "floor_id": "B45-SHOWCASE-F1",
        "name": "Floor 1",
        "classification": "synthetic",
        "source_revision": "source-showcase-1",
        "geometry_status": "authored_synthetic",
        "geometry_note": "Author-provided fictional geometry; not AI extraction or survey evidence.",
        "geometry_id": "B45-SHOWCASE-F1-shape-v1",
        "geometry_revision": 1,
        "base_elevation_m": 3.1,
        "height_m": 3.1,
        "vertical_reference": "DEMO-BM-01 fictional zero datum; not national MSL",
        "building_id": "B45",
        "internal_3d_id": "DEMO-3D-DENSE-B45:1"
      },
      "geometry": {
        "type": "Polygon",
        "coordinates": [
          [
            [
              32,
              57
            ],
            [
              35,
              57
            ],
            [
              35,
              57.6
            ],
            [
              37,
              57.6
            ],
            [
              37,
              57
            ],
            [
              40,
              57
            ],
            [
              40,
              73
            ],
            [
              32,
              73
            ],
            [
              32,
              57
            ]
          ]
        ]
      }
    },
    {
      "type": "Feature",
      "id": "B45-SHOWCASE-F2",
      "properties": {
        "level": 2,
        "buildingId": "B45",
        "floor_id": "B45-SHOWCASE-F2",
        "name": "Floor 2",
        "classification": "synthetic",
        "source_revision": "source-showcase-1",
        "geometry_status": "authored_synthetic",
        "geometry_note": "Author-provided fictional geometry; not AI extraction or survey evidence.",
        "geometry_id": "B45-SHOWCASE-F2-shape-v1",
        "geometry_revision": 1,
        "base_elevation_m": 6.2,
        "height_m": 3.1,
        "vertical_reference": "DEMO-BM-01 fictional zero datum; not national MSL",
        "building_id": "B45",
        "internal_3d_id": "DEMO-3D-DENSE-B45:2"
      },
      "geometry": {
        "type": "Polygon",
        "coordinates": [
          [
            [
              32,
              57
            ],
            [
              35,
              57
            ],
            [
              35,
              57.6
            ],
            [
              37,
              57.6
            ],
            [
              37,
              57
            ],
            [
              40,
              57
            ],
            [
              40,
              73
            ],
            [
              32,
              73
            ],
            [
              32,
              57
            ]
          ]
        ]
      }
    },
    {
      "type": "Feature",
      "id": "B45-SHOWCASE-F3",
      "properties": {
        "level": 3,
        "buildingId": "B45",
        "floor_id": "B45-SHOWCASE-F3",
        "name": "Floor 3",
        "classification": "synthetic",
        "source_revision": "source-showcase-1",
        "geometry_status": "authored_synthetic",
        "geometry_note": "Author-provided fictional geometry; not AI extraction or survey evidence.",
        "geometry_id": "B45-SHOWCASE-F3-shape-v1",
        "geometry_revision": 1,
        "base_elevation_m": 9.3,
        "height_m": 3.1,
        "vertical_reference": "DEMO-BM-01 fictional zero datum; not national MSL",
        "building_id": "B45",
        "internal_3d_id": "DEMO-3D-DENSE-B45:3"
      },
      "geometry": {
        "type": "Polygon",
        "coordinates": [
          [
            [
              32,
              57
            ],
            [
              35,
              57
            ],
            [
              35,
              57.6
            ],
            [
              37,
              57.6
            ],
            [
              37,
              57
            ],
            [
              40,
              57
            ],
            [
              40,
              73
            ],
            [
              32,
              73
            ],
            [
              32,
              57
            ]
          ]
        ]
      }
    },
    {
      "type": "Feature",
      "id": "B46-SHOWCASE-F0",
      "properties": {
        "level": 0,
        "buildingId": "B46",
        "floor_id": "B46-SHOWCASE-F0",
        "name": "Ground floor",
        "classification": "synthetic",
        "source_revision": "source-showcase-1",
        "geometry_status": "authored_synthetic",
        "geometry_note": "Author-provided fictional geometry; not AI extraction or survey evidence.",
        "geometry_id": "B46-SHOWCASE-F0-shape-v1",
        "geometry_revision": 1,
        "base_elevation_m": 0.0,
        "height_m": 3.1,
        "vertical_reference": "DEMO-BM-01 fictional zero datum; not national MSL",
        "building_id": "B46",
        "internal_3d_id": "DEMO-3D-DENSE-B46:0"
      },
      "geometry": {
        "type": "Polygon",
        "coordinates": [
          [
            [
              40,
              57.2
            ],
            [
              48,
              57.2
            ],
            [
              48,
              73
            ],
            [
              40,
              73
            ],
            [
              40,
              57.2
            ]
          ]
        ]
      }
    },
    {
      "type": "Feature",
      "id": "B46-SHOWCASE-F1",
      "properties": {
        "level": 1,
        "buildingId": "B46",
        "floor_id": "B46-SHOWCASE-F1",
        "name": "Floor 1",
        "classification": "synthetic",
        "source_revision": "source-showcase-1",
        "geometry_status": "authored_synthetic",
        "geometry_note": "Author-provided fictional geometry; not AI extraction or survey evidence.",
        "geometry_id": "B46-SHOWCASE-F1-shape-v1",
        "geometry_revision": 1,
        "base_elevation_m": 3.1,
        "height_m": 3.1,
        "vertical_reference": "DEMO-BM-01 fictional zero datum; not national MSL",
        "building_id": "B46",
        "internal_3d_id": "DEMO-3D-DENSE-B46:1"
      },
      "geometry": {
        "type": "Polygon",
        "coordinates": [
          [
            [
              40,
              57.2
            ],
            [
              48,
              57.2
            ],
            [
              48,
              73
            ],
            [
              40,
              73
            ],
            [
              40,
              57.2
            ]
          ]
        ]
      }
    },
    {
      "type": "Feature",
      "id": "B46-SHOWCASE-F2",
      "properties": {
        "level": 2,
        "buildingId": "B46",
        "floor_id": "B46-SHOWCASE-F2",
        "name": "Floor 2",
        "classification": "synthetic",
        "source_revision": "source-showcase-1",
        "geometry_status": "authored_synthetic",
        "geometry_note": "Author-provided fictional geometry; not AI extraction or survey evidence.",
        "geometry_id": "B46-SHOWCASE-F2-shape-v1",
        "geometry_revision": 1,
        "base_elevation_m": 6.2,
        "height_m": 3.1,
        "vertical_reference": "DEMO-BM-01 fictional zero datum; not national MSL",
        "building_id": "B46",
        "internal_3d_id": "DEMO-3D-DENSE-B46:2"
      },
      "geometry": {
        "type": "Polygon",
        "coordinates": [
          [
            [
              40,
              57.2
            ],
            [
              48,
              57.2
            ],
            [
              48,
              73
            ],
            [
              40,
              73
            ],
            [
              40,
              57.2
            ]
          ]
        ]
      }
    },
    {
      "type": "Feature",
      "id": "B46-SHOWCASE-F3",
      "properties": {
        "level": 3,
        "buildingId": "B46",
        "floor_id": "B46-SHOWCASE-F3",
        "name": "Floor 3",
        "classification": "synthetic",
        "source_revision": "source-showcase-1",
        "geometry_status": "authored_synthetic",
        "geometry_note": "Author-provided fictional geometry; not AI extraction or survey evidence.",
        "geometry_id": "B46-SHOWCASE-F3-shape-v1",
        "geometry_revision": 1,
        "base_elevation_m": 9.3,
        "height_m": 3.1,
        "vertical_reference": "DEMO-BM-01 fictional zero datum; not national MSL",
        "building_id": "B46",
        "internal_3d_id": "DEMO-3D-DENSE-B46:3"
      },
      "geometry": {
        "type": "Polygon",
        "coordinates": [
          [
            [
              40,
              57.2
            ],
            [
              48,
              57.2
            ],
            [
              48,
              73
            ],
            [
              40,
              73
            ],
            [
              40,
              57.2
            ]
          ]
        ]
      }
    },
    {
      "type": "Feature",
      "id": "B46-SHOWCASE-F4",
      "properties": {
        "level": 4,
        "buildingId": "B46",
        "floor_id": "B46-SHOWCASE-F4",
        "name": "Floor 4",
        "classification": "synthetic",
        "source_revision": "source-showcase-1",
        "geometry_status": "authored_synthetic",
        "geometry_note": "Author-provided fictional geometry; not AI extraction or survey evidence.",
        "geometry_id": "B46-SHOWCASE-F4-shape-v1",
        "geometry_revision": 1,
        "base_elevation_m": 12.4,
        "height_m": 3.1,
        "vertical_reference": "DEMO-BM-01 fictional zero datum; not national MSL",
        "building_id": "B46",
        "internal_3d_id": "DEMO-3D-DENSE-B46:4"
      },
      "geometry": {
        "type": "Polygon",
        "coordinates": [
          [
            [
              40,
              57.2
            ],
            [
              48,
              57.2
            ],
            [
              48,
              73
            ],
            [
              40,
              73
            ],
            [
              40,
              57.2
            ]
          ]
        ]
      }
    },
    {
      "type": "Feature",
      "id": "B47-SHOWCASE-F0",
      "properties": {
        "level": 0,
        "buildingId": "B47",
        "floor_id": "B47-SHOWCASE-F0",
        "name": "Ground floor",
        "classification": "synthetic",
        "source_revision": "source-showcase-1",
        "geometry_status": "authored_synthetic",
        "geometry_note": "Author-provided fictional geometry; not AI extraction or survey evidence.",
        "geometry_id": "B47-SHOWCASE-F0-shape-v1",
        "geometry_revision": 1,
        "base_elevation_m": 0.0,
        "height_m": 3.1,
        "vertical_reference": "DEMO-BM-01 fictional zero datum; not national MSL",
        "building_id": "B47",
        "internal_3d_id": "DEMO-3D-DENSE-B47:0"
      },
      "geometry": {
        "type": "Polygon",
        "coordinates": [
          [
            [
              48,
              57.2
            ],
            [
              56,
              57.2
            ],
            [
              56,
              73
            ],
            [
              48,
              73
            ],
            [
              48,
              57.2
            ]
          ]
        ]
      }
    },
    {
      "type": "Feature",
      "id": "B47-SHOWCASE-F1",
      "properties": {
        "level": 1,
        "buildingId": "B47",
        "floor_id": "B47-SHOWCASE-F1",
        "name": "Floor 1",
        "classification": "synthetic",
        "source_revision": "source-showcase-1",
        "geometry_status": "authored_synthetic",
        "geometry_note": "Author-provided fictional geometry; not AI extraction or survey evidence.",
        "geometry_id": "B47-SHOWCASE-F1-shape-v1",
        "geometry_revision": 1,
        "base_elevation_m": 3.1,
        "height_m": 3.1,
        "vertical_reference": "DEMO-BM-01 fictional zero datum; not national MSL",
        "building_id": "B47",
        "internal_3d_id": "DEMO-3D-DENSE-B47:1"
      },
      "geometry": {
        "type": "Polygon",
        "coordinates": [
          [
            [
              48,
              57.2
            ],
            [
              56,
              57.2
            ],
            [
              56,
              73
            ],
            [
              48,
              73
            ],
            [
              48,
              57.2
            ]
          ]
        ]
      }
    },
    {
      "type": "Feature",
      "id": "B47-SHOWCASE-F2",
      "properties": {
        "level": 2,
        "buildingId": "B47",
        "floor_id": "B47-SHOWCASE-F2",
        "name": "Floor 2",
        "classification": "synthetic",
        "source_revision": "source-showcase-1",
        "geometry_status": "authored_synthetic",
        "geometry_note": "Author-provided fictional geometry; not AI extraction or survey evidence.",
        "geometry_id": "B47-SHOWCASE-F2-shape-v1",
        "geometry_revision": 1,
        "base_elevation_m": 6.2,
        "height_m": 3.1,
        "vertical_reference": "DEMO-BM-01 fictional zero datum; not national MSL",
        "building_id": "B47",
        "internal_3d_id": "DEMO-3D-DENSE-B47:2"
      },
      "geometry": {
        "type": "Polygon",
        "coordinates": [
          [
            [
              48,
              57.2
            ],
            [
              56,
              57.2
            ],
            [
              56,
              73
            ],
            [
              48,
              73
            ],
            [
              48,
              57.2
            ]
          ]
        ]
      }
    },
    {
      "type": "Feature",
      "id": "B47-SHOWCASE-F3",
      "properties": {
        "level": 3,
        "buildingId": "B47",
        "floor_id": "B47-SHOWCASE-F3",
        "name": "Floor 3",
        "classification": "synthetic",
        "source_revision": "source-showcase-1",
        "geometry_status": "authored_synthetic",
        "geometry_note": "Author-provided fictional geometry; not AI extraction or survey evidence.",
        "geometry_id": "B47-SHOWCASE-F3-shape-v1",
        "geometry_revision": 1,
        "base_elevation_m": 9.3,
        "height_m": 3.1,
        "vertical_reference": "DEMO-BM-01 fictional zero datum; not national MSL",
        "building_id": "B47",
        "internal_3d_id": "DEMO-3D-DENSE-B47:3"
      },
      "geometry": {
        "type": "Polygon",
        "coordinates": [
          [
            [
              48,
              57.2
            ],
            [
              56,
              57.2
            ],
            [
              56,
              73
            ],
            [
              48,
              73
            ],
            [
              48,
              57.2
            ]
          ]
        ]
      }
    },
    {
      "type": "Feature",
      "id": "B48-SHOWCASE-F0",
      "properties": {
        "level": 0,
        "buildingId": "B48",
        "floor_id": "B48-SHOWCASE-F0",
        "name": "Ground floor",
        "classification": "synthetic",
        "source_revision": "source-showcase-1",
        "geometry_status": "authored_synthetic",
        "geometry_note": "Author-provided fictional geometry; not AI extraction or survey evidence.",
        "geometry_id": "B48-SHOWCASE-F0-shape-v1",
        "geometry_revision": 1,
        "base_elevation_m": 0.0,
        "height_m": 3.1,
        "vertical_reference": "DEMO-BM-01 fictional zero datum; not national MSL",
        "building_id": "B48",
        "internal_3d_id": "DEMO-3D-DENSE-B48:0"
      },
      "geometry": {
        "type": "Polygon",
        "coordinates": [
          [
            [
              64,
              57.25
            ],
            [
              72,
              57.25
            ],
            [
              72,
              73
            ],
            [
              69,
              73
            ],
            [
              69,
              72
            ],
            [
              66,
              72
            ],
            [
              66,
              73
            ],
            [
              64,
              73
            ],
            [
              64,
              57.25
            ]
          ]
        ]
      }
    },
    {
      "type": "Feature",
      "id": "B48-SHOWCASE-F1",
      "properties": {
        "level": 1,
        "buildingId": "B48",
        "floor_id": "B48-SHOWCASE-F1",
        "name": "Floor 1",
        "classification": "synthetic",
        "source_revision": "source-showcase-1",
        "geometry_status": "authored_synthetic",
        "geometry_note": "Author-provided fictional geometry; not AI extraction or survey evidence.",
        "geometry_id": "B48-SHOWCASE-F1-shape-v1",
        "geometry_revision": 1,
        "base_elevation_m": 3.1,
        "height_m": 3.1,
        "vertical_reference": "DEMO-BM-01 fictional zero datum; not national MSL",
        "building_id": "B48",
        "internal_3d_id": "DEMO-3D-DENSE-B48:1"
      },
      "geometry": {
        "type": "Polygon",
        "coordinates": [
          [
            [
              64,
              57.25
            ],
            [
              72,
              57.25
            ],
            [
              72,
              73
            ],
            [
              69,
              73
            ],
            [
              69,
              72
            ],
            [
              66,
              72
            ],
            [
              66,
              73
            ],
            [
              64,
              73
            ],
            [
              64,
              57.25
            ]
          ]
        ]
      }
    },
    {
      "type": "Feature",
      "id": "B48-SHOWCASE-F2",
      "properties": {
        "level": 2,
        "buildingId": "B48",
        "floor_id": "B48-SHOWCASE-F2",
        "name": "Floor 2",
        "classification": "synthetic",
        "source_revision": "source-showcase-1",
        "geometry_status": "authored_synthetic",
        "geometry_note": "Author-provided fictional geometry; not AI extraction or survey evidence.",
        "geometry_id": "B48-SHOWCASE-F2-shape-v1",
        "geometry_revision": 1,
        "base_elevation_m": 6.2,
        "height_m": 3.1,
        "vertical_reference": "DEMO-BM-01 fictional zero datum; not national MSL",
        "building_id": "B48",
        "internal_3d_id": "DEMO-3D-DENSE-B48:2"
      },
      "geometry": {
        "type": "Polygon",
        "coordinates": [
          [
            [
              64,
              57.25
            ],
            [
              72,
              57.25
            ],
            [
              72,
              73
            ],
            [
              69,
              73
            ],
            [
              69,
              72
            ],
            [
              66,
              72
            ],
            [
              66,
              73
            ],
            [
              64,
              73
            ],
            [
              64,
              57.25
            ]
          ]
        ]
      }
    },
    {
      "type": "Feature",
      "id": "B49-SHOWCASE-F0",
      "properties": {
        "level": 0,
        "buildingId": "B49",
        "floor_id": "B49-SHOWCASE-F0",
        "name": "Ground floor",
        "classification": "synthetic",
        "source_revision": "source-showcase-1",
        "geometry_status": "authored_synthetic",
        "geometry_note": "Author-provided fictional geometry; not AI extraction or survey evidence.",
        "geometry_id": "B49-SHOWCASE-F0-shape-v1",
        "geometry_revision": 1,
        "base_elevation_m": 0.0,
        "height_m": 3.1,
        "vertical_reference": "DEMO-BM-01 fictional zero datum; not national MSL",
        "building_id": "B49",
        "internal_3d_id": "DEMO-3D-DENSE-B49:0"
      },
      "geometry": {
        "type": "Polygon",
        "coordinates": [
          [
            [
              72,
              57
            ],
            [
              75,
              57
            ],
            [
              75,
              57.6
            ],
            [
              77,
              57.6
            ],
            [
              77,
              57
            ],
            [
              80,
              57
            ],
            [
              80,
              73
            ],
            [
              72,
              73
            ],
            [
              72,
              57
            ]
          ]
        ]
      }
    },
    {
      "type": "Feature",
      "id": "B49-SHOWCASE-F1",
      "properties": {
        "level": 1,
        "buildingId": "B49",
        "floor_id": "B49-SHOWCASE-F1",
        "name": "Floor 1",
        "classification": "synthetic",
        "source_revision": "source-showcase-1",
        "geometry_status": "authored_synthetic",
        "geometry_note": "Author-provided fictional geometry; not AI extraction or survey evidence.",
        "geometry_id": "B49-SHOWCASE-F1-shape-v1",
        "geometry_revision": 1,
        "base_elevation_m": 3.1,
        "height_m": 3.1,
        "vertical_reference": "DEMO-BM-01 fictional zero datum; not national MSL",
        "building_id": "B49",
        "internal_3d_id": "DEMO-3D-DENSE-B49:1"
      },
      "geometry": {
        "type": "Polygon",
        "coordinates": [
          [
            [
              72,
              57
            ],
            [
              75,
              57
            ],
            [
              75,
              57.6
            ],
            [
              77,
              57.6
            ],
            [
              77,
              57
            ],
            [
              80,
              57
            ],
            [
              80,
              73
            ],
            [
              72,
              73
            ],
            [
              72,
              57
            ]
          ]
        ]
      }
    },
    {
      "type": "Feature",
      "id": "B49-SHOWCASE-F2",
      "properties": {
        "level": 2,
        "buildingId": "B49",
        "floor_id": "B49-SHOWCASE-F2",
        "name": "Floor 2",
        "classification": "synthetic",
        "source_revision": "source-showcase-1",
        "geometry_status": "authored_synthetic",
        "geometry_note": "Author-provided fictional geometry; not AI extraction or survey evidence.",
        "geometry_id": "B49-SHOWCASE-F2-shape-v1",
        "geometry_revision": 1,
        "base_elevation_m": 6.2,
        "height_m": 3.1,
        "vertical_reference": "DEMO-BM-01 fictional zero datum; not national MSL",
        "building_id": "B49",
        "internal_3d_id": "DEMO-3D-DENSE-B49:2"
      },
      "geometry": {
        "type": "Polygon",
        "coordinates": [
          [
            [
              72,
              57
            ],
            [
              75,
              57
            ],
            [
              75,
              57.6
            ],
            [
              77,
              57.6
            ],
            [
              77,
              57
            ],
            [
              80,
              57
            ],
            [
              80,
              73
            ],
            [
              72,
              73
            ],
            [
              72,
              57
            ]
          ]
        ]
      }
    },
    {
      "type": "Feature",
      "id": "B49-SHOWCASE-F3",
      "properties": {
        "level": 3,
        "buildingId": "B49",
        "floor_id": "B49-SHOWCASE-F3",
        "name": "Floor 3",
        "classification": "synthetic",
        "source_revision": "source-showcase-1",
        "geometry_status": "authored_synthetic",
        "geometry_note": "Author-provided fictional geometry; not AI extraction or survey evidence.",
        "geometry_id": "B49-SHOWCASE-F3-shape-v1",
        "geometry_revision": 1,
        "base_elevation_m": 9.3,
        "height_m": 3.1,
        "vertical_reference": "DEMO-BM-01 fictional zero datum; not national MSL",
        "building_id": "B49",
        "internal_3d_id": "DEMO-3D-DENSE-B49:3"
      },
      "geometry": {
        "type": "Polygon",
        "coordinates": [
          [
            [
              72,
              57
            ],
            [
              75,
              57
            ],
            [
              75,
              57.6
            ],
            [
              77,
              57.6
            ],
            [
              77,
              57
            ],
            [
              80,
              57
            ],
            [
              80,
              73
            ],
            [
              72,
              73
            ],
            [
              72,
              57
            ]
          ]
        ]
      }
    },
    {
      "type": "Feature",
      "id": "B50-SHOWCASE-F0",
      "properties": {
        "level": 0,
        "buildingId": "B50",
        "floor_id": "B50-SHOWCASE-F0",
        "name": "Ground floor",
        "classification": "synthetic",
        "source_revision": "source-showcase-1",
        "geometry_status": "authored_synthetic",
        "geometry_note": "Author-provided fictional geometry; not AI extraction or survey evidence.",
        "geometry_id": "B50-SHOWCASE-F0-shape-v1",
        "geometry_revision": 1,
        "base_elevation_m": 0.0,
        "height_m": 3.1,
        "vertical_reference": "DEMO-BM-01 fictional zero datum; not national MSL",
        "building_id": "B50",
        "internal_3d_id": "DEMO-3D-DENSE-B50:0"
      },
      "geometry": {
        "type": "Polygon",
        "coordinates": [
          [
            [
              80,
              57.2
            ],
            [
              88,
              57.2
            ],
            [
              88,
              73
            ],
            [
              80,
              73
            ],
            [
              80,
              57.2
            ]
          ]
        ]
      }
    },
    {
      "type": "Feature",
      "id": "B50-SHOWCASE-F1",
      "properties": {
        "level": 1,
        "buildingId": "B50",
        "floor_id": "B50-SHOWCASE-F1",
        "name": "Floor 1",
        "classification": "synthetic",
        "source_revision": "source-showcase-1",
        "geometry_status": "authored_synthetic",
        "geometry_note": "Author-provided fictional geometry; not AI extraction or survey evidence.",
        "geometry_id": "B50-SHOWCASE-F1-shape-v1",
        "geometry_revision": 1,
        "base_elevation_m": 3.1,
        "height_m": 3.1,
        "vertical_reference": "DEMO-BM-01 fictional zero datum; not national MSL",
        "building_id": "B50",
        "internal_3d_id": "DEMO-3D-DENSE-B50:1"
      },
      "geometry": {
        "type": "Polygon",
        "coordinates": [
          [
            [
              80,
              57.2
            ],
            [
              88,
              57.2
            ],
            [
              88,
              73
            ],
            [
              80,
              73
            ],
            [
              80,
              57.2
            ]
          ]
        ]
      }
    },
    {
      "type": "Feature",
      "id": "B50-SHOWCASE-F2",
      "properties": {
        "level": 2,
        "buildingId": "B50",
        "floor_id": "B50-SHOWCASE-F2",
        "name": "Floor 2",
        "classification": "synthetic",
        "source_revision": "source-showcase-1",
        "geometry_status": "authored_synthetic",
        "geometry_note": "Author-provided fictional geometry; not AI extraction or survey evidence.",
        "geometry_id": "B50-SHOWCASE-F2-shape-v1",
        "geometry_revision": 1,
        "base_elevation_m": 6.2,
        "height_m": 3.1,
        "vertical_reference": "DEMO-BM-01 fictional zero datum; not national MSL",
        "building_id": "B50",
        "internal_3d_id": "DEMO-3D-DENSE-B50:2"
      },
      "geometry": {
        "type": "Polygon",
        "coordinates": [
          [
            [
              80,
              57.2
            ],
            [
              88,
              57.2
            ],
            [
              88,
              73
            ],
            [
              80,
              73
            ],
            [
              80,
              57.2
            ]
          ]
        ]
      }
    },
    {
      "type": "Feature",
      "id": "B50-SHOWCASE-F3",
      "properties": {
        "level": 3,
        "buildingId": "B50",
        "floor_id": "B50-SHOWCASE-F3",
        "name": "Floor 3",
        "classification": "synthetic",
        "source_revision": "source-showcase-1",
        "geometry_status": "authored_synthetic",
        "geometry_note": "Author-provided fictional geometry; not AI extraction or survey evidence.",
        "geometry_id": "B50-SHOWCASE-F3-shape-v1",
        "geometry_revision": 1,
        "base_elevation_m": 9.3,
        "height_m": 3.1,
        "vertical_reference": "DEMO-BM-01 fictional zero datum; not national MSL",
        "building_id": "B50",
        "internal_3d_id": "DEMO-3D-DENSE-B50:3"
      },
      "geometry": {
        "type": "Polygon",
        "coordinates": [
          [
            [
              80,
              57.2
            ],
            [
              88,
              57.2
            ],
            [
              88,
              73
            ],
            [
              80,
              73
            ],
            [
              80,
              57.2
            ]
          ]
        ]
      }
    },
    {
      "type": "Feature",
      "id": "B50-SHOWCASE-F4",
      "properties": {
        "level": 4,
        "buildingId": "B50",
        "floor_id": "B50-SHOWCASE-F4",
        "name": "Floor 4",
        "classification": "synthetic",
        "source_revision": "source-showcase-1",
        "geometry_status": "authored_synthetic",
        "geometry_note": "Author-provided fictional geometry; not AI extraction or survey evidence.",
        "geometry_id": "B50-SHOWCASE-F4-shape-v1",
        "geometry_revision": 1,
        "base_elevation_m": 12.4,
        "height_m": 3.1,
        "vertical_reference": "DEMO-BM-01 fictional zero datum; not national MSL",
        "building_id": "B50",
        "internal_3d_id": "DEMO-3D-DENSE-B50:4"
      },
      "geometry": {
        "type": "Polygon",
        "coordinates": [
          [
            [
              80,
              57.2
            ],
            [
              88,
              57.2
            ],
            [
              88,
              73
            ],
            [
              80,
              73
            ],
            [
              80,
              57.2
            ]
          ]
        ]
      }
    },
    {
      "type": "Feature",
      "id": "B51-SHOWCASE-F0",
      "properties": {
        "level": 0,
        "buildingId": "B51",
        "floor_id": "B51-SHOWCASE-F0",
        "name": "Ground floor",
        "classification": "synthetic",
        "source_revision": "source-showcase-1",
        "geometry_status": "authored_synthetic",
        "geometry_note": "Author-provided fictional geometry; not AI extraction or survey evidence.",
        "geometry_id": "B51-SHOWCASE-F0-shape-v1",
        "geometry_revision": 1,
        "base_elevation_m": 0.0,
        "height_m": 3.1,
        "vertical_reference": "DEMO-BM-01 fictional zero datum; not national MSL",
        "building_id": "B51",
        "internal_3d_id": "DEMO-3D-DENSE-B51:0"
      },
      "geometry": {
        "type": "Polygon",
        "coordinates": [
          [
            [
              88,
              57.2
            ],
            [
              96,
              57.2
            ],
            [
              96,
              73
            ],
            [
              88,
              73
            ],
            [
              88,
              57.2
            ]
          ]
        ]
      }
    },
    {
      "type": "Feature",
      "id": "B51-SHOWCASE-F1",
      "properties": {
        "level": 1,
        "buildingId": "B51",
        "floor_id": "B51-SHOWCASE-F1",
        "name": "Floor 1",
        "classification": "synthetic",
        "source_revision": "source-showcase-1",
        "geometry_status": "authored_synthetic",
        "geometry_note": "Author-provided fictional geometry; not AI extraction or survey evidence.",
        "geometry_id": "B51-SHOWCASE-F1-shape-v1",
        "geometry_revision": 1,
        "base_elevation_m": 3.1,
        "height_m": 3.1,
        "vertical_reference": "DEMO-BM-01 fictional zero datum; not national MSL",
        "building_id": "B51",
        "internal_3d_id": "DEMO-3D-DENSE-B51:1"
      },
      "geometry": {
        "type": "Polygon",
        "coordinates": [
          [
            [
              88,
              57.2
            ],
            [
              96,
              57.2
            ],
            [
              96,
              73
            ],
            [
              88,
              73
            ],
            [
              88,
              57.2
            ]
          ]
        ]
      }
    },
    {
      "type": "Feature",
      "id": "B51-SHOWCASE-F2",
      "properties": {
        "level": 2,
        "buildingId": "B51",
        "floor_id": "B51-SHOWCASE-F2",
        "name": "Floor 2",
        "classification": "synthetic",
        "source_revision": "source-showcase-1",
        "geometry_status": "authored_synthetic",
        "geometry_note": "Author-provided fictional geometry; not AI extraction or survey evidence.",
        "geometry_id": "B51-SHOWCASE-F2-shape-v1",
        "geometry_revision": 1,
        "base_elevation_m": 6.2,
        "height_m": 3.1,
        "vertical_reference": "DEMO-BM-01 fictional zero datum; not national MSL",
        "building_id": "B51",
        "internal_3d_id": "DEMO-3D-DENSE-B51:2"
      },
      "geometry": {
        "type": "Polygon",
        "coordinates": [
          [
            [
              88,
              57.2
            ],
            [
              96,
              57.2
            ],
            [
              96,
              73
            ],
            [
              88,
              73
            ],
            [
              88,
              57.2
            ]
          ]
        ]
      }
    },
    {
      "type": "Feature",
      "id": "B51-SHOWCASE-F3",
      "properties": {
        "level": 3,
        "buildingId": "B51",
        "floor_id": "B51-SHOWCASE-F3",
        "name": "Floor 3",
        "classification": "synthetic",
        "source_revision": "source-showcase-1",
        "geometry_status": "authored_synthetic",
        "geometry_note": "Author-provided fictional geometry; not AI extraction or survey evidence.",
        "geometry_id": "B51-SHOWCASE-F3-shape-v1",
        "geometry_revision": 1,
        "base_elevation_m": 9.3,
        "height_m": 3.1,
        "vertical_reference": "DEMO-BM-01 fictional zero datum; not national MSL",
        "building_id": "B51",
        "internal_3d_id": "DEMO-3D-DENSE-B51:3"
      },
      "geometry": {
        "type": "Polygon",
        "coordinates": [
          [
            [
              88,
              57.2
            ],
            [
              96,
              57.2
            ],
            [
              96,
              73
            ],
            [
              88,
              73
            ],
            [
              88,
              57.2
            ]
          ]
        ]
      }
    },
    {
      "type": "Feature",
      "id": "B52-SHOWCASE-F0",
      "properties": {
        "level": 0,
        "buildingId": "B52",
        "floor_id": "B52-SHOWCASE-F0",
        "name": "Ground floor",
        "classification": "synthetic",
        "source_revision": "source-showcase-1",
        "geometry_status": "authored_synthetic",
        "geometry_note": "Author-provided fictional geometry; not AI extraction or survey evidence.",
        "geometry_id": "B52-SHOWCASE-F0-shape-v1",
        "geometry_revision": 1,
        "base_elevation_m": 0.0,
        "height_m": 3.1,
        "vertical_reference": "DEMO-BM-01 fictional zero datum; not national MSL",
        "building_id": "B52",
        "internal_3d_id": "DEMO-3D-DENSE-B52:0"
      },
      "geometry": {
        "type": "Polygon",
        "coordinates": [
          [
            [
              96,
              57.25
            ],
            [
              104,
              57.25
            ],
            [
              104,
              73
            ],
            [
              101,
              73
            ],
            [
              101,
              72
            ],
            [
              98,
              72
            ],
            [
              98,
              73
            ],
            [
              96,
              73
            ],
            [
              96,
              57.25
            ]
          ]
        ]
      }
    },
    {
      "type": "Feature",
      "id": "B52-SHOWCASE-F1",
      "properties": {
        "level": 1,
        "buildingId": "B52",
        "floor_id": "B52-SHOWCASE-F1",
        "name": "Floor 1",
        "classification": "synthetic",
        "source_revision": "source-showcase-1",
        "geometry_status": "authored_synthetic",
        "geometry_note": "Author-provided fictional geometry; not AI extraction or survey evidence.",
        "geometry_id": "B52-SHOWCASE-F1-shape-v1",
        "geometry_revision": 1,
        "base_elevation_m": 3.1,
        "height_m": 3.1,
        "vertical_reference": "DEMO-BM-01 fictional zero datum; not national MSL",
        "building_id": "B52",
        "internal_3d_id": "DEMO-3D-DENSE-B52:1"
      },
      "geometry": {
        "type": "Polygon",
        "coordinates": [
          [
            [
              96,
              57.25
            ],
            [
              104,
              57.25
            ],
            [
              104,
              73
            ],
            [
              101,
              73
            ],
            [
              101,
              72
            ],
            [
              98,
              72
            ],
            [
              98,
              73
            ],
            [
              96,
              73
            ],
            [
              96,
              57.25
            ]
          ]
        ]
      }
    },
    {
      "type": "Feature",
      "id": "B52-SHOWCASE-F2",
      "properties": {
        "level": 2,
        "buildingId": "B52",
        "floor_id": "B52-SHOWCASE-F2",
        "name": "Floor 2",
        "classification": "synthetic",
        "source_revision": "source-showcase-1",
        "geometry_status": "authored_synthetic",
        "geometry_note": "Author-provided fictional geometry; not AI extraction or survey evidence.",
        "geometry_id": "B52-SHOWCASE-F2-shape-v1",
        "geometry_revision": 1,
        "base_elevation_m": 6.2,
        "height_m": 3.1,
        "vertical_reference": "DEMO-BM-01 fictional zero datum; not national MSL",
        "building_id": "B52",
        "internal_3d_id": "DEMO-3D-DENSE-B52:2"
      },
      "geometry": {
        "type": "Polygon",
        "coordinates": [
          [
            [
              96,
              57.25
            ],
            [
              104,
              57.25
            ],
            [
              104,
              73
            ],
            [
              101,
              73
            ],
            [
              101,
              72
            ],
            [
              98,
              72
            ],
            [
              98,
              73
            ],
            [
              96,
              73
            ],
            [
              96,
              57.25
            ]
          ]
        ]
      }
    },
    {
      "type": "Feature",
      "id": "B53-SHOWCASE-F0",
      "properties": {
        "level": 0,
        "buildingId": "B53",
        "floor_id": "B53-SHOWCASE-F0",
        "name": "Ground floor",
        "classification": "synthetic",
        "source_revision": "source-showcase-1",
        "geometry_status": "authored_synthetic",
        "geometry_note": "Author-provided fictional geometry; not AI extraction or survey evidence.",
        "geometry_id": "B53-SHOWCASE-F0-shape-v1",
        "geometry_revision": 1,
        "base_elevation_m": 0.0,
        "height_m": 3.1,
        "vertical_reference": "DEMO-BM-01 fictional zero datum; not national MSL",
        "building_id": "B53",
        "internal_3d_id": "DEMO-3D-DENSE-B53:0"
      },
      "geometry": {
        "type": "Polygon",
        "coordinates": [
          [
            [
              104,
              57
            ],
            [
              107,
              57
            ],
            [
              107,
              57.6
            ],
            [
              109,
              57.6
            ],
            [
              109,
              57
            ],
            [
              112,
              57
            ],
            [
              112,
              73
            ],
            [
              104,
              73
            ],
            [
              104,
              57
            ]
          ]
        ]
      }
    },
    {
      "type": "Feature",
      "id": "B53-SHOWCASE-F1",
      "properties": {
        "level": 1,
        "buildingId": "B53",
        "floor_id": "B53-SHOWCASE-F1",
        "name": "Floor 1",
        "classification": "synthetic",
        "source_revision": "source-showcase-1",
        "geometry_status": "authored_synthetic",
        "geometry_note": "Author-provided fictional geometry; not AI extraction or survey evidence.",
        "geometry_id": "B53-SHOWCASE-F1-shape-v1",
        "geometry_revision": 1,
        "base_elevation_m": 3.1,
        "height_m": 3.1,
        "vertical_reference": "DEMO-BM-01 fictional zero datum; not national MSL",
        "building_id": "B53",
        "internal_3d_id": "DEMO-3D-DENSE-B53:1"
      },
      "geometry": {
        "type": "Polygon",
        "coordinates": [
          [
            [
              104,
              57
            ],
            [
              107,
              57
            ],
            [
              107,
              57.6
            ],
            [
              109,
              57.6
            ],
            [
              109,
              57
            ],
            [
              112,
              57
            ],
            [
              112,
              73
            ],
            [
              104,
              73
            ],
            [
              104,
              57
            ]
          ]
        ]
      }
    },
    {
      "type": "Feature",
      "id": "B53-SHOWCASE-F2",
      "properties": {
        "level": 2,
        "buildingId": "B53",
        "floor_id": "B53-SHOWCASE-F2",
        "name": "Floor 2",
        "classification": "synthetic",
        "source_revision": "source-showcase-1",
        "geometry_status": "authored_synthetic",
        "geometry_note": "Author-provided fictional geometry; not AI extraction or survey evidence.",
        "geometry_id": "B53-SHOWCASE-F2-shape-v1",
        "geometry_revision": 1,
        "base_elevation_m": 6.2,
        "height_m": 3.1,
        "vertical_reference": "DEMO-BM-01 fictional zero datum; not national MSL",
        "building_id": "B53",
        "internal_3d_id": "DEMO-3D-DENSE-B53:2"
      },
      "geometry": {
        "type": "Polygon",
        "coordinates": [
          [
            [
              104,
              57
            ],
            [
              107,
              57
            ],
            [
              107,
              57.6
            ],
            [
              109,
              57.6
            ],
            [
              109,
              57
            ],
            [
              112,
              57
            ],
            [
              112,
              73
            ],
            [
              104,
              73
            ],
            [
              104,
              57
            ]
          ]
        ]
      }
    },
    {
      "type": "Feature",
      "id": "B53-SHOWCASE-F3",
      "properties": {
        "level": 3,
        "buildingId": "B53",
        "floor_id": "B53-SHOWCASE-F3",
        "name": "Floor 3",
        "classification": "synthetic",
        "source_revision": "source-showcase-1",
        "geometry_status": "authored_synthetic",
        "geometry_note": "Author-provided fictional geometry; not AI extraction or survey evidence.",
        "geometry_id": "B53-SHOWCASE-F3-shape-v1",
        "geometry_revision": 1,
        "base_elevation_m": 9.3,
        "height_m": 3.1,
        "vertical_reference": "DEMO-BM-01 fictional zero datum; not national MSL",
        "building_id": "B53",
        "internal_3d_id": "DEMO-3D-DENSE-B53:3"
      },
      "geometry": {
        "type": "Polygon",
        "coordinates": [
          [
            [
              104,
              57
            ],
            [
              107,
              57
            ],
            [
              107,
              57.6
            ],
            [
              109,
              57.6
            ],
            [
              109,
              57
            ],
            [
              112,
              57
            ],
            [
              112,
              73
            ],
            [
              104,
              73
            ],
            [
              104,
              57
            ]
          ]
        ]
      }
    },
    {
      "type": "Feature",
      "id": "B54-SHOWCASE-F0",
      "properties": {
        "level": 0,
        "buildingId": "B54",
        "floor_id": "B54-SHOWCASE-F0",
        "name": "Ground floor",
        "classification": "synthetic",
        "source_revision": "source-showcase-1",
        "geometry_status": "authored_synthetic",
        "geometry_note": "Author-provided fictional geometry; not AI extraction or survey evidence.",
        "geometry_id": "B54-SHOWCASE-F0-shape-v1",
        "geometry_revision": 1,
        "base_elevation_m": 0.0,
        "height_m": 3.1,
        "vertical_reference": "DEMO-BM-01 fictional zero datum; not national MSL",
        "building_id": "B54",
        "internal_3d_id": "DEMO-3D-DENSE-B54:0"
      },
      "geometry": {
        "type": "Polygon",
        "coordinates": [
          [
            [
              112,
              57.2
            ],
            [
              120,
              57.2
            ],
            [
              120,
              73
            ],
            [
              112,
              73
            ],
            [
              112,
              57.2
            ]
          ]
        ]
      }
    },
    {
      "type": "Feature",
      "id": "B54-SHOWCASE-F1",
      "properties": {
        "level": 1,
        "buildingId": "B54",
        "floor_id": "B54-SHOWCASE-F1",
        "name": "Floor 1",
        "classification": "synthetic",
        "source_revision": "source-showcase-1",
        "geometry_status": "authored_synthetic",
        "geometry_note": "Author-provided fictional geometry; not AI extraction or survey evidence.",
        "geometry_id": "B54-SHOWCASE-F1-shape-v1",
        "geometry_revision": 1,
        "base_elevation_m": 3.1,
        "height_m": 3.1,
        "vertical_reference": "DEMO-BM-01 fictional zero datum; not national MSL",
        "building_id": "B54",
        "internal_3d_id": "DEMO-3D-DENSE-B54:1"
      },
      "geometry": {
        "type": "Polygon",
        "coordinates": [
          [
            [
              112,
              57.2
            ],
            [
              120,
              57.2
            ],
            [
              120,
              73
            ],
            [
              112,
              73
            ],
            [
              112,
              57.2
            ]
          ]
        ]
      }
    },
    {
      "type": "Feature",
      "id": "B54-SHOWCASE-F2",
      "properties": {
        "level": 2,
        "buildingId": "B54",
        "floor_id": "B54-SHOWCASE-F2",
        "name": "Floor 2",
        "classification": "synthetic",
        "source_revision": "source-showcase-1",
        "geometry_status": "authored_synthetic",
        "geometry_note": "Author-provided fictional geometry; not AI extraction or survey evidence.",
        "geometry_id": "B54-SHOWCASE-F2-shape-v1",
        "geometry_revision": 1,
        "base_elevation_m": 6.2,
        "height_m": 3.1,
        "vertical_reference": "DEMO-BM-01 fictional zero datum; not national MSL",
        "building_id": "B54",
        "internal_3d_id": "DEMO-3D-DENSE-B54:2"
      },
      "geometry": {
        "type": "Polygon",
        "coordinates": [
          [
            [
              112,
              57.2
            ],
            [
              120,
              57.2
            ],
            [
              120,
              73
            ],
            [
              112,
              73
            ],
            [
              112,
              57.2
            ]
          ]
        ]
      }
    },
    {
      "type": "Feature",
      "id": "B54-SHOWCASE-F3",
      "properties": {
        "level": 3,
        "buildingId": "B54",
        "floor_id": "B54-SHOWCASE-F3",
        "name": "Floor 3",
        "classification": "synthetic",
        "source_revision": "source-showcase-1",
        "geometry_status": "authored_synthetic",
        "geometry_note": "Author-provided fictional geometry; not AI extraction or survey evidence.",
        "geometry_id": "B54-SHOWCASE-F3-shape-v1",
        "geometry_revision": 1,
        "base_elevation_m": 9.3,
        "height_m": 3.1,
        "vertical_reference": "DEMO-BM-01 fictional zero datum; not national MSL",
        "building_id": "B54",
        "internal_3d_id": "DEMO-3D-DENSE-B54:3"
      },
      "geometry": {
        "type": "Polygon",
        "coordinates": [
          [
            [
              112,
              57.2
            ],
            [
              120,
              57.2
            ],
            [
              120,
              73
            ],
            [
              112,
              73
            ],
            [
              112,
              57.2
            ]
          ]
        ]
      }
    },
    {
      "type": "Feature",
      "id": "B54-SHOWCASE-F4",
      "properties": {
        "level": 4,
        "buildingId": "B54",
        "floor_id": "B54-SHOWCASE-F4",
        "name": "Floor 4",
        "classification": "synthetic",
        "source_revision": "source-showcase-1",
        "geometry_status": "authored_synthetic",
        "geometry_note": "Author-provided fictional geometry; not AI extraction or survey evidence.",
        "geometry_id": "B54-SHOWCASE-F4-shape-v1",
        "geometry_revision": 1,
        "base_elevation_m": 12.4,
        "height_m": 3.1,
        "vertical_reference": "DEMO-BM-01 fictional zero datum; not national MSL",
        "building_id": "B54",
        "internal_3d_id": "DEMO-3D-DENSE-B54:4"
      },
      "geometry": {
        "type": "Polygon",
        "coordinates": [
          [
            [
              112,
              57.2
            ],
            [
              120,
              57.2
            ],
            [
              120,
              73
            ],
            [
              112,
              73
            ],
            [
              112,
              57.2
            ]
          ]
        ]
      }
    },
    {
      "type": "Feature",
      "id": "B55-SHOWCASE-F0",
      "properties": {
        "level": 0,
        "buildingId": "B55",
        "floor_id": "B55-SHOWCASE-F0",
        "name": "Ground floor",
        "classification": "synthetic",
        "source_revision": "source-showcase-1",
        "geometry_status": "authored_synthetic",
        "geometry_note": "Author-provided fictional geometry; not AI extraction or survey evidence.",
        "geometry_id": "B55-SHOWCASE-F0-shape-v1",
        "geometry_revision": 1,
        "base_elevation_m": 0.0,
        "height_m": 3.1,
        "vertical_reference": "DEMO-BM-01 fictional zero datum; not national MSL",
        "building_id": "B55",
        "internal_3d_id": "DEMO-3D-DENSE-B55:0"
      },
      "geometry": {
        "type": "Polygon",
        "coordinates": [
          [
            [
              0,
              76.2
            ],
            [
              8,
              76.2
            ],
            [
              8,
              92
            ],
            [
              0,
              92
            ],
            [
              0,
              76.2
            ]
          ]
        ]
      }
    },
    {
      "type": "Feature",
      "id": "B55-SHOWCASE-F1",
      "properties": {
        "level": 1,
        "buildingId": "B55",
        "floor_id": "B55-SHOWCASE-F1",
        "name": "Floor 1",
        "classification": "synthetic",
        "source_revision": "source-showcase-1",
        "geometry_status": "authored_synthetic",
        "geometry_note": "Author-provided fictional geometry; not AI extraction or survey evidence.",
        "geometry_id": "B55-SHOWCASE-F1-shape-v1",
        "geometry_revision": 1,
        "base_elevation_m": 3.1,
        "height_m": 3.1,
        "vertical_reference": "DEMO-BM-01 fictional zero datum; not national MSL",
        "building_id": "B55",
        "internal_3d_id": "DEMO-3D-DENSE-B55:1"
      },
      "geometry": {
        "type": "Polygon",
        "coordinates": [
          [
            [
              0,
              76.2
            ],
            [
              8,
              76.2
            ],
            [
              8,
              92
            ],
            [
              0,
              92
            ],
            [
              0,
              76.2
            ]
          ]
        ]
      }
    },
    {
      "type": "Feature",
      "id": "B55-SHOWCASE-F2",
      "properties": {
        "level": 2,
        "buildingId": "B55",
        "floor_id": "B55-SHOWCASE-F2",
        "name": "Floor 2",
        "classification": "synthetic",
        "source_revision": "source-showcase-1",
        "geometry_status": "authored_synthetic",
        "geometry_note": "Author-provided fictional geometry; not AI extraction or survey evidence.",
        "geometry_id": "B55-SHOWCASE-F2-shape-v1",
        "geometry_revision": 1,
        "base_elevation_m": 6.2,
        "height_m": 3.1,
        "vertical_reference": "DEMO-BM-01 fictional zero datum; not national MSL",
        "building_id": "B55",
        "internal_3d_id": "DEMO-3D-DENSE-B55:2"
      },
      "geometry": {
        "type": "Polygon",
        "coordinates": [
          [
            [
              0,
              76.2
            ],
            [
              8,
              76.2
            ],
            [
              8,
              92
            ],
            [
              0,
              92
            ],
            [
              0,
              76.2
            ]
          ]
        ]
      }
    },
    {
      "type": "Feature",
      "id": "B55-SHOWCASE-F3",
      "properties": {
        "level": 3,
        "buildingId": "B55",
        "floor_id": "B55-SHOWCASE-F3",
        "name": "Floor 3",
        "classification": "synthetic",
        "source_revision": "source-showcase-1",
        "geometry_status": "authored_synthetic",
        "geometry_note": "Author-provided fictional geometry; not AI extraction or survey evidence.",
        "geometry_id": "B55-SHOWCASE-F3-shape-v1",
        "geometry_revision": 1,
        "base_elevation_m": 9.3,
        "height_m": 3.1,
        "vertical_reference": "DEMO-BM-01 fictional zero datum; not national MSL",
        "building_id": "B55",
        "internal_3d_id": "DEMO-3D-DENSE-B55:3"
      },
      "geometry": {
        "type": "Polygon",
        "coordinates": [
          [
            [
              0,
              76.2
            ],
            [
              8,
              76.2
            ],
            [
              8,
              92
            ],
            [
              0,
              92
            ],
            [
              0,
              76.2
            ]
          ]
        ]
      }
    },
    {
      "type": "Feature",
      "id": "B56-SHOWCASE-F0",
      "properties": {
        "level": 0,
        "buildingId": "B56",
        "floor_id": "B56-SHOWCASE-F0",
        "name": "Ground floor",
        "classification": "synthetic",
        "source_revision": "source-showcase-1",
        "geometry_status": "authored_synthetic",
        "geometry_note": "Author-provided fictional geometry; not AI extraction or survey evidence.",
        "geometry_id": "B56-SHOWCASE-F0-shape-v1",
        "geometry_revision": 1,
        "base_elevation_m": 0.0,
        "height_m": 3.1,
        "vertical_reference": "DEMO-BM-01 fictional zero datum; not national MSL",
        "building_id": "B56",
        "internal_3d_id": "DEMO-3D-DENSE-B56:0"
      },
      "geometry": {
        "type": "Polygon",
        "coordinates": [
          [
            [
              8,
              76.25
            ],
            [
              16,
              76.25
            ],
            [
              16,
              92
            ],
            [
              13,
              92
            ],
            [
              13,
              91
            ],
            [
              10,
              91
            ],
            [
              10,
              92
            ],
            [
              8,
              92
            ],
            [
              8,
              76.25
            ]
          ]
        ]
      }
    },
    {
      "type": "Feature",
      "id": "B56-SHOWCASE-F1",
      "properties": {
        "level": 1,
        "buildingId": "B56",
        "floor_id": "B56-SHOWCASE-F1",
        "name": "Floor 1",
        "classification": "synthetic",
        "source_revision": "source-showcase-1",
        "geometry_status": "authored_synthetic",
        "geometry_note": "Author-provided fictional geometry; not AI extraction or survey evidence.",
        "geometry_id": "B56-SHOWCASE-F1-shape-v1",
        "geometry_revision": 1,
        "base_elevation_m": 3.1,
        "height_m": 3.1,
        "vertical_reference": "DEMO-BM-01 fictional zero datum; not national MSL",
        "building_id": "B56",
        "internal_3d_id": "DEMO-3D-DENSE-B56:1"
      },
      "geometry": {
        "type": "Polygon",
        "coordinates": [
          [
            [
              8,
              76.25
            ],
            [
              16,
              76.25
            ],
            [
              16,
              92
            ],
            [
              13,
              92
            ],
            [
              13,
              91
            ],
            [
              10,
              91
            ],
            [
              10,
              92
            ],
            [
              8,
              92
            ],
            [
              8,
              76.25
            ]
          ]
        ]
      }
    },
    {
      "type": "Feature",
      "id": "B56-SHOWCASE-F2",
      "properties": {
        "level": 2,
        "buildingId": "B56",
        "floor_id": "B56-SHOWCASE-F2",
        "name": "Floor 2",
        "classification": "synthetic",
        "source_revision": "source-showcase-1",
        "geometry_status": "authored_synthetic",
        "geometry_note": "Author-provided fictional geometry; not AI extraction or survey evidence.",
        "geometry_id": "B56-SHOWCASE-F2-shape-v1",
        "geometry_revision": 1,
        "base_elevation_m": 6.2,
        "height_m": 3.1,
        "vertical_reference": "DEMO-BM-01 fictional zero datum; not national MSL",
        "building_id": "B56",
        "internal_3d_id": "DEMO-3D-DENSE-B56:2"
      },
      "geometry": {
        "type": "Polygon",
        "coordinates": [
          [
            [
              8,
              76.25
            ],
            [
              16,
              76.25
            ],
            [
              16,
              92
            ],
            [
              13,
              92
            ],
            [
              13,
              91
            ],
            [
              10,
              91
            ],
            [
              10,
              92
            ],
            [
              8,
              92
            ],
            [
              8,
              76.25
            ]
          ]
        ]
      }
    },
    {
      "type": "Feature",
      "id": "B57-SHOWCASE-F0",
      "properties": {
        "level": 0,
        "buildingId": "B57",
        "floor_id": "B57-SHOWCASE-F0",
        "name": "Ground floor",
        "classification": "synthetic",
        "source_revision": "source-showcase-1",
        "geometry_status": "authored_synthetic",
        "geometry_note": "Author-provided fictional geometry; not AI extraction or survey evidence.",
        "geometry_id": "B57-SHOWCASE-F0-shape-v1",
        "geometry_revision": 1,
        "base_elevation_m": 0.0,
        "height_m": 3.1,
        "vertical_reference": "DEMO-BM-01 fictional zero datum; not national MSL",
        "building_id": "B57",
        "internal_3d_id": "DEMO-3D-DENSE-B57:0"
      },
      "geometry": {
        "type": "Polygon",
        "coordinates": [
          [
            [
              16,
              76
            ],
            [
              19,
              76
            ],
            [
              19,
              76.6
            ],
            [
              21,
              76.6
            ],
            [
              21,
              76
            ],
            [
              24,
              76
            ],
            [
              24,
              92
            ],
            [
              16,
              92
            ],
            [
              16,
              76
            ]
          ]
        ]
      }
    },
    {
      "type": "Feature",
      "id": "B57-SHOWCASE-F1",
      "properties": {
        "level": 1,
        "buildingId": "B57",
        "floor_id": "B57-SHOWCASE-F1",
        "name": "Floor 1",
        "classification": "synthetic",
        "source_revision": "source-showcase-1",
        "geometry_status": "authored_synthetic",
        "geometry_note": "Author-provided fictional geometry; not AI extraction or survey evidence.",
        "geometry_id": "B57-SHOWCASE-F1-shape-v1",
        "geometry_revision": 1,
        "base_elevation_m": 3.1,
        "height_m": 3.1,
        "vertical_reference": "DEMO-BM-01 fictional zero datum; not national MSL",
        "building_id": "B57",
        "internal_3d_id": "DEMO-3D-DENSE-B57:1"
      },
      "geometry": {
        "type": "Polygon",
        "coordinates": [
          [
            [
              16,
              76
            ],
            [
              19,
              76
            ],
            [
              19,
              76.6
            ],
            [
              21,
              76.6
            ],
            [
              21,
              76
            ],
            [
              24,
              76
            ],
            [
              24,
              92
            ],
            [
              16,
              92
            ],
            [
              16,
              76
            ]
          ]
        ]
      }
    },
    {
      "type": "Feature",
      "id": "B57-SHOWCASE-F2",
      "properties": {
        "level": 2,
        "buildingId": "B57",
        "floor_id": "B57-SHOWCASE-F2",
        "name": "Floor 2",
        "classification": "synthetic",
        "source_revision": "source-showcase-1",
        "geometry_status": "authored_synthetic",
        "geometry_note": "Author-provided fictional geometry; not AI extraction or survey evidence.",
        "geometry_id": "B57-SHOWCASE-F2-shape-v1",
        "geometry_revision": 1,
        "base_elevation_m": 6.2,
        "height_m": 3.1,
        "vertical_reference": "DEMO-BM-01 fictional zero datum; not national MSL",
        "building_id": "B57",
        "internal_3d_id": "DEMO-3D-DENSE-B57:2"
      },
      "geometry": {
        "type": "Polygon",
        "coordinates": [
          [
            [
              16,
              76
            ],
            [
              19,
              76
            ],
            [
              19,
              76.6
            ],
            [
              21,
              76.6
            ],
            [
              21,
              76
            ],
            [
              24,
              76
            ],
            [
              24,
              92
            ],
            [
              16,
              92
            ],
            [
              16,
              76
            ]
          ]
        ]
      }
    },
    {
      "type": "Feature",
      "id": "B57-SHOWCASE-F3",
      "properties": {
        "level": 3,
        "buildingId": "B57",
        "floor_id": "B57-SHOWCASE-F3",
        "name": "Floor 3",
        "classification": "synthetic",
        "source_revision": "source-showcase-1",
        "geometry_status": "authored_synthetic",
        "geometry_note": "Author-provided fictional geometry; not AI extraction or survey evidence.",
        "geometry_id": "B57-SHOWCASE-F3-shape-v1",
        "geometry_revision": 1,
        "base_elevation_m": 9.3,
        "height_m": 3.1,
        "vertical_reference": "DEMO-BM-01 fictional zero datum; not national MSL",
        "building_id": "B57",
        "internal_3d_id": "DEMO-3D-DENSE-B57:3"
      },
      "geometry": {
        "type": "Polygon",
        "coordinates": [
          [
            [
              16,
              76
            ],
            [
              19,
              76
            ],
            [
              19,
              76.6
            ],
            [
              21,
              76.6
            ],
            [
              21,
              76
            ],
            [
              24,
              76
            ],
            [
              24,
              92
            ],
            [
              16,
              92
            ],
            [
              16,
              76
            ]
          ]
        ]
      }
    },
    {
      "type": "Feature",
      "id": "B58-SHOWCASE-F0",
      "properties": {
        "level": 0,
        "buildingId": "B58",
        "floor_id": "B58-SHOWCASE-F0",
        "name": "Ground floor",
        "classification": "synthetic",
        "source_revision": "source-showcase-1",
        "geometry_status": "authored_synthetic",
        "geometry_note": "Author-provided fictional geometry; not AI extraction or survey evidence.",
        "geometry_id": "B58-SHOWCASE-F0-shape-v1",
        "geometry_revision": 1,
        "base_elevation_m": 0.0,
        "height_m": 3.1,
        "vertical_reference": "DEMO-BM-01 fictional zero datum; not national MSL",
        "building_id": "B58",
        "internal_3d_id": "DEMO-3D-DENSE-B58:0"
      },
      "geometry": {
        "type": "Polygon",
        "coordinates": [
          [
            [
              24,
              76.2
            ],
            [
              32,
              76.2
            ],
            [
              32,
              92
            ],
            [
              24,
              92
            ],
            [
              24,
              76.2
            ]
          ]
        ]
      }
    },
    {
      "type": "Feature",
      "id": "B58-SHOWCASE-F1",
      "properties": {
        "level": 1,
        "buildingId": "B58",
        "floor_id": "B58-SHOWCASE-F1",
        "name": "Floor 1",
        "classification": "synthetic",
        "source_revision": "source-showcase-1",
        "geometry_status": "authored_synthetic",
        "geometry_note": "Author-provided fictional geometry; not AI extraction or survey evidence.",
        "geometry_id": "B58-SHOWCASE-F1-shape-v1",
        "geometry_revision": 1,
        "base_elevation_m": 3.1,
        "height_m": 3.1,
        "vertical_reference": "DEMO-BM-01 fictional zero datum; not national MSL",
        "building_id": "B58",
        "internal_3d_id": "DEMO-3D-DENSE-B58:1"
      },
      "geometry": {
        "type": "Polygon",
        "coordinates": [
          [
            [
              24,
              76.2
            ],
            [
              32,
              76.2
            ],
            [
              32,
              92
            ],
            [
              24,
              92
            ],
            [
              24,
              76.2
            ]
          ]
        ]
      }
    },
    {
      "type": "Feature",
      "id": "B58-SHOWCASE-F2",
      "properties": {
        "level": 2,
        "buildingId": "B58",
        "floor_id": "B58-SHOWCASE-F2",
        "name": "Floor 2",
        "classification": "synthetic",
        "source_revision": "source-showcase-1",
        "geometry_status": "authored_synthetic",
        "geometry_note": "Author-provided fictional geometry; not AI extraction or survey evidence.",
        "geometry_id": "B58-SHOWCASE-F2-shape-v1",
        "geometry_revision": 1,
        "base_elevation_m": 6.2,
        "height_m": 3.1,
        "vertical_reference": "DEMO-BM-01 fictional zero datum; not national MSL",
        "building_id": "B58",
        "internal_3d_id": "DEMO-3D-DENSE-B58:2"
      },
      "geometry": {
        "type": "Polygon",
        "coordinates": [
          [
            [
              24,
              76.2
            ],
            [
              32,
              76.2
            ],
            [
              32,
              92
            ],
            [
              24,
              92
            ],
            [
              24,
              76.2
            ]
          ]
        ]
      }
    },
    {
      "type": "Feature",
      "id": "B58-SHOWCASE-F3",
      "properties": {
        "level": 3,
        "buildingId": "B58",
        "floor_id": "B58-SHOWCASE-F3",
        "name": "Floor 3",
        "classification": "synthetic",
        "source_revision": "source-showcase-1",
        "geometry_status": "authored_synthetic",
        "geometry_note": "Author-provided fictional geometry; not AI extraction or survey evidence.",
        "geometry_id": "B58-SHOWCASE-F3-shape-v1",
        "geometry_revision": 1,
        "base_elevation_m": 9.3,
        "height_m": 3.1,
        "vertical_reference": "DEMO-BM-01 fictional zero datum; not national MSL",
        "building_id": "B58",
        "internal_3d_id": "DEMO-3D-DENSE-B58:3"
      },
      "geometry": {
        "type": "Polygon",
        "coordinates": [
          [
            [
              24,
              76.2
            ],
            [
              32,
              76.2
            ],
            [
              32,
              92
            ],
            [
              24,
              92
            ],
            [
              24,
              76.2
            ]
          ]
        ]
      }
    },
    {
      "type": "Feature",
      "id": "B58-SHOWCASE-F4",
      "properties": {
        "level": 4,
        "buildingId": "B58",
        "floor_id": "B58-SHOWCASE-F4",
        "name": "Floor 4",
        "classification": "synthetic",
        "source_revision": "source-showcase-1",
        "geometry_status": "authored_synthetic",
        "geometry_note": "Author-provided fictional geometry; not AI extraction or survey evidence.",
        "geometry_id": "B58-SHOWCASE-F4-shape-v1",
        "geometry_revision": 1,
        "base_elevation_m": 12.4,
        "height_m": 3.1,
        "vertical_reference": "DEMO-BM-01 fictional zero datum; not national MSL",
        "building_id": "B58",
        "internal_3d_id": "DEMO-3D-DENSE-B58:4"
      },
      "geometry": {
        "type": "Polygon",
        "coordinates": [
          [
            [
              24,
              76.2
            ],
            [
              32,
              76.2
            ],
            [
              32,
              92
            ],
            [
              24,
              92
            ],
            [
              24,
              76.2
            ]
          ]
        ]
      }
    },
    {
      "type": "Feature",
      "id": "B59-SHOWCASE-F0",
      "properties": {
        "level": 0,
        "buildingId": "B59",
        "floor_id": "B59-SHOWCASE-F0",
        "name": "Ground floor",
        "classification": "synthetic",
        "source_revision": "source-showcase-1",
        "geometry_status": "authored_synthetic",
        "geometry_note": "Author-provided fictional geometry; not AI extraction or survey evidence.",
        "geometry_id": "B59-SHOWCASE-F0-shape-v1",
        "geometry_revision": 1,
        "base_elevation_m": 0.0,
        "height_m": 3.1,
        "vertical_reference": "DEMO-BM-01 fictional zero datum; not national MSL",
        "building_id": "B59",
        "internal_3d_id": "DEMO-3D-DENSE-B59:0"
      },
      "geometry": {
        "type": "Polygon",
        "coordinates": [
          [
            [
              32,
              76.2
            ],
            [
              40,
              76.2
            ],
            [
              40,
              92
            ],
            [
              32,
              92
            ],
            [
              32,
              76.2
            ]
          ]
        ]
      }
    },
    {
      "type": "Feature",
      "id": "B59-SHOWCASE-F1",
      "properties": {
        "level": 1,
        "buildingId": "B59",
        "floor_id": "B59-SHOWCASE-F1",
        "name": "Floor 1",
        "classification": "synthetic",
        "source_revision": "source-showcase-1",
        "geometry_status": "authored_synthetic",
        "geometry_note": "Author-provided fictional geometry; not AI extraction or survey evidence.",
        "geometry_id": "B59-SHOWCASE-F1-shape-v1",
        "geometry_revision": 1,
        "base_elevation_m": 3.1,
        "height_m": 3.1,
        "vertical_reference": "DEMO-BM-01 fictional zero datum; not national MSL",
        "building_id": "B59",
        "internal_3d_id": "DEMO-3D-DENSE-B59:1"
      },
      "geometry": {
        "type": "Polygon",
        "coordinates": [
          [
            [
              32,
              76.2
            ],
            [
              40,
              76.2
            ],
            [
              40,
              92
            ],
            [
              32,
              92
            ],
            [
              32,
              76.2
            ]
          ]
        ]
      }
    },
    {
      "type": "Feature",
      "id": "B59-SHOWCASE-F2",
      "properties": {
        "level": 2,
        "buildingId": "B59",
        "floor_id": "B59-SHOWCASE-F2",
        "name": "Floor 2",
        "classification": "synthetic",
        "source_revision": "source-showcase-1",
        "geometry_status": "authored_synthetic",
        "geometry_note": "Author-provided fictional geometry; not AI extraction or survey evidence.",
        "geometry_id": "B59-SHOWCASE-F2-shape-v1",
        "geometry_revision": 1,
        "base_elevation_m": 6.2,
        "height_m": 3.1,
        "vertical_reference": "DEMO-BM-01 fictional zero datum; not national MSL",
        "building_id": "B59",
        "internal_3d_id": "DEMO-3D-DENSE-B59:2"
      },
      "geometry": {
        "type": "Polygon",
        "coordinates": [
          [
            [
              32,
              76.2
            ],
            [
              40,
              76.2
            ],
            [
              40,
              92
            ],
            [
              32,
              92
            ],
            [
              32,
              76.2
            ]
          ]
        ]
      }
    },
    {
      "type": "Feature",
      "id": "B59-SHOWCASE-F3",
      "properties": {
        "level": 3,
        "buildingId": "B59",
        "floor_id": "B59-SHOWCASE-F3",
        "name": "Floor 3",
        "classification": "synthetic",
        "source_revision": "source-showcase-1",
        "geometry_status": "authored_synthetic",
        "geometry_note": "Author-provided fictional geometry; not AI extraction or survey evidence.",
        "geometry_id": "B59-SHOWCASE-F3-shape-v1",
        "geometry_revision": 1,
        "base_elevation_m": 9.3,
        "height_m": 3.1,
        "vertical_reference": "DEMO-BM-01 fictional zero datum; not national MSL",
        "building_id": "B59",
        "internal_3d_id": "DEMO-3D-DENSE-B59:3"
      },
      "geometry": {
        "type": "Polygon",
        "coordinates": [
          [
            [
              32,
              76.2
            ],
            [
              40,
              76.2
            ],
            [
              40,
              92
            ],
            [
              32,
              92
            ],
            [
              32,
              76.2
            ]
          ]
        ]
      }
    },
    {
      "type": "Feature",
      "id": "B60-SHOWCASE-F0",
      "properties": {
        "level": 0,
        "buildingId": "B60",
        "floor_id": "B60-SHOWCASE-F0",
        "name": "Ground floor",
        "classification": "synthetic",
        "source_revision": "source-showcase-1",
        "geometry_status": "authored_synthetic",
        "geometry_note": "Author-provided fictional geometry; not AI extraction or survey evidence.",
        "geometry_id": "B60-SHOWCASE-F0-shape-v1",
        "geometry_revision": 1,
        "base_elevation_m": 0.0,
        "height_m": 3.1,
        "vertical_reference": "DEMO-BM-01 fictional zero datum; not national MSL",
        "building_id": "B60",
        "internal_3d_id": "DEMO-3D-DENSE-B60:0"
      },
      "geometry": {
        "type": "Polygon",
        "coordinates": [
          [
            [
              40,
              76.25
            ],
            [
              48,
              76.25
            ],
            [
              48,
              92
            ],
            [
              45,
              92
            ],
            [
              45,
              91
            ],
            [
              42,
              91
            ],
            [
              42,
              92
            ],
            [
              40,
              92
            ],
            [
              40,
              76.25
            ]
          ]
        ]
      }
    },
    {
      "type": "Feature",
      "id": "B60-SHOWCASE-F1",
      "properties": {
        "level": 1,
        "buildingId": "B60",
        "floor_id": "B60-SHOWCASE-F1",
        "name": "Floor 1",
        "classification": "synthetic",
        "source_revision": "source-showcase-1",
        "geometry_status": "authored_synthetic",
        "geometry_note": "Author-provided fictional geometry; not AI extraction or survey evidence.",
        "geometry_id": "B60-SHOWCASE-F1-shape-v1",
        "geometry_revision": 1,
        "base_elevation_m": 3.1,
        "height_m": 3.1,
        "vertical_reference": "DEMO-BM-01 fictional zero datum; not national MSL",
        "building_id": "B60",
        "internal_3d_id": "DEMO-3D-DENSE-B60:1"
      },
      "geometry": {
        "type": "Polygon",
        "coordinates": [
          [
            [
              40,
              76.25
            ],
            [
              48,
              76.25
            ],
            [
              48,
              92
            ],
            [
              45,
              92
            ],
            [
              45,
              91
            ],
            [
              42,
              91
            ],
            [
              42,
              92
            ],
            [
              40,
              92
            ],
            [
              40,
              76.25
            ]
          ]
        ]
      }
    },
    {
      "type": "Feature",
      "id": "B60-SHOWCASE-F2",
      "properties": {
        "level": 2,
        "buildingId": "B60",
        "floor_id": "B60-SHOWCASE-F2",
        "name": "Floor 2",
        "classification": "synthetic",
        "source_revision": "source-showcase-1",
        "geometry_status": "authored_synthetic",
        "geometry_note": "Author-provided fictional geometry; not AI extraction or survey evidence.",
        "geometry_id": "B60-SHOWCASE-F2-shape-v1",
        "geometry_revision": 1,
        "base_elevation_m": 6.2,
        "height_m": 3.1,
        "vertical_reference": "DEMO-BM-01 fictional zero datum; not national MSL",
        "building_id": "B60",
        "internal_3d_id": "DEMO-3D-DENSE-B60:2"
      },
      "geometry": {
        "type": "Polygon",
        "coordinates": [
          [
            [
              40,
              76.25
            ],
            [
              48,
              76.25
            ],
            [
              48,
              92
            ],
            [
              45,
              92
            ],
            [
              45,
              91
            ],
            [
              42,
              91
            ],
            [
              42,
              92
            ],
            [
              40,
              92
            ],
            [
              40,
              76.25
            ]
          ]
        ]
      }
    },
    {
      "type": "Feature",
      "id": "B61-SHOWCASE-F0",
      "properties": {
        "level": 0,
        "buildingId": "B61",
        "floor_id": "B61-SHOWCASE-F0",
        "name": "Ground floor",
        "classification": "synthetic",
        "source_revision": "source-showcase-1",
        "geometry_status": "authored_synthetic",
        "geometry_note": "Author-provided fictional geometry; not AI extraction or survey evidence.",
        "geometry_id": "B61-SHOWCASE-F0-shape-v1",
        "geometry_revision": 1,
        "base_elevation_m": 0.0,
        "height_m": 3.1,
        "vertical_reference": "DEMO-BM-01 fictional zero datum; not national MSL",
        "building_id": "B61",
        "internal_3d_id": "DEMO-3D-DENSE-B61:0"
      },
      "geometry": {
        "type": "Polygon",
        "coordinates": [
          [
            [
              48,
              76
            ],
            [
              51,
              76
            ],
            [
              51,
              76.6
            ],
            [
              53,
              76.6
            ],
            [
              53,
              76
            ],
            [
              56,
              76
            ],
            [
              56,
              92
            ],
            [
              48,
              92
            ],
            [
              48,
              76
            ]
          ]
        ]
      }
    },
    {
      "type": "Feature",
      "id": "B61-SHOWCASE-F1",
      "properties": {
        "level": 1,
        "buildingId": "B61",
        "floor_id": "B61-SHOWCASE-F1",
        "name": "Floor 1",
        "classification": "synthetic",
        "source_revision": "source-showcase-1",
        "geometry_status": "authored_synthetic",
        "geometry_note": "Author-provided fictional geometry; not AI extraction or survey evidence.",
        "geometry_id": "B61-SHOWCASE-F1-shape-v1",
        "geometry_revision": 1,
        "base_elevation_m": 3.1,
        "height_m": 3.1,
        "vertical_reference": "DEMO-BM-01 fictional zero datum; not national MSL",
        "building_id": "B61",
        "internal_3d_id": "DEMO-3D-DENSE-B61:1"
      },
      "geometry": {
        "type": "Polygon",
        "coordinates": [
          [
            [
              48,
              76
            ],
            [
              51,
              76
            ],
            [
              51,
              76.6
            ],
            [
              53,
              76.6
            ],
            [
              53,
              76
            ],
            [
              56,
              76
            ],
            [
              56,
              92
            ],
            [
              48,
              92
            ],
            [
              48,
              76
            ]
          ]
        ]
      }
    },
    {
      "type": "Feature",
      "id": "B61-SHOWCASE-F2",
      "properties": {
        "level": 2,
        "buildingId": "B61",
        "floor_id": "B61-SHOWCASE-F2",
        "name": "Floor 2",
        "classification": "synthetic",
        "source_revision": "source-showcase-1",
        "geometry_status": "authored_synthetic",
        "geometry_note": "Author-provided fictional geometry; not AI extraction or survey evidence.",
        "geometry_id": "B61-SHOWCASE-F2-shape-v1",
        "geometry_revision": 1,
        "base_elevation_m": 6.2,
        "height_m": 3.1,
        "vertical_reference": "DEMO-BM-01 fictional zero datum; not national MSL",
        "building_id": "B61",
        "internal_3d_id": "DEMO-3D-DENSE-B61:2"
      },
      "geometry": {
        "type": "Polygon",
        "coordinates": [
          [
            [
              48,
              76
            ],
            [
              51,
              76
            ],
            [
              51,
              76.6
            ],
            [
              53,
              76.6
            ],
            [
              53,
              76
            ],
            [
              56,
              76
            ],
            [
              56,
              92
            ],
            [
              48,
              92
            ],
            [
              48,
              76
            ]
          ]
        ]
      }
    },
    {
      "type": "Feature",
      "id": "B61-SHOWCASE-F3",
      "properties": {
        "level": 3,
        "buildingId": "B61",
        "floor_id": "B61-SHOWCASE-F3",
        "name": "Floor 3",
        "classification": "synthetic",
        "source_revision": "source-showcase-1",
        "geometry_status": "authored_synthetic",
        "geometry_note": "Author-provided fictional geometry; not AI extraction or survey evidence.",
        "geometry_id": "B61-SHOWCASE-F3-shape-v1",
        "geometry_revision": 1,
        "base_elevation_m": 9.3,
        "height_m": 3.1,
        "vertical_reference": "DEMO-BM-01 fictional zero datum; not national MSL",
        "building_id": "B61",
        "internal_3d_id": "DEMO-3D-DENSE-B61:3"
      },
      "geometry": {
        "type": "Polygon",
        "coordinates": [
          [
            [
              48,
              76
            ],
            [
              51,
              76
            ],
            [
              51,
              76.6
            ],
            [
              53,
              76.6
            ],
            [
              53,
              76
            ],
            [
              56,
              76
            ],
            [
              56,
              92
            ],
            [
              48,
              92
            ],
            [
              48,
              76
            ]
          ]
        ]
      }
    },
    {
      "type": "Feature",
      "id": "B62-SHOWCASE-F0",
      "properties": {
        "level": 0,
        "buildingId": "B62",
        "floor_id": "B62-SHOWCASE-F0",
        "name": "Ground floor",
        "classification": "synthetic",
        "source_revision": "source-showcase-1",
        "geometry_status": "authored_synthetic",
        "geometry_note": "Author-provided fictional geometry; not AI extraction or survey evidence.",
        "geometry_id": "B62-SHOWCASE-F0-shape-v1",
        "geometry_revision": 1,
        "base_elevation_m": 0.0,
        "height_m": 3.1,
        "vertical_reference": "DEMO-BM-01 fictional zero datum; not national MSL",
        "building_id": "B62",
        "internal_3d_id": "DEMO-3D-DENSE-B62:0"
      },
      "geometry": {
        "type": "Polygon",
        "coordinates": [
          [
            [
              64,
              76.2
            ],
            [
              72,
              76.2
            ],
            [
              72,
              92
            ],
            [
              64,
              92
            ],
            [
              64,
              76.2
            ]
          ]
        ]
      }
    },
    {
      "type": "Feature",
      "id": "B62-SHOWCASE-F1",
      "properties": {
        "level": 1,
        "buildingId": "B62",
        "floor_id": "B62-SHOWCASE-F1",
        "name": "Floor 1",
        "classification": "synthetic",
        "source_revision": "source-showcase-1",
        "geometry_status": "authored_synthetic",
        "geometry_note": "Author-provided fictional geometry; not AI extraction or survey evidence.",
        "geometry_id": "B62-SHOWCASE-F1-shape-v1",
        "geometry_revision": 1,
        "base_elevation_m": 3.1,
        "height_m": 3.1,
        "vertical_reference": "DEMO-BM-01 fictional zero datum; not national MSL",
        "building_id": "B62",
        "internal_3d_id": "DEMO-3D-DENSE-B62:1"
      },
      "geometry": {
        "type": "Polygon",
        "coordinates": [
          [
            [
              64,
              76.2
            ],
            [
              72,
              76.2
            ],
            [
              72,
              92
            ],
            [
              64,
              92
            ],
            [
              64,
              76.2
            ]
          ]
        ]
      }
    },
    {
      "type": "Feature",
      "id": "B62-SHOWCASE-F2",
      "properties": {
        "level": 2,
        "buildingId": "B62",
        "floor_id": "B62-SHOWCASE-F2",
        "name": "Floor 2",
        "classification": "synthetic",
        "source_revision": "source-showcase-1",
        "geometry_status": "authored_synthetic",
        "geometry_note": "Author-provided fictional geometry; not AI extraction or survey evidence.",
        "geometry_id": "B62-SHOWCASE-F2-shape-v1",
        "geometry_revision": 1,
        "base_elevation_m": 6.2,
        "height_m": 3.1,
        "vertical_reference": "DEMO-BM-01 fictional zero datum; not national MSL",
        "building_id": "B62",
        "internal_3d_id": "DEMO-3D-DENSE-B62:2"
      },
      "geometry": {
        "type": "Polygon",
        "coordinates": [
          [
            [
              64,
              76.2
            ],
            [
              72,
              76.2
            ],
            [
              72,
              92
            ],
            [
              64,
              92
            ],
            [
              64,
              76.2
            ]
          ]
        ]
      }
    },
    {
      "type": "Feature",
      "id": "B62-SHOWCASE-F3",
      "properties": {
        "level": 3,
        "buildingId": "B62",
        "floor_id": "B62-SHOWCASE-F3",
        "name": "Floor 3",
        "classification": "synthetic",
        "source_revision": "source-showcase-1",
        "geometry_status": "authored_synthetic",
        "geometry_note": "Author-provided fictional geometry; not AI extraction or survey evidence.",
        "geometry_id": "B62-SHOWCASE-F3-shape-v1",
        "geometry_revision": 1,
        "base_elevation_m": 9.3,
        "height_m": 3.1,
        "vertical_reference": "DEMO-BM-01 fictional zero datum; not national MSL",
        "building_id": "B62",
        "internal_3d_id": "DEMO-3D-DENSE-B62:3"
      },
      "geometry": {
        "type": "Polygon",
        "coordinates": [
          [
            [
              64,
              76.2
            ],
            [
              72,
              76.2
            ],
            [
              72,
              92
            ],
            [
              64,
              92
            ],
            [
              64,
              76.2
            ]
          ]
        ]
      }
    },
    {
      "type": "Feature",
      "id": "B62-SHOWCASE-F4",
      "properties": {
        "level": 4,
        "buildingId": "B62",
        "floor_id": "B62-SHOWCASE-F4",
        "name": "Floor 4",
        "classification": "synthetic",
        "source_revision": "source-showcase-1",
        "geometry_status": "authored_synthetic",
        "geometry_note": "Author-provided fictional geometry; not AI extraction or survey evidence.",
        "geometry_id": "B62-SHOWCASE-F4-shape-v1",
        "geometry_revision": 1,
        "base_elevation_m": 12.4,
        "height_m": 3.1,
        "vertical_reference": "DEMO-BM-01 fictional zero datum; not national MSL",
        "building_id": "B62",
        "internal_3d_id": "DEMO-3D-DENSE-B62:4"
      },
      "geometry": {
        "type": "Polygon",
        "coordinates": [
          [
            [
              64,
              76.2
            ],
            [
              72,
              76.2
            ],
            [
              72,
              92
            ],
            [
              64,
              92
            ],
            [
              64,
              76.2
            ]
          ]
        ]
      }
    },
    {
      "type": "Feature",
      "id": "B63-SHOWCASE-F0",
      "properties": {
        "level": 0,
        "buildingId": "B63",
        "floor_id": "B63-SHOWCASE-F0",
        "name": "Ground floor",
        "classification": "synthetic",
        "source_revision": "source-showcase-1",
        "geometry_status": "authored_synthetic",
        "geometry_note": "Author-provided fictional geometry; not AI extraction or survey evidence.",
        "geometry_id": "B63-SHOWCASE-F0-shape-v1",
        "geometry_revision": 1,
        "base_elevation_m": 0.0,
        "height_m": 3.1,
        "vertical_reference": "DEMO-BM-01 fictional zero datum; not national MSL",
        "building_id": "B63",
        "internal_3d_id": "DEMO-3D-DENSE-B63:0"
      },
      "geometry": {
        "type": "Polygon",
        "coordinates": [
          [
            [
              72,
              76.2
            ],
            [
              80,
              76.2
            ],
            [
              80,
              92
            ],
            [
              72,
              92
            ],
            [
              72,
              76.2
            ]
          ]
        ]
      }
    },
    {
      "type": "Feature",
      "id": "B63-SHOWCASE-F1",
      "properties": {
        "level": 1,
        "buildingId": "B63",
        "floor_id": "B63-SHOWCASE-F1",
        "name": "Floor 1",
        "classification": "synthetic",
        "source_revision": "source-showcase-1",
        "geometry_status": "authored_synthetic",
        "geometry_note": "Author-provided fictional geometry; not AI extraction or survey evidence.",
        "geometry_id": "B63-SHOWCASE-F1-shape-v1",
        "geometry_revision": 1,
        "base_elevation_m": 3.1,
        "height_m": 3.1,
        "vertical_reference": "DEMO-BM-01 fictional zero datum; not national MSL",
        "building_id": "B63",
        "internal_3d_id": "DEMO-3D-DENSE-B63:1"
      },
      "geometry": {
        "type": "Polygon",
        "coordinates": [
          [
            [
              72,
              76.2
            ],
            [
              80,
              76.2
            ],
            [
              80,
              92
            ],
            [
              72,
              92
            ],
            [
              72,
              76.2
            ]
          ]
        ]
      }
    },
    {
      "type": "Feature",
      "id": "B63-SHOWCASE-F2",
      "properties": {
        "level": 2,
        "buildingId": "B63",
        "floor_id": "B63-SHOWCASE-F2",
        "name": "Floor 2",
        "classification": "synthetic",
        "source_revision": "source-showcase-1",
        "geometry_status": "authored_synthetic",
        "geometry_note": "Author-provided fictional geometry; not AI extraction or survey evidence.",
        "geometry_id": "B63-SHOWCASE-F2-shape-v1",
        "geometry_revision": 1,
        "base_elevation_m": 6.2,
        "height_m": 3.1,
        "vertical_reference": "DEMO-BM-01 fictional zero datum; not national MSL",
        "building_id": "B63",
        "internal_3d_id": "DEMO-3D-DENSE-B63:2"
      },
      "geometry": {
        "type": "Polygon",
        "coordinates": [
          [
            [
              72,
              76.2
            ],
            [
              80,
              76.2
            ],
            [
              80,
              92
            ],
            [
              72,
              92
            ],
            [
              72,
              76.2
            ]
          ]
        ]
      }
    },
    {
      "type": "Feature",
      "id": "B63-SHOWCASE-F3",
      "properties": {
        "level": 3,
        "buildingId": "B63",
        "floor_id": "B63-SHOWCASE-F3",
        "name": "Floor 3",
        "classification": "synthetic",
        "source_revision": "source-showcase-1",
        "geometry_status": "authored_synthetic",
        "geometry_note": "Author-provided fictional geometry; not AI extraction or survey evidence.",
        "geometry_id": "B63-SHOWCASE-F3-shape-v1",
        "geometry_revision": 1,
        "base_elevation_m": 9.3,
        "height_m": 3.1,
        "vertical_reference": "DEMO-BM-01 fictional zero datum; not national MSL",
        "building_id": "B63",
        "internal_3d_id": "DEMO-3D-DENSE-B63:3"
      },
      "geometry": {
        "type": "Polygon",
        "coordinates": [
          [
            [
              72,
              76.2
            ],
            [
              80,
              76.2
            ],
            [
              80,
              92
            ],
            [
              72,
              92
            ],
            [
              72,
              76.2
            ]
          ]
        ]
      }
    },
    {
      "type": "Feature",
      "id": "B64-SHOWCASE-F0",
      "properties": {
        "level": 0,
        "buildingId": "B64",
        "floor_id": "B64-SHOWCASE-F0",
        "name": "Ground floor",
        "classification": "synthetic",
        "source_revision": "source-showcase-1",
        "geometry_status": "authored_synthetic",
        "geometry_note": "Author-provided fictional geometry; not AI extraction or survey evidence.",
        "geometry_id": "B64-SHOWCASE-F0-shape-v1",
        "geometry_revision": 1,
        "base_elevation_m": 0.0,
        "height_m": 3.1,
        "vertical_reference": "DEMO-BM-01 fictional zero datum; not national MSL",
        "building_id": "B64",
        "internal_3d_id": "DEMO-3D-DENSE-B64:0"
      },
      "geometry": {
        "type": "Polygon",
        "coordinates": [
          [
            [
              80,
              76.25
            ],
            [
              88,
              76.25
            ],
            [
              88,
              92
            ],
            [
              85,
              92
            ],
            [
              85,
              91
            ],
            [
              82,
              91
            ],
            [
              82,
              92
            ],
            [
              80,
              92
            ],
            [
              80,
              76.25
            ]
          ]
        ]
      }
    },
    {
      "type": "Feature",
      "id": "B64-SHOWCASE-F1",
      "properties": {
        "level": 1,
        "buildingId": "B64",
        "floor_id": "B64-SHOWCASE-F1",
        "name": "Floor 1",
        "classification": "synthetic",
        "source_revision": "source-showcase-1",
        "geometry_status": "authored_synthetic",
        "geometry_note": "Author-provided fictional geometry; not AI extraction or survey evidence.",
        "geometry_id": "B64-SHOWCASE-F1-shape-v1",
        "geometry_revision": 1,
        "base_elevation_m": 3.1,
        "height_m": 3.1,
        "vertical_reference": "DEMO-BM-01 fictional zero datum; not national MSL",
        "building_id": "B64",
        "internal_3d_id": "DEMO-3D-DENSE-B64:1"
      },
      "geometry": {
        "type": "Polygon",
        "coordinates": [
          [
            [
              80,
              76.25
            ],
            [
              88,
              76.25
            ],
            [
              88,
              92
            ],
            [
              85,
              92
            ],
            [
              85,
              91
            ],
            [
              82,
              91
            ],
            [
              82,
              92
            ],
            [
              80,
              92
            ],
            [
              80,
              76.25
            ]
          ]
        ]
      }
    },
    {
      "type": "Feature",
      "id": "B64-SHOWCASE-F2",
      "properties": {
        "level": 2,
        "buildingId": "B64",
        "floor_id": "B64-SHOWCASE-F2",
        "name": "Floor 2",
        "classification": "synthetic",
        "source_revision": "source-showcase-1",
        "geometry_status": "authored_synthetic",
        "geometry_note": "Author-provided fictional geometry; not AI extraction or survey evidence.",
        "geometry_id": "B64-SHOWCASE-F2-shape-v1",
        "geometry_revision": 1,
        "base_elevation_m": 6.2,
        "height_m": 3.1,
        "vertical_reference": "DEMO-BM-01 fictional zero datum; not national MSL",
        "building_id": "B64",
        "internal_3d_id": "DEMO-3D-DENSE-B64:2"
      },
      "geometry": {
        "type": "Polygon",
        "coordinates": [
          [
            [
              80,
              76.25
            ],
            [
              88,
              76.25
            ],
            [
              88,
              92
            ],
            [
              85,
              92
            ],
            [
              85,
              91
            ],
            [
              82,
              91
            ],
            [
              82,
              92
            ],
            [
              80,
              92
            ],
            [
              80,
              76.25
            ]
          ]
        ]
      }
    },
    {
      "type": "Feature",
      "id": "B65-SHOWCASE-F0",
      "properties": {
        "level": 0,
        "buildingId": "B65",
        "floor_id": "B65-SHOWCASE-F0",
        "name": "Ground floor",
        "classification": "synthetic",
        "source_revision": "source-showcase-1",
        "geometry_status": "authored_synthetic",
        "geometry_note": "Author-provided fictional geometry; not AI extraction or survey evidence.",
        "geometry_id": "B65-SHOWCASE-F0-shape-v1",
        "geometry_revision": 1,
        "base_elevation_m": 0.0,
        "height_m": 3.1,
        "vertical_reference": "DEMO-BM-01 fictional zero datum; not national MSL",
        "building_id": "B65",
        "internal_3d_id": "DEMO-3D-DENSE-B65:0"
      },
      "geometry": {
        "type": "Polygon",
        "coordinates": [
          [
            [
              88,
              76
            ],
            [
              91,
              76
            ],
            [
              91,
              76.6
            ],
            [
              93,
              76.6
            ],
            [
              93,
              76
            ],
            [
              96,
              76
            ],
            [
              96,
              92
            ],
            [
              88,
              92
            ],
            [
              88,
              76
            ]
          ]
        ]
      }
    },
    {
      "type": "Feature",
      "id": "B65-SHOWCASE-F1",
      "properties": {
        "level": 1,
        "buildingId": "B65",
        "floor_id": "B65-SHOWCASE-F1",
        "name": "Floor 1",
        "classification": "synthetic",
        "source_revision": "source-showcase-1",
        "geometry_status": "authored_synthetic",
        "geometry_note": "Author-provided fictional geometry; not AI extraction or survey evidence.",
        "geometry_id": "B65-SHOWCASE-F1-shape-v1",
        "geometry_revision": 1,
        "base_elevation_m": 3.1,
        "height_m": 3.1,
        "vertical_reference": "DEMO-BM-01 fictional zero datum; not national MSL",
        "building_id": "B65",
        "internal_3d_id": "DEMO-3D-DENSE-B65:1"
      },
      "geometry": {
        "type": "Polygon",
        "coordinates": [
          [
            [
              88,
              76
            ],
            [
              91,
              76
            ],
            [
              91,
              76.6
            ],
            [
              93,
              76.6
            ],
            [
              93,
              76
            ],
            [
              96,
              76
            ],
            [
              96,
              92
            ],
            [
              88,
              92
            ],
            [
              88,
              76
            ]
          ]
        ]
      }
    },
    {
      "type": "Feature",
      "id": "B65-SHOWCASE-F2",
      "properties": {
        "level": 2,
        "buildingId": "B65",
        "floor_id": "B65-SHOWCASE-F2",
        "name": "Floor 2",
        "classification": "synthetic",
        "source_revision": "source-showcase-1",
        "geometry_status": "authored_synthetic",
        "geometry_note": "Author-provided fictional geometry; not AI extraction or survey evidence.",
        "geometry_id": "B65-SHOWCASE-F2-shape-v1",
        "geometry_revision": 1,
        "base_elevation_m": 6.2,
        "height_m": 3.1,
        "vertical_reference": "DEMO-BM-01 fictional zero datum; not national MSL",
        "building_id": "B65",
        "internal_3d_id": "DEMO-3D-DENSE-B65:2"
      },
      "geometry": {
        "type": "Polygon",
        "coordinates": [
          [
            [
              88,
              76
            ],
            [
              91,
              76
            ],
            [
              91,
              76.6
            ],
            [
              93,
              76.6
            ],
            [
              93,
              76
            ],
            [
              96,
              76
            ],
            [
              96,
              92
            ],
            [
              88,
              92
            ],
            [
              88,
              76
            ]
          ]
        ]
      }
    },
    {
      "type": "Feature",
      "id": "B65-SHOWCASE-F3",
      "properties": {
        "level": 3,
        "buildingId": "B65",
        "floor_id": "B65-SHOWCASE-F3",
        "name": "Floor 3",
        "classification": "synthetic",
        "source_revision": "source-showcase-1",
        "geometry_status": "authored_synthetic",
        "geometry_note": "Author-provided fictional geometry; not AI extraction or survey evidence.",
        "geometry_id": "B65-SHOWCASE-F3-shape-v1",
        "geometry_revision": 1,
        "base_elevation_m": 9.3,
        "height_m": 3.1,
        "vertical_reference": "DEMO-BM-01 fictional zero datum; not national MSL",
        "building_id": "B65",
        "internal_3d_id": "DEMO-3D-DENSE-B65:3"
      },
      "geometry": {
        "type": "Polygon",
        "coordinates": [
          [
            [
              88,
              76
            ],
            [
              91,
              76
            ],
            [
              91,
              76.6
            ],
            [
              93,
              76.6
            ],
            [
              93,
              76
            ],
            [
              96,
              76
            ],
            [
              96,
              92
            ],
            [
              88,
              92
            ],
            [
              88,
              76
            ]
          ]
        ]
      }
    },
    {
      "type": "Feature",
      "id": "B66-SHOWCASE-F0",
      "properties": {
        "level": 0,
        "buildingId": "B66",
        "floor_id": "B66-SHOWCASE-F0",
        "name": "Ground floor",
        "classification": "synthetic",
        "source_revision": "source-showcase-1",
        "geometry_status": "authored_synthetic",
        "geometry_note": "Author-provided fictional geometry; not AI extraction or survey evidence.",
        "geometry_id": "B66-SHOWCASE-F0-shape-v1",
        "geometry_revision": 1,
        "base_elevation_m": 0.0,
        "height_m": 3.1,
        "vertical_reference": "DEMO-BM-01 fictional zero datum; not national MSL",
        "building_id": "B66",
        "internal_3d_id": "DEMO-3D-DENSE-B66:0"
      },
      "geometry": {
        "type": "Polygon",
        "coordinates": [
          [
            [
              96,
              76.2
            ],
            [
              104,
              76.2
            ],
            [
              104,
              92
            ],
            [
              96,
              92
            ],
            [
              96,
              76.2
            ]
          ]
        ]
      }
    },
    {
      "type": "Feature",
      "id": "B66-SHOWCASE-F1",
      "properties": {
        "level": 1,
        "buildingId": "B66",
        "floor_id": "B66-SHOWCASE-F1",
        "name": "Floor 1",
        "classification": "synthetic",
        "source_revision": "source-showcase-1",
        "geometry_status": "authored_synthetic",
        "geometry_note": "Author-provided fictional geometry; not AI extraction or survey evidence.",
        "geometry_id": "B66-SHOWCASE-F1-shape-v1",
        "geometry_revision": 1,
        "base_elevation_m": 3.1,
        "height_m": 3.1,
        "vertical_reference": "DEMO-BM-01 fictional zero datum; not national MSL",
        "building_id": "B66",
        "internal_3d_id": "DEMO-3D-DENSE-B66:1"
      },
      "geometry": {
        "type": "Polygon",
        "coordinates": [
          [
            [
              96,
              76.2
            ],
            [
              104,
              76.2
            ],
            [
              104,
              92
            ],
            [
              96,
              92
            ],
            [
              96,
              76.2
            ]
          ]
        ]
      }
    },
    {
      "type": "Feature",
      "id": "B66-SHOWCASE-F2",
      "properties": {
        "level": 2,
        "buildingId": "B66",
        "floor_id": "B66-SHOWCASE-F2",
        "name": "Floor 2",
        "classification": "synthetic",
        "source_revision": "source-showcase-1",
        "geometry_status": "authored_synthetic",
        "geometry_note": "Author-provided fictional geometry; not AI extraction or survey evidence.",
        "geometry_id": "B66-SHOWCASE-F2-shape-v1",
        "geometry_revision": 1,
        "base_elevation_m": 6.2,
        "height_m": 3.1,
        "vertical_reference": "DEMO-BM-01 fictional zero datum; not national MSL",
        "building_id": "B66",
        "internal_3d_id": "DEMO-3D-DENSE-B66:2"
      },
      "geometry": {
        "type": "Polygon",
        "coordinates": [
          [
            [
              96,
              76.2
            ],
            [
              104,
              76.2
            ],
            [
              104,
              92
            ],
            [
              96,
              92
            ],
            [
              96,
              76.2
            ]
          ]
        ]
      }
    },
    {
      "type": "Feature",
      "id": "B66-SHOWCASE-F3",
      "properties": {
        "level": 3,
        "buildingId": "B66",
        "floor_id": "B66-SHOWCASE-F3",
        "name": "Floor 3",
        "classification": "synthetic",
        "source_revision": "source-showcase-1",
        "geometry_status": "authored_synthetic",
        "geometry_note": "Author-provided fictional geometry; not AI extraction or survey evidence.",
        "geometry_id": "B66-SHOWCASE-F3-shape-v1",
        "geometry_revision": 1,
        "base_elevation_m": 9.3,
        "height_m": 3.1,
        "vertical_reference": "DEMO-BM-01 fictional zero datum; not national MSL",
        "building_id": "B66",
        "internal_3d_id": "DEMO-3D-DENSE-B66:3"
      },
      "geometry": {
        "type": "Polygon",
        "coordinates": [
          [
            [
              96,
              76.2
            ],
            [
              104,
              76.2
            ],
            [
              104,
              92
            ],
            [
              96,
              92
            ],
            [
              96,
              76.2
            ]
          ]
        ]
      }
    },
    {
      "type": "Feature",
      "id": "B66-SHOWCASE-F4",
      "properties": {
        "level": 4,
        "buildingId": "B66",
        "floor_id": "B66-SHOWCASE-F4",
        "name": "Floor 4",
        "classification": "synthetic",
        "source_revision": "source-showcase-1",
        "geometry_status": "authored_synthetic",
        "geometry_note": "Author-provided fictional geometry; not AI extraction or survey evidence.",
        "geometry_id": "B66-SHOWCASE-F4-shape-v1",
        "geometry_revision": 1,
        "base_elevation_m": 12.4,
        "height_m": 3.1,
        "vertical_reference": "DEMO-BM-01 fictional zero datum; not national MSL",
        "building_id": "B66",
        "internal_3d_id": "DEMO-3D-DENSE-B66:4"
      },
      "geometry": {
        "type": "Polygon",
        "coordinates": [
          [
            [
              96,
              76.2
            ],
            [
              104,
              76.2
            ],
            [
              104,
              92
            ],
            [
              96,
              92
            ],
            [
              96,
              76.2
            ]
          ]
        ]
      }
    },
    {
      "type": "Feature",
      "id": "B67-SHOWCASE-F0",
      "properties": {
        "level": 0,
        "buildingId": "B67",
        "floor_id": "B67-SHOWCASE-F0",
        "name": "Ground floor",
        "classification": "synthetic",
        "source_revision": "source-showcase-1",
        "geometry_status": "authored_synthetic",
        "geometry_note": "Author-provided fictional geometry; not AI extraction or survey evidence.",
        "geometry_id": "B67-SHOWCASE-F0-shape-v1",
        "geometry_revision": 1,
        "base_elevation_m": 0.0,
        "height_m": 3.1,
        "vertical_reference": "DEMO-BM-01 fictional zero datum; not national MSL",
        "building_id": "B67",
        "internal_3d_id": "DEMO-3D-DENSE-B67:0"
      },
      "geometry": {
        "type": "Polygon",
        "coordinates": [
          [
            [
              104,
              76.2
            ],
            [
              112,
              76.2
            ],
            [
              112,
              92
            ],
            [
              104,
              92
            ],
            [
              104,
              76.2
            ]
          ]
        ]
      }
    },
    {
      "type": "Feature",
      "id": "B67-SHOWCASE-F1",
      "properties": {
        "level": 1,
        "buildingId": "B67",
        "floor_id": "B67-SHOWCASE-F1",
        "name": "Floor 1",
        "classification": "synthetic",
        "source_revision": "source-showcase-1",
        "geometry_status": "authored_synthetic",
        "geometry_note": "Author-provided fictional geometry; not AI extraction or survey evidence.",
        "geometry_id": "B67-SHOWCASE-F1-shape-v1",
        "geometry_revision": 1,
        "base_elevation_m": 3.1,
        "height_m": 3.1,
        "vertical_reference": "DEMO-BM-01 fictional zero datum; not national MSL",
        "building_id": "B67",
        "internal_3d_id": "DEMO-3D-DENSE-B67:1"
      },
      "geometry": {
        "type": "Polygon",
        "coordinates": [
          [
            [
              104,
              76.2
            ],
            [
              112,
              76.2
            ],
            [
              112,
              92
            ],
            [
              104,
              92
            ],
            [
              104,
              76.2
            ]
          ]
        ]
      }
    },
    {
      "type": "Feature",
      "id": "B67-SHOWCASE-F2",
      "properties": {
        "level": 2,
        "buildingId": "B67",
        "floor_id": "B67-SHOWCASE-F2",
        "name": "Floor 2",
        "classification": "synthetic",
        "source_revision": "source-showcase-1",
        "geometry_status": "authored_synthetic",
        "geometry_note": "Author-provided fictional geometry; not AI extraction or survey evidence.",
        "geometry_id": "B67-SHOWCASE-F2-shape-v1",
        "geometry_revision": 1,
        "base_elevation_m": 6.2,
        "height_m": 3.1,
        "vertical_reference": "DEMO-BM-01 fictional zero datum; not national MSL",
        "building_id": "B67",
        "internal_3d_id": "DEMO-3D-DENSE-B67:2"
      },
      "geometry": {
        "type": "Polygon",
        "coordinates": [
          [
            [
              104,
              76.2
            ],
            [
              112,
              76.2
            ],
            [
              112,
              92
            ],
            [
              104,
              92
            ],
            [
              104,
              76.2
            ]
          ]
        ]
      }
    },
    {
      "type": "Feature",
      "id": "B67-SHOWCASE-F3",
      "properties": {
        "level": 3,
        "buildingId": "B67",
        "floor_id": "B67-SHOWCASE-F3",
        "name": "Floor 3",
        "classification": "synthetic",
        "source_revision": "source-showcase-1",
        "geometry_status": "authored_synthetic",
        "geometry_note": "Author-provided fictional geometry; not AI extraction or survey evidence.",
        "geometry_id": "B67-SHOWCASE-F3-shape-v1",
        "geometry_revision": 1,
        "base_elevation_m": 9.3,
        "height_m": 3.1,
        "vertical_reference": "DEMO-BM-01 fictional zero datum; not national MSL",
        "building_id": "B67",
        "internal_3d_id": "DEMO-3D-DENSE-B67:3"
      },
      "geometry": {
        "type": "Polygon",
        "coordinates": [
          [
            [
              104,
              76.2
            ],
            [
              112,
              76.2
            ],
            [
              112,
              92
            ],
            [
              104,
              92
            ],
            [
              104,
              76.2
            ]
          ]
        ]
      }
    },
    {
      "type": "Feature",
      "id": "B68-SHOWCASE-F0",
      "properties": {
        "level": 0,
        "buildingId": "B68",
        "floor_id": "B68-SHOWCASE-F0",
        "name": "Ground floor",
        "classification": "synthetic",
        "source_revision": "source-showcase-1",
        "geometry_status": "authored_synthetic",
        "geometry_note": "Author-provided fictional geometry; not AI extraction or survey evidence.",
        "geometry_id": "B68-SHOWCASE-F0-shape-v1",
        "geometry_revision": 1,
        "base_elevation_m": 0.0,
        "height_m": 3.1,
        "vertical_reference": "DEMO-BM-01 fictional zero datum; not national MSL",
        "building_id": "B68",
        "internal_3d_id": "DEMO-3D-DENSE-B68:0"
      },
      "geometry": {
        "type": "Polygon",
        "coordinates": [
          [
            [
              112,
              76.25
            ],
            [
              120,
              76.25
            ],
            [
              120,
              92
            ],
            [
              117,
              92
            ],
            [
              117,
              91
            ],
            [
              114,
              91
            ],
            [
              114,
              92
            ],
            [
              112,
              92
            ],
            [
              112,
              76.25
            ]
          ]
        ]
      }
    },
    {
      "type": "Feature",
      "id": "B68-SHOWCASE-F1",
      "properties": {
        "level": 1,
        "buildingId": "B68",
        "floor_id": "B68-SHOWCASE-F1",
        "name": "Floor 1",
        "classification": "synthetic",
        "source_revision": "source-showcase-1",
        "geometry_status": "authored_synthetic",
        "geometry_note": "Author-provided fictional geometry; not AI extraction or survey evidence.",
        "geometry_id": "B68-SHOWCASE-F1-shape-v1",
        "geometry_revision": 1,
        "base_elevation_m": 3.1,
        "height_m": 3.1,
        "vertical_reference": "DEMO-BM-01 fictional zero datum; not national MSL",
        "building_id": "B68",
        "internal_3d_id": "DEMO-3D-DENSE-B68:1"
      },
      "geometry": {
        "type": "Polygon",
        "coordinates": [
          [
            [
              112,
              76.25
            ],
            [
              120,
              76.25
            ],
            [
              120,
              92
            ],
            [
              117,
              92
            ],
            [
              117,
              91
            ],
            [
              114,
              91
            ],
            [
              114,
              92
            ],
            [
              112,
              92
            ],
            [
              112,
              76.25
            ]
          ]
        ]
      }
    },
    {
      "type": "Feature",
      "id": "B68-SHOWCASE-F2",
      "properties": {
        "level": 2,
        "buildingId": "B68",
        "floor_id": "B68-SHOWCASE-F2",
        "name": "Floor 2",
        "classification": "synthetic",
        "source_revision": "source-showcase-1",
        "geometry_status": "authored_synthetic",
        "geometry_note": "Author-provided fictional geometry; not AI extraction or survey evidence.",
        "geometry_id": "B68-SHOWCASE-F2-shape-v1",
        "geometry_revision": 1,
        "base_elevation_m": 6.2,
        "height_m": 3.1,
        "vertical_reference": "DEMO-BM-01 fictional zero datum; not national MSL",
        "building_id": "B68",
        "internal_3d_id": "DEMO-3D-DENSE-B68:2"
      },
      "geometry": {
        "type": "Polygon",
        "coordinates": [
          [
            [
              112,
              76.25
            ],
            [
              120,
              76.25
            ],
            [
              120,
              92
            ],
            [
              117,
              92
            ],
            [
              117,
              91
            ],
            [
              114,
              91
            ],
            [
              114,
              92
            ],
            [
              112,
              92
            ],
            [
              112,
              76.25
            ]
          ]
        ]
      }
    },
    {
      "type": "Feature",
      "id": "B69-SHOWCASE-F0",
      "properties": {
        "level": 0,
        "buildingId": "B69",
        "floor_id": "B69-SHOWCASE-F0",
        "name": "Ground floor",
        "classification": "synthetic",
        "source_revision": "source-showcase-1",
        "geometry_status": "authored_synthetic",
        "geometry_note": "Author-provided fictional geometry; not AI extraction or survey evidence.",
        "geometry_id": "B69-SHOWCASE-F0-shape-v1",
        "geometry_revision": 1,
        "base_elevation_m": 0.0,
        "height_m": 3.1,
        "vertical_reference": "DEMO-BM-01 fictional zero datum; not national MSL",
        "building_id": "B69",
        "internal_3d_id": "DEMO-3D-DENSE-B69:0"
      },
      "geometry": {
        "type": "Polygon",
        "coordinates": [
          [
            [
              0,
              95
            ],
            [
              3,
              95
            ],
            [
              3,
              95.6
            ],
            [
              5,
              95.6
            ],
            [
              5,
              95
            ],
            [
              8,
              95
            ],
            [
              8,
              111
            ],
            [
              0,
              111
            ],
            [
              0,
              95
            ]
          ]
        ]
      }
    },
    {
      "type": "Feature",
      "id": "B69-SHOWCASE-F1",
      "properties": {
        "level": 1,
        "buildingId": "B69",
        "floor_id": "B69-SHOWCASE-F1",
        "name": "Floor 1",
        "classification": "synthetic",
        "source_revision": "source-showcase-1",
        "geometry_status": "authored_synthetic",
        "geometry_note": "Author-provided fictional geometry; not AI extraction or survey evidence.",
        "geometry_id": "B69-SHOWCASE-F1-shape-v1",
        "geometry_revision": 1,
        "base_elevation_m": 3.1,
        "height_m": 3.1,
        "vertical_reference": "DEMO-BM-01 fictional zero datum; not national MSL",
        "building_id": "B69",
        "internal_3d_id": "DEMO-3D-DENSE-B69:1"
      },
      "geometry": {
        "type": "Polygon",
        "coordinates": [
          [
            [
              0,
              95
            ],
            [
              3,
              95
            ],
            [
              3,
              95.6
            ],
            [
              5,
              95.6
            ],
            [
              5,
              95
            ],
            [
              8,
              95
            ],
            [
              8,
              111
            ],
            [
              0,
              111
            ],
            [
              0,
              95
            ]
          ]
        ]
      }
    },
    {
      "type": "Feature",
      "id": "B69-SHOWCASE-F2",
      "properties": {
        "level": 2,
        "buildingId": "B69",
        "floor_id": "B69-SHOWCASE-F2",
        "name": "Floor 2",
        "classification": "synthetic",
        "source_revision": "source-showcase-1",
        "geometry_status": "authored_synthetic",
        "geometry_note": "Author-provided fictional geometry; not AI extraction or survey evidence.",
        "geometry_id": "B69-SHOWCASE-F2-shape-v1",
        "geometry_revision": 1,
        "base_elevation_m": 6.2,
        "height_m": 3.1,
        "vertical_reference": "DEMO-BM-01 fictional zero datum; not national MSL",
        "building_id": "B69",
        "internal_3d_id": "DEMO-3D-DENSE-B69:2"
      },
      "geometry": {
        "type": "Polygon",
        "coordinates": [
          [
            [
              0,
              95
            ],
            [
              3,
              95
            ],
            [
              3,
              95.6
            ],
            [
              5,
              95.6
            ],
            [
              5,
              95
            ],
            [
              8,
              95
            ],
            [
              8,
              111
            ],
            [
              0,
              111
            ],
            [
              0,
              95
            ]
          ]
        ]
      }
    },
    {
      "type": "Feature",
      "id": "B69-SHOWCASE-F3",
      "properties": {
        "level": 3,
        "buildingId": "B69",
        "floor_id": "B69-SHOWCASE-F3",
        "name": "Floor 3",
        "classification": "synthetic",
        "source_revision": "source-showcase-1",
        "geometry_status": "authored_synthetic",
        "geometry_note": "Author-provided fictional geometry; not AI extraction or survey evidence.",
        "geometry_id": "B69-SHOWCASE-F3-shape-v1",
        "geometry_revision": 1,
        "base_elevation_m": 9.3,
        "height_m": 3.1,
        "vertical_reference": "DEMO-BM-01 fictional zero datum; not national MSL",
        "building_id": "B69",
        "internal_3d_id": "DEMO-3D-DENSE-B69:3"
      },
      "geometry": {
        "type": "Polygon",
        "coordinates": [
          [
            [
              0,
              95
            ],
            [
              3,
              95
            ],
            [
              3,
              95.6
            ],
            [
              5,
              95.6
            ],
            [
              5,
              95
            ],
            [
              8,
              95
            ],
            [
              8,
              111
            ],
            [
              0,
              111
            ],
            [
              0,
              95
            ]
          ]
        ]
      }
    },
    {
      "type": "Feature",
      "id": "B70-SHOWCASE-F0",
      "properties": {
        "level": 0,
        "buildingId": "B70",
        "floor_id": "B70-SHOWCASE-F0",
        "name": "Ground floor",
        "classification": "synthetic",
        "source_revision": "source-showcase-1",
        "geometry_status": "authored_synthetic",
        "geometry_note": "Author-provided fictional geometry; not AI extraction or survey evidence.",
        "geometry_id": "B70-SHOWCASE-F0-shape-v1",
        "geometry_revision": 1,
        "base_elevation_m": 0.0,
        "height_m": 3.1,
        "vertical_reference": "DEMO-BM-01 fictional zero datum; not national MSL",
        "building_id": "B70",
        "internal_3d_id": "DEMO-3D-DENSE-B70:0"
      },
      "geometry": {
        "type": "Polygon",
        "coordinates": [
          [
            [
              8,
              95.2
            ],
            [
              16,
              95.2
            ],
            [
              16,
              111
            ],
            [
              8,
              111
            ],
            [
              8,
              95.2
            ]
          ]
        ]
      }
    },
    {
      "type": "Feature",
      "id": "B70-SHOWCASE-F1",
      "properties": {
        "level": 1,
        "buildingId": "B70",
        "floor_id": "B70-SHOWCASE-F1",
        "name": "Floor 1",
        "classification": "synthetic",
        "source_revision": "source-showcase-1",
        "geometry_status": "authored_synthetic",
        "geometry_note": "Author-provided fictional geometry; not AI extraction or survey evidence.",
        "geometry_id": "B70-SHOWCASE-F1-shape-v1",
        "geometry_revision": 1,
        "base_elevation_m": 3.1,
        "height_m": 3.1,
        "vertical_reference": "DEMO-BM-01 fictional zero datum; not national MSL",
        "building_id": "B70",
        "internal_3d_id": "DEMO-3D-DENSE-B70:1"
      },
      "geometry": {
        "type": "Polygon",
        "coordinates": [
          [
            [
              8,
              95.2
            ],
            [
              16,
              95.2
            ],
            [
              16,
              111
            ],
            [
              8,
              111
            ],
            [
              8,
              95.2
            ]
          ]
        ]
      }
    },
    {
      "type": "Feature",
      "id": "B70-SHOWCASE-F2",
      "properties": {
        "level": 2,
        "buildingId": "B70",
        "floor_id": "B70-SHOWCASE-F2",
        "name": "Floor 2",
        "classification": "synthetic",
        "source_revision": "source-showcase-1",
        "geometry_status": "authored_synthetic",
        "geometry_note": "Author-provided fictional geometry; not AI extraction or survey evidence.",
        "geometry_id": "B70-SHOWCASE-F2-shape-v1",
        "geometry_revision": 1,
        "base_elevation_m": 6.2,
        "height_m": 3.1,
        "vertical_reference": "DEMO-BM-01 fictional zero datum; not national MSL",
        "building_id": "B70",
        "internal_3d_id": "DEMO-3D-DENSE-B70:2"
      },
      "geometry": {
        "type": "Polygon",
        "coordinates": [
          [
            [
              8,
              95.2
            ],
            [
              16,
              95.2
            ],
            [
              16,
              111
            ],
            [
              8,
              111
            ],
            [
              8,
              95.2
            ]
          ]
        ]
      }
    },
    {
      "type": "Feature",
      "id": "B70-SHOWCASE-F3",
      "properties": {
        "level": 3,
        "buildingId": "B70",
        "floor_id": "B70-SHOWCASE-F3",
        "name": "Floor 3",
        "classification": "synthetic",
        "source_revision": "source-showcase-1",
        "geometry_status": "authored_synthetic",
        "geometry_note": "Author-provided fictional geometry; not AI extraction or survey evidence.",
        "geometry_id": "B70-SHOWCASE-F3-shape-v1",
        "geometry_revision": 1,
        "base_elevation_m": 9.3,
        "height_m": 3.1,
        "vertical_reference": "DEMO-BM-01 fictional zero datum; not national MSL",
        "building_id": "B70",
        "internal_3d_id": "DEMO-3D-DENSE-B70:3"
      },
      "geometry": {
        "type": "Polygon",
        "coordinates": [
          [
            [
              8,
              95.2
            ],
            [
              16,
              95.2
            ],
            [
              16,
              111
            ],
            [
              8,
              111
            ],
            [
              8,
              95.2
            ]
          ]
        ]
      }
    },
    {
      "type": "Feature",
      "id": "B70-SHOWCASE-F4",
      "properties": {
        "level": 4,
        "buildingId": "B70",
        "floor_id": "B70-SHOWCASE-F4",
        "name": "Floor 4",
        "classification": "synthetic",
        "source_revision": "source-showcase-1",
        "geometry_status": "authored_synthetic",
        "geometry_note": "Author-provided fictional geometry; not AI extraction or survey evidence.",
        "geometry_id": "B70-SHOWCASE-F4-shape-v1",
        "geometry_revision": 1,
        "base_elevation_m": 12.4,
        "height_m": 3.1,
        "vertical_reference": "DEMO-BM-01 fictional zero datum; not national MSL",
        "building_id": "B70",
        "internal_3d_id": "DEMO-3D-DENSE-B70:4"
      },
      "geometry": {
        "type": "Polygon",
        "coordinates": [
          [
            [
              8,
              95.2
            ],
            [
              16,
              95.2
            ],
            [
              16,
              111
            ],
            [
              8,
              111
            ],
            [
              8,
              95.2
            ]
          ]
        ]
      }
    },
    {
      "type": "Feature",
      "id": "B71-SHOWCASE-F0",
      "properties": {
        "level": 0,
        "buildingId": "B71",
        "floor_id": "B71-SHOWCASE-F0",
        "name": "Ground floor",
        "classification": "synthetic",
        "source_revision": "source-showcase-1",
        "geometry_status": "authored_synthetic",
        "geometry_note": "Author-provided fictional geometry; not AI extraction or survey evidence.",
        "geometry_id": "B71-SHOWCASE-F0-shape-v1",
        "geometry_revision": 1,
        "base_elevation_m": 0.0,
        "height_m": 3.1,
        "vertical_reference": "DEMO-BM-01 fictional zero datum; not national MSL",
        "building_id": "B71",
        "internal_3d_id": "DEMO-3D-DENSE-B71:0"
      },
      "geometry": {
        "type": "Polygon",
        "coordinates": [
          [
            [
              16,
              95.2
            ],
            [
              24,
              95.2
            ],
            [
              24,
              111
            ],
            [
              16,
              111
            ],
            [
              16,
              95.2
            ]
          ]
        ]
      }
    },
    {
      "type": "Feature",
      "id": "B71-SHOWCASE-F1",
      "properties": {
        "level": 1,
        "buildingId": "B71",
        "floor_id": "B71-SHOWCASE-F1",
        "name": "Floor 1",
        "classification": "synthetic",
        "source_revision": "source-showcase-1",
        "geometry_status": "authored_synthetic",
        "geometry_note": "Author-provided fictional geometry; not AI extraction or survey evidence.",
        "geometry_id": "B71-SHOWCASE-F1-shape-v1",
        "geometry_revision": 1,
        "base_elevation_m": 3.1,
        "height_m": 3.1,
        "vertical_reference": "DEMO-BM-01 fictional zero datum; not national MSL",
        "building_id": "B71",
        "internal_3d_id": "DEMO-3D-DENSE-B71:1"
      },
      "geometry": {
        "type": "Polygon",
        "coordinates": [
          [
            [
              16,
              95.2
            ],
            [
              24,
              95.2
            ],
            [
              24,
              111
            ],
            [
              16,
              111
            ],
            [
              16,
              95.2
            ]
          ]
        ]
      }
    },
    {
      "type": "Feature",
      "id": "B71-SHOWCASE-F2",
      "properties": {
        "level": 2,
        "buildingId": "B71",
        "floor_id": "B71-SHOWCASE-F2",
        "name": "Floor 2",
        "classification": "synthetic",
        "source_revision": "source-showcase-1",
        "geometry_status": "authored_synthetic",
        "geometry_note": "Author-provided fictional geometry; not AI extraction or survey evidence.",
        "geometry_id": "B71-SHOWCASE-F2-shape-v1",
        "geometry_revision": 1,
        "base_elevation_m": 6.2,
        "height_m": 3.1,
        "vertical_reference": "DEMO-BM-01 fictional zero datum; not national MSL",
        "building_id": "B71",
        "internal_3d_id": "DEMO-3D-DENSE-B71:2"
      },
      "geometry": {
        "type": "Polygon",
        "coordinates": [
          [
            [
              16,
              95.2
            ],
            [
              24,
              95.2
            ],
            [
              24,
              111
            ],
            [
              16,
              111
            ],
            [
              16,
              95.2
            ]
          ]
        ]
      }
    },
    {
      "type": "Feature",
      "id": "B71-SHOWCASE-F3",
      "properties": {
        "level": 3,
        "buildingId": "B71",
        "floor_id": "B71-SHOWCASE-F3",
        "name": "Floor 3",
        "classification": "synthetic",
        "source_revision": "source-showcase-1",
        "geometry_status": "authored_synthetic",
        "geometry_note": "Author-provided fictional geometry; not AI extraction or survey evidence.",
        "geometry_id": "B71-SHOWCASE-F3-shape-v1",
        "geometry_revision": 1,
        "base_elevation_m": 9.3,
        "height_m": 3.1,
        "vertical_reference": "DEMO-BM-01 fictional zero datum; not national MSL",
        "building_id": "B71",
        "internal_3d_id": "DEMO-3D-DENSE-B71:3"
      },
      "geometry": {
        "type": "Polygon",
        "coordinates": [
          [
            [
              16,
              95.2
            ],
            [
              24,
              95.2
            ],
            [
              24,
              111
            ],
            [
              16,
              111
            ],
            [
              16,
              95.2
            ]
          ]
        ]
      }
    },
    {
      "type": "Feature",
      "id": "B72-SHOWCASE-F0",
      "properties": {
        "level": 0,
        "buildingId": "B72",
        "floor_id": "B72-SHOWCASE-F0",
        "name": "Ground floor",
        "classification": "synthetic",
        "source_revision": "source-showcase-1",
        "geometry_status": "authored_synthetic",
        "geometry_note": "Author-provided fictional geometry; not AI extraction or survey evidence.",
        "geometry_id": "B72-SHOWCASE-F0-shape-v1",
        "geometry_revision": 1,
        "base_elevation_m": 0.0,
        "height_m": 3.1,
        "vertical_reference": "DEMO-BM-01 fictional zero datum; not national MSL",
        "building_id": "B72",
        "internal_3d_id": "DEMO-3D-DENSE-B72:0"
      },
      "geometry": {
        "type": "Polygon",
        "coordinates": [
          [
            [
              24,
              95.25
            ],
            [
              32,
              95.25
            ],
            [
              32,
              111
            ],
            [
              29,
              111
            ],
            [
              29,
              110
            ],
            [
              26,
              110
            ],
            [
              26,
              111
            ],
            [
              24,
              111
            ],
            [
              24,
              95.25
            ]
          ]
        ]
      }
    },
    {
      "type": "Feature",
      "id": "B72-SHOWCASE-F1",
      "properties": {
        "level": 1,
        "buildingId": "B72",
        "floor_id": "B72-SHOWCASE-F1",
        "name": "Floor 1",
        "classification": "synthetic",
        "source_revision": "source-showcase-1",
        "geometry_status": "authored_synthetic",
        "geometry_note": "Author-provided fictional geometry; not AI extraction or survey evidence.",
        "geometry_id": "B72-SHOWCASE-F1-shape-v1",
        "geometry_revision": 1,
        "base_elevation_m": 3.1,
        "height_m": 3.1,
        "vertical_reference": "DEMO-BM-01 fictional zero datum; not national MSL",
        "building_id": "B72",
        "internal_3d_id": "DEMO-3D-DENSE-B72:1"
      },
      "geometry": {
        "type": "Polygon",
        "coordinates": [
          [
            [
              24,
              95.25
            ],
            [
              32,
              95.25
            ],
            [
              32,
              111
            ],
            [
              29,
              111
            ],
            [
              29,
              110
            ],
            [
              26,
              110
            ],
            [
              26,
              111
            ],
            [
              24,
              111
            ],
            [
              24,
              95.25
            ]
          ]
        ]
      }
    },
    {
      "type": "Feature",
      "id": "B72-SHOWCASE-F2",
      "properties": {
        "level": 2,
        "buildingId": "B72",
        "floor_id": "B72-SHOWCASE-F2",
        "name": "Floor 2",
        "classification": "synthetic",
        "source_revision": "source-showcase-1",
        "geometry_status": "authored_synthetic",
        "geometry_note": "Author-provided fictional geometry; not AI extraction or survey evidence.",
        "geometry_id": "B72-SHOWCASE-F2-shape-v1",
        "geometry_revision": 1,
        "base_elevation_m": 6.2,
        "height_m": 3.1,
        "vertical_reference": "DEMO-BM-01 fictional zero datum; not national MSL",
        "building_id": "B72",
        "internal_3d_id": "DEMO-3D-DENSE-B72:2"
      },
      "geometry": {
        "type": "Polygon",
        "coordinates": [
          [
            [
              24,
              95.25
            ],
            [
              32,
              95.25
            ],
            [
              32,
              111
            ],
            [
              29,
              111
            ],
            [
              29,
              110
            ],
            [
              26,
              110
            ],
            [
              26,
              111
            ],
            [
              24,
              111
            ],
            [
              24,
              95.25
            ]
          ]
        ]
      }
    },
    {
      "type": "Feature",
      "id": "B73-SHOWCASE-F0",
      "properties": {
        "level": 0,
        "buildingId": "B73",
        "floor_id": "B73-SHOWCASE-F0",
        "name": "Ground floor",
        "classification": "synthetic",
        "source_revision": "source-showcase-1",
        "geometry_status": "authored_synthetic",
        "geometry_note": "Author-provided fictional geometry; not AI extraction or survey evidence.",
        "geometry_id": "B73-SHOWCASE-F0-shape-v1",
        "geometry_revision": 1,
        "base_elevation_m": 0.0,
        "height_m": 3.1,
        "vertical_reference": "DEMO-BM-01 fictional zero datum; not national MSL",
        "building_id": "B73",
        "internal_3d_id": "DEMO-3D-DENSE-B73:0"
      },
      "geometry": {
        "type": "Polygon",
        "coordinates": [
          [
            [
              32,
              95
            ],
            [
              35,
              95
            ],
            [
              35,
              95.6
            ],
            [
              37,
              95.6
            ],
            [
              37,
              95
            ],
            [
              40,
              95
            ],
            [
              40,
              111
            ],
            [
              32,
              111
            ],
            [
              32,
              95
            ]
          ]
        ]
      }
    },
    {
      "type": "Feature",
      "id": "B73-SHOWCASE-F1",
      "properties": {
        "level": 1,
        "buildingId": "B73",
        "floor_id": "B73-SHOWCASE-F1",
        "name": "Floor 1",
        "classification": "synthetic",
        "source_revision": "source-showcase-1",
        "geometry_status": "authored_synthetic",
        "geometry_note": "Author-provided fictional geometry; not AI extraction or survey evidence.",
        "geometry_id": "B73-SHOWCASE-F1-shape-v1",
        "geometry_revision": 1,
        "base_elevation_m": 3.1,
        "height_m": 3.1,
        "vertical_reference": "DEMO-BM-01 fictional zero datum; not national MSL",
        "building_id": "B73",
        "internal_3d_id": "DEMO-3D-DENSE-B73:1"
      },
      "geometry": {
        "type": "Polygon",
        "coordinates": [
          [
            [
              32,
              95
            ],
            [
              35,
              95
            ],
            [
              35,
              95.6
            ],
            [
              37,
              95.6
            ],
            [
              37,
              95
            ],
            [
              40,
              95
            ],
            [
              40,
              111
            ],
            [
              32,
              111
            ],
            [
              32,
              95
            ]
          ]
        ]
      }
    },
    {
      "type": "Feature",
      "id": "B73-SHOWCASE-F2",
      "properties": {
        "level": 2,
        "buildingId": "B73",
        "floor_id": "B73-SHOWCASE-F2",
        "name": "Floor 2",
        "classification": "synthetic",
        "source_revision": "source-showcase-1",
        "geometry_status": "authored_synthetic",
        "geometry_note": "Author-provided fictional geometry; not AI extraction or survey evidence.",
        "geometry_id": "B73-SHOWCASE-F2-shape-v1",
        "geometry_revision": 1,
        "base_elevation_m": 6.2,
        "height_m": 3.1,
        "vertical_reference": "DEMO-BM-01 fictional zero datum; not national MSL",
        "building_id": "B73",
        "internal_3d_id": "DEMO-3D-DENSE-B73:2"
      },
      "geometry": {
        "type": "Polygon",
        "coordinates": [
          [
            [
              32,
              95
            ],
            [
              35,
              95
            ],
            [
              35,
              95.6
            ],
            [
              37,
              95.6
            ],
            [
              37,
              95
            ],
            [
              40,
              95
            ],
            [
              40,
              111
            ],
            [
              32,
              111
            ],
            [
              32,
              95
            ]
          ]
        ]
      }
    },
    {
      "type": "Feature",
      "id": "B73-SHOWCASE-F3",
      "properties": {
        "level": 3,
        "buildingId": "B73",
        "floor_id": "B73-SHOWCASE-F3",
        "name": "Floor 3",
        "classification": "synthetic",
        "source_revision": "source-showcase-1",
        "geometry_status": "authored_synthetic",
        "geometry_note": "Author-provided fictional geometry; not AI extraction or survey evidence.",
        "geometry_id": "B73-SHOWCASE-F3-shape-v1",
        "geometry_revision": 1,
        "base_elevation_m": 9.3,
        "height_m": 3.1,
        "vertical_reference": "DEMO-BM-01 fictional zero datum; not national MSL",
        "building_id": "B73",
        "internal_3d_id": "DEMO-3D-DENSE-B73:3"
      },
      "geometry": {
        "type": "Polygon",
        "coordinates": [
          [
            [
              32,
              95
            ],
            [
              35,
              95
            ],
            [
              35,
              95.6
            ],
            [
              37,
              95.6
            ],
            [
              37,
              95
            ],
            [
              40,
              95
            ],
            [
              40,
              111
            ],
            [
              32,
              111
            ],
            [
              32,
              95
            ]
          ]
        ]
      }
    },
    {
      "type": "Feature",
      "id": "B74-SHOWCASE-F0",
      "properties": {
        "level": 0,
        "buildingId": "B74",
        "floor_id": "B74-SHOWCASE-F0",
        "name": "Ground floor",
        "classification": "synthetic",
        "source_revision": "source-showcase-1",
        "geometry_status": "authored_synthetic",
        "geometry_note": "Author-provided fictional geometry; not AI extraction or survey evidence.",
        "geometry_id": "B74-SHOWCASE-F0-shape-v1",
        "geometry_revision": 1,
        "base_elevation_m": 0.0,
        "height_m": 3.1,
        "vertical_reference": "DEMO-BM-01 fictional zero datum; not national MSL",
        "building_id": "B74",
        "internal_3d_id": "DEMO-3D-DENSE-B74:0"
      },
      "geometry": {
        "type": "Polygon",
        "coordinates": [
          [
            [
              40,
              95.2
            ],
            [
              48,
              95.2
            ],
            [
              48,
              111
            ],
            [
              40,
              111
            ],
            [
              40,
              95.2
            ]
          ]
        ]
      }
    },
    {
      "type": "Feature",
      "id": "B74-SHOWCASE-F1",
      "properties": {
        "level": 1,
        "buildingId": "B74",
        "floor_id": "B74-SHOWCASE-F1",
        "name": "Floor 1",
        "classification": "synthetic",
        "source_revision": "source-showcase-1",
        "geometry_status": "authored_synthetic",
        "geometry_note": "Author-provided fictional geometry; not AI extraction or survey evidence.",
        "geometry_id": "B74-SHOWCASE-F1-shape-v1",
        "geometry_revision": 1,
        "base_elevation_m": 3.1,
        "height_m": 3.1,
        "vertical_reference": "DEMO-BM-01 fictional zero datum; not national MSL",
        "building_id": "B74",
        "internal_3d_id": "DEMO-3D-DENSE-B74:1"
      },
      "geometry": {
        "type": "Polygon",
        "coordinates": [
          [
            [
              40,
              95.2
            ],
            [
              48,
              95.2
            ],
            [
              48,
              111
            ],
            [
              40,
              111
            ],
            [
              40,
              95.2
            ]
          ]
        ]
      }
    },
    {
      "type": "Feature",
      "id": "B74-SHOWCASE-F2",
      "properties": {
        "level": 2,
        "buildingId": "B74",
        "floor_id": "B74-SHOWCASE-F2",
        "name": "Floor 2",
        "classification": "synthetic",
        "source_revision": "source-showcase-1",
        "geometry_status": "authored_synthetic",
        "geometry_note": "Author-provided fictional geometry; not AI extraction or survey evidence.",
        "geometry_id": "B74-SHOWCASE-F2-shape-v1",
        "geometry_revision": 1,
        "base_elevation_m": 6.2,
        "height_m": 3.1,
        "vertical_reference": "DEMO-BM-01 fictional zero datum; not national MSL",
        "building_id": "B74",
        "internal_3d_id": "DEMO-3D-DENSE-B74:2"
      },
      "geometry": {
        "type": "Polygon",
        "coordinates": [
          [
            [
              40,
              95.2
            ],
            [
              48,
              95.2
            ],
            [
              48,
              111
            ],
            [
              40,
              111
            ],
            [
              40,
              95.2
            ]
          ]
        ]
      }
    },
    {
      "type": "Feature",
      "id": "B74-SHOWCASE-F3",
      "properties": {
        "level": 3,
        "buildingId": "B74",
        "floor_id": "B74-SHOWCASE-F3",
        "name": "Floor 3",
        "classification": "synthetic",
        "source_revision": "source-showcase-1",
        "geometry_status": "authored_synthetic",
        "geometry_note": "Author-provided fictional geometry; not AI extraction or survey evidence.",
        "geometry_id": "B74-SHOWCASE-F3-shape-v1",
        "geometry_revision": 1,
        "base_elevation_m": 9.3,
        "height_m": 3.1,
        "vertical_reference": "DEMO-BM-01 fictional zero datum; not national MSL",
        "building_id": "B74",
        "internal_3d_id": "DEMO-3D-DENSE-B74:3"
      },
      "geometry": {
        "type": "Polygon",
        "coordinates": [
          [
            [
              40,
              95.2
            ],
            [
              48,
              95.2
            ],
            [
              48,
              111
            ],
            [
              40,
              111
            ],
            [
              40,
              95.2
            ]
          ]
        ]
      }
    },
    {
      "type": "Feature",
      "id": "B74-SHOWCASE-F4",
      "properties": {
        "level": 4,
        "buildingId": "B74",
        "floor_id": "B74-SHOWCASE-F4",
        "name": "Floor 4",
        "classification": "synthetic",
        "source_revision": "source-showcase-1",
        "geometry_status": "authored_synthetic",
        "geometry_note": "Author-provided fictional geometry; not AI extraction or survey evidence.",
        "geometry_id": "B74-SHOWCASE-F4-shape-v1",
        "geometry_revision": 1,
        "base_elevation_m": 12.4,
        "height_m": 3.1,
        "vertical_reference": "DEMO-BM-01 fictional zero datum; not national MSL",
        "building_id": "B74",
        "internal_3d_id": "DEMO-3D-DENSE-B74:4"
      },
      "geometry": {
        "type": "Polygon",
        "coordinates": [
          [
            [
              40,
              95.2
            ],
            [
              48,
              95.2
            ],
            [
              48,
              111
            ],
            [
              40,
              111
            ],
            [
              40,
              95.2
            ]
          ]
        ]
      }
    },
    {
      "type": "Feature",
      "id": "B75-SHOWCASE-F0",
      "properties": {
        "level": 0,
        "buildingId": "B75",
        "floor_id": "B75-SHOWCASE-F0",
        "name": "Ground floor",
        "classification": "synthetic",
        "source_revision": "source-showcase-1",
        "geometry_status": "authored_synthetic",
        "geometry_note": "Author-provided fictional geometry; not AI extraction or survey evidence.",
        "geometry_id": "B75-SHOWCASE-F0-shape-v1",
        "geometry_revision": 1,
        "base_elevation_m": 0.0,
        "height_m": 3.1,
        "vertical_reference": "DEMO-BM-01 fictional zero datum; not national MSL",
        "building_id": "B75",
        "internal_3d_id": "DEMO-3D-DENSE-B75:0"
      },
      "geometry": {
        "type": "Polygon",
        "coordinates": [
          [
            [
              48,
              95.2
            ],
            [
              56,
              95.2
            ],
            [
              56,
              111
            ],
            [
              48,
              111
            ],
            [
              48,
              95.2
            ]
          ]
        ]
      }
    },
    {
      "type": "Feature",
      "id": "B75-SHOWCASE-F1",
      "properties": {
        "level": 1,
        "buildingId": "B75",
        "floor_id": "B75-SHOWCASE-F1",
        "name": "Floor 1",
        "classification": "synthetic",
        "source_revision": "source-showcase-1",
        "geometry_status": "authored_synthetic",
        "geometry_note": "Author-provided fictional geometry; not AI extraction or survey evidence.",
        "geometry_id": "B75-SHOWCASE-F1-shape-v1",
        "geometry_revision": 1,
        "base_elevation_m": 3.1,
        "height_m": 3.1,
        "vertical_reference": "DEMO-BM-01 fictional zero datum; not national MSL",
        "building_id": "B75",
        "internal_3d_id": "DEMO-3D-DENSE-B75:1"
      },
      "geometry": {
        "type": "Polygon",
        "coordinates": [
          [
            [
              48,
              95.2
            ],
            [
              56,
              95.2
            ],
            [
              56,
              111
            ],
            [
              48,
              111
            ],
            [
              48,
              95.2
            ]
          ]
        ]
      }
    },
    {
      "type": "Feature",
      "id": "B75-SHOWCASE-F2",
      "properties": {
        "level": 2,
        "buildingId": "B75",
        "floor_id": "B75-SHOWCASE-F2",
        "name": "Floor 2",
        "classification": "synthetic",
        "source_revision": "source-showcase-1",
        "geometry_status": "authored_synthetic",
        "geometry_note": "Author-provided fictional geometry; not AI extraction or survey evidence.",
        "geometry_id": "B75-SHOWCASE-F2-shape-v1",
        "geometry_revision": 1,
        "base_elevation_m": 6.2,
        "height_m": 3.1,
        "vertical_reference": "DEMO-BM-01 fictional zero datum; not national MSL",
        "building_id": "B75",
        "internal_3d_id": "DEMO-3D-DENSE-B75:2"
      },
      "geometry": {
        "type": "Polygon",
        "coordinates": [
          [
            [
              48,
              95.2
            ],
            [
              56,
              95.2
            ],
            [
              56,
              111
            ],
            [
              48,
              111
            ],
            [
              48,
              95.2
            ]
          ]
        ]
      }
    },
    {
      "type": "Feature",
      "id": "B75-SHOWCASE-F3",
      "properties": {
        "level": 3,
        "buildingId": "B75",
        "floor_id": "B75-SHOWCASE-F3",
        "name": "Floor 3",
        "classification": "synthetic",
        "source_revision": "source-showcase-1",
        "geometry_status": "authored_synthetic",
        "geometry_note": "Author-provided fictional geometry; not AI extraction or survey evidence.",
        "geometry_id": "B75-SHOWCASE-F3-shape-v1",
        "geometry_revision": 1,
        "base_elevation_m": 9.3,
        "height_m": 3.1,
        "vertical_reference": "DEMO-BM-01 fictional zero datum; not national MSL",
        "building_id": "B75",
        "internal_3d_id": "DEMO-3D-DENSE-B75:3"
      },
      "geometry": {
        "type": "Polygon",
        "coordinates": [
          [
            [
              48,
              95.2
            ],
            [
              56,
              95.2
            ],
            [
              56,
              111
            ],
            [
              48,
              111
            ],
            [
              48,
              95.2
            ]
          ]
        ]
      }
    },
    {
      "type": "Feature",
      "id": "B76-SHOWCASE-F0",
      "properties": {
        "level": 0,
        "buildingId": "B76",
        "floor_id": "B76-SHOWCASE-F0",
        "name": "Ground floor",
        "classification": "synthetic",
        "source_revision": "source-showcase-1",
        "geometry_status": "authored_synthetic",
        "geometry_note": "Author-provided fictional geometry; not AI extraction or survey evidence.",
        "geometry_id": "B76-SHOWCASE-F0-shape-v1",
        "geometry_revision": 1,
        "base_elevation_m": 0.0,
        "height_m": 3.1,
        "vertical_reference": "DEMO-BM-01 fictional zero datum; not national MSL",
        "building_id": "B76",
        "internal_3d_id": "DEMO-3D-DENSE-B76:0"
      },
      "geometry": {
        "type": "Polygon",
        "coordinates": [
          [
            [
              64,
              95.25
            ],
            [
              72,
              95.25
            ],
            [
              72,
              111
            ],
            [
              69,
              111
            ],
            [
              69,
              110
            ],
            [
              66,
              110
            ],
            [
              66,
              111
            ],
            [
              64,
              111
            ],
            [
              64,
              95.25
            ]
          ]
        ]
      }
    },
    {
      "type": "Feature",
      "id": "B76-SHOWCASE-F1",
      "properties": {
        "level": 1,
        "buildingId": "B76",
        "floor_id": "B76-SHOWCASE-F1",
        "name": "Floor 1",
        "classification": "synthetic",
        "source_revision": "source-showcase-1",
        "geometry_status": "authored_synthetic",
        "geometry_note": "Author-provided fictional geometry; not AI extraction or survey evidence.",
        "geometry_id": "B76-SHOWCASE-F1-shape-v1",
        "geometry_revision": 1,
        "base_elevation_m": 3.1,
        "height_m": 3.1,
        "vertical_reference": "DEMO-BM-01 fictional zero datum; not national MSL",
        "building_id": "B76",
        "internal_3d_id": "DEMO-3D-DENSE-B76:1"
      },
      "geometry": {
        "type": "Polygon",
        "coordinates": [
          [
            [
              64,
              95.25
            ],
            [
              72,
              95.25
            ],
            [
              72,
              111
            ],
            [
              69,
              111
            ],
            [
              69,
              110
            ],
            [
              66,
              110
            ],
            [
              66,
              111
            ],
            [
              64,
              111
            ],
            [
              64,
              95.25
            ]
          ]
        ]
      }
    },
    {
      "type": "Feature",
      "id": "B76-SHOWCASE-F2",
      "properties": {
        "level": 2,
        "buildingId": "B76",
        "floor_id": "B76-SHOWCASE-F2",
        "name": "Floor 2",
        "classification": "synthetic",
        "source_revision": "source-showcase-1",
        "geometry_status": "authored_synthetic",
        "geometry_note": "Author-provided fictional geometry; not AI extraction or survey evidence.",
        "geometry_id": "B76-SHOWCASE-F2-shape-v1",
        "geometry_revision": 1,
        "base_elevation_m": 6.2,
        "height_m": 3.1,
        "vertical_reference": "DEMO-BM-01 fictional zero datum; not national MSL",
        "building_id": "B76",
        "internal_3d_id": "DEMO-3D-DENSE-B76:2"
      },
      "geometry": {
        "type": "Polygon",
        "coordinates": [
          [
            [
              64,
              95.25
            ],
            [
              72,
              95.25
            ],
            [
              72,
              111
            ],
            [
              69,
              111
            ],
            [
              69,
              110
            ],
            [
              66,
              110
            ],
            [
              66,
              111
            ],
            [
              64,
              111
            ],
            [
              64,
              95.25
            ]
          ]
        ]
      }
    },
    {
      "type": "Feature",
      "id": "B77-SHOWCASE-F0",
      "properties": {
        "level": 0,
        "buildingId": "B77",
        "floor_id": "B77-SHOWCASE-F0",
        "name": "Ground floor",
        "classification": "synthetic",
        "source_revision": "source-showcase-1",
        "geometry_status": "authored_synthetic",
        "geometry_note": "Author-provided fictional geometry; not AI extraction or survey evidence.",
        "geometry_id": "B77-SHOWCASE-F0-shape-v1",
        "geometry_revision": 1,
        "base_elevation_m": 0.0,
        "height_m": 3.1,
        "vertical_reference": "DEMO-BM-01 fictional zero datum; not national MSL",
        "building_id": "B77",
        "internal_3d_id": "DEMO-3D-DENSE-B77:0"
      },
      "geometry": {
        "type": "Polygon",
        "coordinates": [
          [
            [
              72,
              95
            ],
            [
              75,
              95
            ],
            [
              75,
              95.6
            ],
            [
              77,
              95.6
            ],
            [
              77,
              95
            ],
            [
              80,
              95
            ],
            [
              80,
              111
            ],
            [
              72,
              111
            ],
            [
              72,
              95
            ]
          ]
        ]
      }
    },
    {
      "type": "Feature",
      "id": "B77-SHOWCASE-F1",
      "properties": {
        "level": 1,
        "buildingId": "B77",
        "floor_id": "B77-SHOWCASE-F1",
        "name": "Floor 1",
        "classification": "synthetic",
        "source_revision": "source-showcase-1",
        "geometry_status": "authored_synthetic",
        "geometry_note": "Author-provided fictional geometry; not AI extraction or survey evidence.",
        "geometry_id": "B77-SHOWCASE-F1-shape-v1",
        "geometry_revision": 1,
        "base_elevation_m": 3.1,
        "height_m": 3.1,
        "vertical_reference": "DEMO-BM-01 fictional zero datum; not national MSL",
        "building_id": "B77",
        "internal_3d_id": "DEMO-3D-DENSE-B77:1"
      },
      "geometry": {
        "type": "Polygon",
        "coordinates": [
          [
            [
              72,
              95
            ],
            [
              75,
              95
            ],
            [
              75,
              95.6
            ],
            [
              77,
              95.6
            ],
            [
              77,
              95
            ],
            [
              80,
              95
            ],
            [
              80,
              111
            ],
            [
              72,
              111
            ],
            [
              72,
              95
            ]
          ]
        ]
      }
    },
    {
      "type": "Feature",
      "id": "B77-SHOWCASE-F2",
      "properties": {
        "level": 2,
        "buildingId": "B77",
        "floor_id": "B77-SHOWCASE-F2",
        "name": "Floor 2",
        "classification": "synthetic",
        "source_revision": "source-showcase-1",
        "geometry_status": "authored_synthetic",
        "geometry_note": "Author-provided fictional geometry; not AI extraction or survey evidence.",
        "geometry_id": "B77-SHOWCASE-F2-shape-v1",
        "geometry_revision": 1,
        "base_elevation_m": 6.2,
        "height_m": 3.1,
        "vertical_reference": "DEMO-BM-01 fictional zero datum; not national MSL",
        "building_id": "B77",
        "internal_3d_id": "DEMO-3D-DENSE-B77:2"
      },
      "geometry": {
        "type": "Polygon",
        "coordinates": [
          [
            [
              72,
              95
            ],
            [
              75,
              95
            ],
            [
              75,
              95.6
            ],
            [
              77,
              95.6
            ],
            [
              77,
              95
            ],
            [
              80,
              95
            ],
            [
              80,
              111
            ],
            [
              72,
              111
            ],
            [
              72,
              95
            ]
          ]
        ]
      }
    },
    {
      "type": "Feature",
      "id": "B77-SHOWCASE-F3",
      "properties": {
        "level": 3,
        "buildingId": "B77",
        "floor_id": "B77-SHOWCASE-F3",
        "name": "Floor 3",
        "classification": "synthetic",
        "source_revision": "source-showcase-1",
        "geometry_status": "authored_synthetic",
        "geometry_note": "Author-provided fictional geometry; not AI extraction or survey evidence.",
        "geometry_id": "B77-SHOWCASE-F3-shape-v1",
        "geometry_revision": 1,
        "base_elevation_m": 9.3,
        "height_m": 3.1,
        "vertical_reference": "DEMO-BM-01 fictional zero datum; not national MSL",
        "building_id": "B77",
        "internal_3d_id": "DEMO-3D-DENSE-B77:3"
      },
      "geometry": {
        "type": "Polygon",
        "coordinates": [
          [
            [
              72,
              95
            ],
            [
              75,
              95
            ],
            [
              75,
              95.6
            ],
            [
              77,
              95.6
            ],
            [
              77,
              95
            ],
            [
              80,
              95
            ],
            [
              80,
              111
            ],
            [
              72,
              111
            ],
            [
              72,
              95
            ]
          ]
        ]
      }
    },
    {
      "type": "Feature",
      "id": "B78-SHOWCASE-F0",
      "properties": {
        "level": 0,
        "buildingId": "B78",
        "floor_id": "B78-SHOWCASE-F0",
        "name": "Ground floor",
        "classification": "synthetic",
        "source_revision": "source-showcase-1",
        "geometry_status": "authored_synthetic",
        "geometry_note": "Author-provided fictional geometry; not AI extraction or survey evidence.",
        "geometry_id": "B78-SHOWCASE-F0-shape-v1",
        "geometry_revision": 1,
        "base_elevation_m": 0.0,
        "height_m": 3.1,
        "vertical_reference": "DEMO-BM-01 fictional zero datum; not national MSL",
        "building_id": "B78",
        "internal_3d_id": "DEMO-3D-DENSE-B78:0"
      },
      "geometry": {
        "type": "Polygon",
        "coordinates": [
          [
            [
              80,
              95.2
            ],
            [
              88,
              95.2
            ],
            [
              88,
              111
            ],
            [
              80,
              111
            ],
            [
              80,
              95.2
            ]
          ]
        ]
      }
    },
    {
      "type": "Feature",
      "id": "B78-SHOWCASE-F1",
      "properties": {
        "level": 1,
        "buildingId": "B78",
        "floor_id": "B78-SHOWCASE-F1",
        "name": "Floor 1",
        "classification": "synthetic",
        "source_revision": "source-showcase-1",
        "geometry_status": "authored_synthetic",
        "geometry_note": "Author-provided fictional geometry; not AI extraction or survey evidence.",
        "geometry_id": "B78-SHOWCASE-F1-shape-v1",
        "geometry_revision": 1,
        "base_elevation_m": 3.1,
        "height_m": 3.1,
        "vertical_reference": "DEMO-BM-01 fictional zero datum; not national MSL",
        "building_id": "B78",
        "internal_3d_id": "DEMO-3D-DENSE-B78:1"
      },
      "geometry": {
        "type": "Polygon",
        "coordinates": [
          [
            [
              80,
              95.2
            ],
            [
              88,
              95.2
            ],
            [
              88,
              111
            ],
            [
              80,
              111
            ],
            [
              80,
              95.2
            ]
          ]
        ]
      }
    },
    {
      "type": "Feature",
      "id": "B78-SHOWCASE-F2",
      "properties": {
        "level": 2,
        "buildingId": "B78",
        "floor_id": "B78-SHOWCASE-F2",
        "name": "Floor 2",
        "classification": "synthetic",
        "source_revision": "source-showcase-1",
        "geometry_status": "authored_synthetic",
        "geometry_note": "Author-provided fictional geometry; not AI extraction or survey evidence.",
        "geometry_id": "B78-SHOWCASE-F2-shape-v1",
        "geometry_revision": 1,
        "base_elevation_m": 6.2,
        "height_m": 3.1,
        "vertical_reference": "DEMO-BM-01 fictional zero datum; not national MSL",
        "building_id": "B78",
        "internal_3d_id": "DEMO-3D-DENSE-B78:2"
      },
      "geometry": {
        "type": "Polygon",
        "coordinates": [
          [
            [
              80,
              95.2
            ],
            [
              88,
              95.2
            ],
            [
              88,
              111
            ],
            [
              80,
              111
            ],
            [
              80,
              95.2
            ]
          ]
        ]
      }
    },
    {
      "type": "Feature",
      "id": "B78-SHOWCASE-F3",
      "properties": {
        "level": 3,
        "buildingId": "B78",
        "floor_id": "B78-SHOWCASE-F3",
        "name": "Floor 3",
        "classification": "synthetic",
        "source_revision": "source-showcase-1",
        "geometry_status": "authored_synthetic",
        "geometry_note": "Author-provided fictional geometry; not AI extraction or survey evidence.",
        "geometry_id": "B78-SHOWCASE-F3-shape-v1",
        "geometry_revision": 1,
        "base_elevation_m": 9.3,
        "height_m": 3.1,
        "vertical_reference": "DEMO-BM-01 fictional zero datum; not national MSL",
        "building_id": "B78",
        "internal_3d_id": "DEMO-3D-DENSE-B78:3"
      },
      "geometry": {
        "type": "Polygon",
        "coordinates": [
          [
            [
              80,
              95.2
            ],
            [
              88,
              95.2
            ],
            [
              88,
              111
            ],
            [
              80,
              111
            ],
            [
              80,
              95.2
            ]
          ]
        ]
      }
    },
    {
      "type": "Feature",
      "id": "B78-SHOWCASE-F4",
      "properties": {
        "level": 4,
        "buildingId": "B78",
        "floor_id": "B78-SHOWCASE-F4",
        "name": "Floor 4",
        "classification": "synthetic",
        "source_revision": "source-showcase-1",
        "geometry_status": "authored_synthetic",
        "geometry_note": "Author-provided fictional geometry; not AI extraction or survey evidence.",
        "geometry_id": "B78-SHOWCASE-F4-shape-v1",
        "geometry_revision": 1,
        "base_elevation_m": 12.4,
        "height_m": 3.1,
        "vertical_reference": "DEMO-BM-01 fictional zero datum; not national MSL",
        "building_id": "B78",
        "internal_3d_id": "DEMO-3D-DENSE-B78:4"
      },
      "geometry": {
        "type": "Polygon",
        "coordinates": [
          [
            [
              80,
              95.2
            ],
            [
              88,
              95.2
            ],
            [
              88,
              111
            ],
            [
              80,
              111
            ],
            [
              80,
              95.2
            ]
          ]
        ]
      }
    },
    {
      "type": "Feature",
      "id": "B79-SHOWCASE-F0",
      "properties": {
        "level": 0,
        "buildingId": "B79",
        "floor_id": "B79-SHOWCASE-F0",
        "name": "Ground floor",
        "classification": "synthetic",
        "source_revision": "source-showcase-1",
        "geometry_status": "authored_synthetic",
        "geometry_note": "Author-provided fictional geometry; not AI extraction or survey evidence.",
        "geometry_id": "B79-SHOWCASE-F0-shape-v1",
        "geometry_revision": 1,
        "base_elevation_m": 0.0,
        "height_m": 3.1,
        "vertical_reference": "DEMO-BM-01 fictional zero datum; not national MSL",
        "building_id": "B79",
        "internal_3d_id": "DEMO-3D-DENSE-B79:0"
      },
      "geometry": {
        "type": "Polygon",
        "coordinates": [
          [
            [
              88,
              95.2
            ],
            [
              96,
              95.2
            ],
            [
              96,
              111
            ],
            [
              88,
              111
            ],
            [
              88,
              95.2
            ]
          ]
        ]
      }
    },
    {
      "type": "Feature",
      "id": "B79-SHOWCASE-F1",
      "properties": {
        "level": 1,
        "buildingId": "B79",
        "floor_id": "B79-SHOWCASE-F1",
        "name": "Floor 1",
        "classification": "synthetic",
        "source_revision": "source-showcase-1",
        "geometry_status": "authored_synthetic",
        "geometry_note": "Author-provided fictional geometry; not AI extraction or survey evidence.",
        "geometry_id": "B79-SHOWCASE-F1-shape-v1",
        "geometry_revision": 1,
        "base_elevation_m": 3.1,
        "height_m": 3.1,
        "vertical_reference": "DEMO-BM-01 fictional zero datum; not national MSL",
        "building_id": "B79",
        "internal_3d_id": "DEMO-3D-DENSE-B79:1"
      },
      "geometry": {
        "type": "Polygon",
        "coordinates": [
          [
            [
              88,
              95.2
            ],
            [
              96,
              95.2
            ],
            [
              96,
              111
            ],
            [
              88,
              111
            ],
            [
              88,
              95.2
            ]
          ]
        ]
      }
    },
    {
      "type": "Feature",
      "id": "B79-SHOWCASE-F2",
      "properties": {
        "level": 2,
        "buildingId": "B79",
        "floor_id": "B79-SHOWCASE-F2",
        "name": "Floor 2",
        "classification": "synthetic",
        "source_revision": "source-showcase-1",
        "geometry_status": "authored_synthetic",
        "geometry_note": "Author-provided fictional geometry; not AI extraction or survey evidence.",
        "geometry_id": "B79-SHOWCASE-F2-shape-v1",
        "geometry_revision": 1,
        "base_elevation_m": 6.2,
        "height_m": 3.1,
        "vertical_reference": "DEMO-BM-01 fictional zero datum; not national MSL",
        "building_id": "B79",
        "internal_3d_id": "DEMO-3D-DENSE-B79:2"
      },
      "geometry": {
        "type": "Polygon",
        "coordinates": [
          [
            [
              88,
              95.2
            ],
            [
              96,
              95.2
            ],
            [
              96,
              111
            ],
            [
              88,
              111
            ],
            [
              88,
              95.2
            ]
          ]
        ]
      }
    },
    {
      "type": "Feature",
      "id": "B79-SHOWCASE-F3",
      "properties": {
        "level": 3,
        "buildingId": "B79",
        "floor_id": "B79-SHOWCASE-F3",
        "name": "Floor 3",
        "classification": "synthetic",
        "source_revision": "source-showcase-1",
        "geometry_status": "authored_synthetic",
        "geometry_note": "Author-provided fictional geometry; not AI extraction or survey evidence.",
        "geometry_id": "B79-SHOWCASE-F3-shape-v1",
        "geometry_revision": 1,
        "base_elevation_m": 9.3,
        "height_m": 3.1,
        "vertical_reference": "DEMO-BM-01 fictional zero datum; not national MSL",
        "building_id": "B79",
        "internal_3d_id": "DEMO-3D-DENSE-B79:3"
      },
      "geometry": {
        "type": "Polygon",
        "coordinates": [
          [
            [
              88,
              95.2
            ],
            [
              96,
              95.2
            ],
            [
              96,
              111
            ],
            [
              88,
              111
            ],
            [
              88,
              95.2
            ]
          ]
        ]
      }
    },
    {
      "type": "Feature",
      "id": "B80-SHOWCASE-F0",
      "properties": {
        "level": 0,
        "buildingId": "B80",
        "floor_id": "B80-SHOWCASE-F0",
        "name": "Ground floor",
        "classification": "synthetic",
        "source_revision": "source-showcase-1",
        "geometry_status": "authored_synthetic",
        "geometry_note": "Author-provided fictional geometry; not AI extraction or survey evidence.",
        "geometry_id": "B80-SHOWCASE-F0-shape-v1",
        "geometry_revision": 1,
        "base_elevation_m": 0.0,
        "height_m": 3.1,
        "vertical_reference": "DEMO-BM-01 fictional zero datum; not national MSL",
        "building_id": "B80",
        "internal_3d_id": "DEMO-3D-DENSE-B80:0"
      },
      "geometry": {
        "type": "Polygon",
        "coordinates": [
          [
            [
              96,
              95.25
            ],
            [
              104,
              95.25
            ],
            [
              104,
              111
            ],
            [
              101,
              111
            ],
            [
              101,
              110
            ],
            [
              98,
              110
            ],
            [
              98,
              111
            ],
            [
              96,
              111
            ],
            [
              96,
              95.25
            ]
          ]
        ]
      }
    },
    {
      "type": "Feature",
      "id": "B80-SHOWCASE-F1",
      "properties": {
        "level": 1,
        "buildingId": "B80",
        "floor_id": "B80-SHOWCASE-F1",
        "name": "Floor 1",
        "classification": "synthetic",
        "source_revision": "source-showcase-1",
        "geometry_status": "authored_synthetic",
        "geometry_note": "Author-provided fictional geometry; not AI extraction or survey evidence.",
        "geometry_id": "B80-SHOWCASE-F1-shape-v1",
        "geometry_revision": 1,
        "base_elevation_m": 3.1,
        "height_m": 3.1,
        "vertical_reference": "DEMO-BM-01 fictional zero datum; not national MSL",
        "building_id": "B80",
        "internal_3d_id": "DEMO-3D-DENSE-B80:1"
      },
      "geometry": {
        "type": "Polygon",
        "coordinates": [
          [
            [
              96,
              95.25
            ],
            [
              104,
              95.25
            ],
            [
              104,
              111
            ],
            [
              101,
              111
            ],
            [
              101,
              110
            ],
            [
              98,
              110
            ],
            [
              98,
              111
            ],
            [
              96,
              111
            ],
            [
              96,
              95.25
            ]
          ]
        ]
      }
    },
    {
      "type": "Feature",
      "id": "B80-SHOWCASE-F2",
      "properties": {
        "level": 2,
        "buildingId": "B80",
        "floor_id": "B80-SHOWCASE-F2",
        "name": "Floor 2",
        "classification": "synthetic",
        "source_revision": "source-showcase-1",
        "geometry_status": "authored_synthetic",
        "geometry_note": "Author-provided fictional geometry; not AI extraction or survey evidence.",
        "geometry_id": "B80-SHOWCASE-F2-shape-v1",
        "geometry_revision": 1,
        "base_elevation_m": 6.2,
        "height_m": 3.1,
        "vertical_reference": "DEMO-BM-01 fictional zero datum; not national MSL",
        "building_id": "B80",
        "internal_3d_id": "DEMO-3D-DENSE-B80:2"
      },
      "geometry": {
        "type": "Polygon",
        "coordinates": [
          [
            [
              96,
              95.25
            ],
            [
              104,
              95.25
            ],
            [
              104,
              111
            ],
            [
              101,
              111
            ],
            [
              101,
              110
            ],
            [
              98,
              110
            ],
            [
              98,
              111
            ],
            [
              96,
              111
            ],
            [
              96,
              95.25
            ]
          ]
        ]
      }
    },
    {
      "type": "Feature",
      "id": "B81-SHOWCASE-F0",
      "properties": {
        "level": 0,
        "buildingId": "B81",
        "floor_id": "B81-SHOWCASE-F0",
        "name": "Ground floor",
        "classification": "synthetic",
        "source_revision": "source-showcase-1",
        "geometry_status": "authored_synthetic",
        "geometry_note": "Author-provided fictional geometry; not AI extraction or survey evidence.",
        "geometry_id": "B81-SHOWCASE-F0-shape-v1",
        "geometry_revision": 1,
        "base_elevation_m": 0.0,
        "height_m": 3.1,
        "vertical_reference": "DEMO-BM-01 fictional zero datum; not national MSL",
        "building_id": "B81",
        "internal_3d_id": "DEMO-3D-DENSE-B81:0"
      },
      "geometry": {
        "type": "Polygon",
        "coordinates": [
          [
            [
              104,
              95
            ],
            [
              107,
              95
            ],
            [
              107,
              95.6
            ],
            [
              109,
              95.6
            ],
            [
              109,
              95
            ],
            [
              112,
              95
            ],
            [
              112,
              111
            ],
            [
              104,
              111
            ],
            [
              104,
              95
            ]
          ]
        ]
      }
    },
    {
      "type": "Feature",
      "id": "B81-SHOWCASE-F1",
      "properties": {
        "level": 1,
        "buildingId": "B81",
        "floor_id": "B81-SHOWCASE-F1",
        "name": "Floor 1",
        "classification": "synthetic",
        "source_revision": "source-showcase-1",
        "geometry_status": "authored_synthetic",
        "geometry_note": "Author-provided fictional geometry; not AI extraction or survey evidence.",
        "geometry_id": "B81-SHOWCASE-F1-shape-v1",
        "geometry_revision": 1,
        "base_elevation_m": 3.1,
        "height_m": 3.1,
        "vertical_reference": "DEMO-BM-01 fictional zero datum; not national MSL",
        "building_id": "B81",
        "internal_3d_id": "DEMO-3D-DENSE-B81:1"
      },
      "geometry": {
        "type": "Polygon",
        "coordinates": [
          [
            [
              104,
              95
            ],
            [
              107,
              95
            ],
            [
              107,
              95.6
            ],
            [
              109,
              95.6
            ],
            [
              109,
              95
            ],
            [
              112,
              95
            ],
            [
              112,
              111
            ],
            [
              104,
              111
            ],
            [
              104,
              95
            ]
          ]
        ]
      }
    },
    {
      "type": "Feature",
      "id": "B81-SHOWCASE-F2",
      "properties": {
        "level": 2,
        "buildingId": "B81",
        "floor_id": "B81-SHOWCASE-F2",
        "name": "Floor 2",
        "classification": "synthetic",
        "source_revision": "source-showcase-1",
        "geometry_status": "authored_synthetic",
        "geometry_note": "Author-provided fictional geometry; not AI extraction or survey evidence.",
        "geometry_id": "B81-SHOWCASE-F2-shape-v1",
        "geometry_revision": 1,
        "base_elevation_m": 6.2,
        "height_m": 3.1,
        "vertical_reference": "DEMO-BM-01 fictional zero datum; not national MSL",
        "building_id": "B81",
        "internal_3d_id": "DEMO-3D-DENSE-B81:2"
      },
      "geometry": {
        "type": "Polygon",
        "coordinates": [
          [
            [
              104,
              95
            ],
            [
              107,
              95
            ],
            [
              107,
              95.6
            ],
            [
              109,
              95.6
            ],
            [
              109,
              95
            ],
            [
              112,
              95
            ],
            [
              112,
              111
            ],
            [
              104,
              111
            ],
            [
              104,
              95
            ]
          ]
        ]
      }
    },
    {
      "type": "Feature",
      "id": "B81-SHOWCASE-F3",
      "properties": {
        "level": 3,
        "buildingId": "B81",
        "floor_id": "B81-SHOWCASE-F3",
        "name": "Floor 3",
        "classification": "synthetic",
        "source_revision": "source-showcase-1",
        "geometry_status": "authored_synthetic",
        "geometry_note": "Author-provided fictional geometry; not AI extraction or survey evidence.",
        "geometry_id": "B81-SHOWCASE-F3-shape-v1",
        "geometry_revision": 1,
        "base_elevation_m": 9.3,
        "height_m": 3.1,
        "vertical_reference": "DEMO-BM-01 fictional zero datum; not national MSL",
        "building_id": "B81",
        "internal_3d_id": "DEMO-3D-DENSE-B81:3"
      },
      "geometry": {
        "type": "Polygon",
        "coordinates": [
          [
            [
              104,
              95
            ],
            [
              107,
              95
            ],
            [
              107,
              95.6
            ],
            [
              109,
              95.6
            ],
            [
              109,
              95
            ],
            [
              112,
              95
            ],
            [
              112,
              111
            ],
            [
              104,
              111
            ],
            [
              104,
              95
            ]
          ]
        ]
      }
    },
    {
      "type": "Feature",
      "id": "B82-SHOWCASE-F0",
      "properties": {
        "level": 0,
        "buildingId": "B82",
        "floor_id": "B82-SHOWCASE-F0",
        "name": "Ground floor",
        "classification": "synthetic",
        "source_revision": "source-showcase-1",
        "geometry_status": "authored_synthetic",
        "geometry_note": "Author-provided fictional geometry; not AI extraction or survey evidence.",
        "geometry_id": "B82-SHOWCASE-F0-shape-v1",
        "geometry_revision": 1,
        "base_elevation_m": 0.0,
        "height_m": 3.1,
        "vertical_reference": "DEMO-BM-01 fictional zero datum; not national MSL",
        "building_id": "B82",
        "internal_3d_id": "DEMO-3D-DENSE-B82:0"
      },
      "geometry": {
        "type": "Polygon",
        "coordinates": [
          [
            [
              112,
              95.2
            ],
            [
              120,
              95.2
            ],
            [
              120,
              111
            ],
            [
              112,
              111
            ],
            [
              112,
              95.2
            ]
          ]
        ]
      }
    },
    {
      "type": "Feature",
      "id": "B82-SHOWCASE-F1",
      "properties": {
        "level": 1,
        "buildingId": "B82",
        "floor_id": "B82-SHOWCASE-F1",
        "name": "Floor 1",
        "classification": "synthetic",
        "source_revision": "source-showcase-1",
        "geometry_status": "authored_synthetic",
        "geometry_note": "Author-provided fictional geometry; not AI extraction or survey evidence.",
        "geometry_id": "B82-SHOWCASE-F1-shape-v1",
        "geometry_revision": 1,
        "base_elevation_m": 3.1,
        "height_m": 3.1,
        "vertical_reference": "DEMO-BM-01 fictional zero datum; not national MSL",
        "building_id": "B82",
        "internal_3d_id": "DEMO-3D-DENSE-B82:1"
      },
      "geometry": {
        "type": "Polygon",
        "coordinates": [
          [
            [
              112,
              95.2
            ],
            [
              120,
              95.2
            ],
            [
              120,
              111
            ],
            [
              112,
              111
            ],
            [
              112,
              95.2
            ]
          ]
        ]
      }
    },
    {
      "type": "Feature",
      "id": "B82-SHOWCASE-F2",
      "properties": {
        "level": 2,
        "buildingId": "B82",
        "floor_id": "B82-SHOWCASE-F2",
        "name": "Floor 2",
        "classification": "synthetic",
        "source_revision": "source-showcase-1",
        "geometry_status": "authored_synthetic",
        "geometry_note": "Author-provided fictional geometry; not AI extraction or survey evidence.",
        "geometry_id": "B82-SHOWCASE-F2-shape-v1",
        "geometry_revision": 1,
        "base_elevation_m": 6.2,
        "height_m": 3.1,
        "vertical_reference": "DEMO-BM-01 fictional zero datum; not national MSL",
        "building_id": "B82",
        "internal_3d_id": "DEMO-3D-DENSE-B82:2"
      },
      "geometry": {
        "type": "Polygon",
        "coordinates": [
          [
            [
              112,
              95.2
            ],
            [
              120,
              95.2
            ],
            [
              120,
              111
            ],
            [
              112,
              111
            ],
            [
              112,
              95.2
            ]
          ]
        ]
      }
    },
    {
      "type": "Feature",
      "id": "B82-SHOWCASE-F3",
      "properties": {
        "level": 3,
        "buildingId": "B82",
        "floor_id": "B82-SHOWCASE-F3",
        "name": "Floor 3",
        "classification": "synthetic",
        "source_revision": "source-showcase-1",
        "geometry_status": "authored_synthetic",
        "geometry_note": "Author-provided fictional geometry; not AI extraction or survey evidence.",
        "geometry_id": "B82-SHOWCASE-F3-shape-v1",
        "geometry_revision": 1,
        "base_elevation_m": 9.3,
        "height_m": 3.1,
        "vertical_reference": "DEMO-BM-01 fictional zero datum; not national MSL",
        "building_id": "B82",
        "internal_3d_id": "DEMO-3D-DENSE-B82:3"
      },
      "geometry": {
        "type": "Polygon",
        "coordinates": [
          [
            [
              112,
              95.2
            ],
            [
              120,
              95.2
            ],
            [
              120,
              111
            ],
            [
              112,
              111
            ],
            [
              112,
              95.2
            ]
          ]
        ]
      }
    },
    {
      "type": "Feature",
      "id": "B82-SHOWCASE-F4",
      "properties": {
        "level": 4,
        "buildingId": "B82",
        "floor_id": "B82-SHOWCASE-F4",
        "name": "Floor 4",
        "classification": "synthetic",
        "source_revision": "source-showcase-1",
        "geometry_status": "authored_synthetic",
        "geometry_note": "Author-provided fictional geometry; not AI extraction or survey evidence.",
        "geometry_id": "B82-SHOWCASE-F4-shape-v1",
        "geometry_revision": 1,
        "base_elevation_m": 12.4,
        "height_m": 3.1,
        "vertical_reference": "DEMO-BM-01 fictional zero datum; not national MSL",
        "building_id": "B82",
        "internal_3d_id": "DEMO-3D-DENSE-B82:4"
      },
      "geometry": {
        "type": "Polygon",
        "coordinates": [
          [
            [
              112,
              95.2
            ],
            [
              120,
              95.2
            ],
            [
              120,
              111
            ],
            [
              112,
              111
            ],
            [
              112,
              95.2
            ]
          ]
        ]
      }
    }
  ]
}
