{
  "type": "FeatureCollection",
  "crs": {
    "type": "name",
    "properties": {
      "name": "LOCAL-LAKE-VIEW-DEMO-M"
    }
  },
  "features": [
    {
      "type": "Feature",
      "id": "B01-FB",
      "properties": {
        "level": -1,
        "buildingId": "B01",
        "floor_id": "B01-FB",
        "name": "Basement",
        "classification": "synthetic",
        "source_revision": "source-showcase-1",
        "geometry_status": "authored_synthetic",
        "geometry_note": "Author-provided fictional geometry; not AI extraction or survey evidence.",
        "geometry_id": "B01-FB-shape-v1",
        "geometry_revision": 1,
        "base_elevation_m": -3.1,
        "height_m": 3.1,
        "vertical_reference": "DEMO-BM-01 fictional zero datum; not national MSL",
        "building_id": "B01",
        "internal_3d_id": "DEMO-3D-ANCHOR-B01:-1"
      },
      "geometry": {
        "type": "Polygon",
        "coordinates": [
          [
            [
              68,
              62.8
            ],
            [
              86,
              62.8
            ],
            [
              86,
              84.0
            ],
            [
              79.52,
              84.0
            ],
            [
              79.52,
              82.2
            ],
            [
              68,
              82.2
            ],
            [
              68,
              62.8
            ]
          ]
        ]
      }
    },
    {
      "type": "Feature",
      "id": "B01-F0",
      "properties": {
        "level": 0,
        "buildingId": "B01",
        "floor_id": "B01-F0",
        "name": "Ground floor",
        "classification": "synthetic",
        "source_revision": "source-showcase-1",
        "geometry_status": "authored_synthetic",
        "geometry_note": "Author-provided fictional geometry; not AI extraction or survey evidence.",
        "geometry_id": "B01-F0-shape-v1",
        "geometry_revision": 1,
        "base_elevation_m": 0.0,
        "height_m": 3.1,
        "vertical_reference": "DEMO-BM-01 fictional zero datum; not national MSL",
        "building_id": "B01",
        "internal_3d_id": "DEMO-3D-ANCHOR-B01:0"
      },
      "geometry": {
        "type": "Polygon",
        "coordinates": [
          [
            [
              68,
              62.8
            ],
            [
              86,
              62.8
            ],
            [
              86,
              84.0
            ],
            [
              79.52,
              84.0
            ],
            [
              79.52,
              82.2
            ],
            [
              68,
              82.2
            ],
            [
              68,
              62.8
            ]
          ]
        ]
      }
    },
    {
      "type": "Feature",
      "id": "B01-F1",
      "properties": {
        "level": 1,
        "buildingId": "B01",
        "floor_id": "B01-F1",
        "name": "Floor 1",
        "classification": "synthetic",
        "source_revision": "source-showcase-1",
        "geometry_status": "authored_synthetic",
        "geometry_note": "Author-provided fictional geometry; not AI extraction or survey evidence.",
        "geometry_id": "B01-F1-shape-v1",
        "geometry_revision": 1,
        "base_elevation_m": 3.1,
        "height_m": 3.1,
        "vertical_reference": "DEMO-BM-01 fictional zero datum; not national MSL",
        "building_id": "B01",
        "internal_3d_id": "DEMO-3D-ANCHOR-B01:1"
      },
      "geometry": {
        "type": "Polygon",
        "coordinates": [
          [
            [
              68,
              62.8
            ],
            [
              86,
              62.8
            ],
            [
              86,
              84.0
            ],
            [
              79.52,
              84.0
            ],
            [
              79.52,
              82.2
            ],
            [
              68,
              82.2
            ],
            [
              68,
              62.8
            ]
          ]
        ]
      }
    },
    {
      "type": "Feature",
      "id": "B01-F2",
      "properties": {
        "level": 2,
        "buildingId": "B01",
        "floor_id": "B01-F2",
        "name": "Floor 2",
        "classification": "synthetic",
        "source_revision": "source-showcase-1",
        "geometry_status": "authored_synthetic",
        "geometry_note": "Author-provided fictional geometry; not AI extraction or survey evidence.",
        "geometry_id": "B01-F2-shape-v1",
        "geometry_revision": 1,
        "base_elevation_m": 6.2,
        "height_m": 3.1,
        "vertical_reference": "DEMO-BM-01 fictional zero datum; not national MSL",
        "building_id": "B01",
        "internal_3d_id": "DEMO-3D-ANCHOR-B01:2"
      },
      "geometry": {
        "type": "Polygon",
        "coordinates": [
          [
            [
              68,
              62.8
            ],
            [
              86,
              62.8
            ],
            [
              86,
              84.0
            ],
            [
              79.52,
              84.0
            ],
            [
              79.52,
              82.2
            ],
            [
              68,
              82.2
            ],
            [
              68,
              62.8
            ]
          ]
        ]
      }
    },
    {
      "type": "Feature",
      "id": "B01-F3",
      "properties": {
        "level": 3,
        "buildingId": "B01",
        "floor_id": "B01-F3",
        "name": "Floor 3",
        "classification": "synthetic",
        "source_revision": "source-showcase-1",
        "geometry_status": "authored_synthetic",
        "geometry_note": "Author-provided fictional geometry; not AI extraction or survey evidence.",
        "geometry_id": "B01-F3-shape-v1",
        "geometry_revision": 1,
        "base_elevation_m": 9.3,
        "height_m": 3.1,
        "vertical_reference": "DEMO-BM-01 fictional zero datum; not national MSL",
        "building_id": "B01",
        "internal_3d_id": "DEMO-3D-ANCHOR-B01:3"
      },
      "geometry": {
        "type": "Polygon",
        "coordinates": [
          [
            [
              68,
              62.8
            ],
            [
              86,
              62.8
            ],
            [
              86,
              84.0
            ],
            [
              79.52,
              84.0
            ],
            [
              79.52,
              82.2
            ],
            [
              68,
              82.2
            ],
            [
              68,
              62.8
            ]
          ]
        ]
      }
    },
    {
      "type": "Feature",
      "id": "B01-F4",
      "properties": {
        "level": 4,
        "buildingId": "B01",
        "floor_id": "B01-F4",
        "name": "Floor 4",
        "classification": "synthetic",
        "source_revision": "source-showcase-1",
        "geometry_status": "authored_synthetic",
        "geometry_note": "Author-provided fictional geometry; not AI extraction or survey evidence.",
        "geometry_id": "B01-F4-shape-v1",
        "geometry_revision": 1,
        "base_elevation_m": 12.4,
        "height_m": 3.1,
        "vertical_reference": "DEMO-BM-01 fictional zero datum; not national MSL",
        "building_id": "B01",
        "internal_3d_id": "DEMO-3D-ANCHOR-B01:4"
      },
      "geometry": {
        "type": "Polygon",
        "coordinates": [
          [
            [
              68,
              62.8
            ],
            [
              86,
              62.8
            ],
            [
              86,
              84.0
            ],
            [
              79.52,
              84.0
            ],
            [
              79.52,
              82.2
            ],
            [
              68,
              82.2
            ],
            [
              68,
              62.8
            ]
          ]
        ]
      }
    },
    {
      "type": "Feature",
      "id": "B02-SHOWCASE-F0",
      "properties": {
        "level": 0,
        "buildingId": "B02",
        "floor_id": "B02-SHOWCASE-F0",
        "name": "Ground floor",
        "classification": "synthetic",
        "source_revision": "source-showcase-1",
        "geometry_status": "authored_synthetic",
        "geometry_note": "Author-provided fictional geometry; not AI extraction or survey evidence.",
        "geometry_id": "B02-SHOWCASE-F0-shape-v1",
        "geometry_revision": 1,
        "base_elevation_m": 0.0,
        "height_m": 3.1,
        "vertical_reference": "DEMO-BM-01 fictional zero datum; not national MSL",
        "building_id": "B02",
        "internal_3d_id": "DEMO-3D-ANCHOR-B02:0"
      },
      "geometry": {
        "type": "Polygon",
        "coordinates": [
          [
            [
              51,
              67
            ],
            [
              63,
              67
            ],
            [
              63,
              86
            ],
            [
              58.68,
              86
            ],
            [
              58.68,
              84.2
            ],
            [
              51,
              84.2
            ],
            [
              51,
              67
            ]
          ]
        ]
      }
    },
    {
      "type": "Feature",
      "id": "B02-SHOWCASE-F1",
      "properties": {
        "level": 1,
        "buildingId": "B02",
        "floor_id": "B02-SHOWCASE-F1",
        "name": "Floor 1",
        "classification": "synthetic",
        "source_revision": "source-showcase-1",
        "geometry_status": "authored_synthetic",
        "geometry_note": "Author-provided fictional geometry; not AI extraction or survey evidence.",
        "geometry_id": "B02-SHOWCASE-F1-shape-v1",
        "geometry_revision": 1,
        "base_elevation_m": 3.1,
        "height_m": 3.1,
        "vertical_reference": "DEMO-BM-01 fictional zero datum; not national MSL",
        "building_id": "B02",
        "internal_3d_id": "DEMO-3D-ANCHOR-B02:1"
      },
      "geometry": {
        "type": "Polygon",
        "coordinates": [
          [
            [
              51,
              67
            ],
            [
              63,
              67
            ],
            [
              63,
              86
            ],
            [
              58.68,
              86
            ],
            [
              58.68,
              84.2
            ],
            [
              51,
              84.2
            ],
            [
              51,
              67
            ]
          ]
        ]
      }
    },
    {
      "type": "Feature",
      "id": "B02-SHOWCASE-F2",
      "properties": {
        "level": 2,
        "buildingId": "B02",
        "floor_id": "B02-SHOWCASE-F2",
        "name": "Floor 2",
        "classification": "synthetic",
        "source_revision": "source-showcase-1",
        "geometry_status": "authored_synthetic",
        "geometry_note": "Author-provided fictional geometry; not AI extraction or survey evidence.",
        "geometry_id": "B02-SHOWCASE-F2-shape-v1",
        "geometry_revision": 1,
        "base_elevation_m": 6.2,
        "height_m": 3.1,
        "vertical_reference": "DEMO-BM-01 fictional zero datum; not national MSL",
        "building_id": "B02",
        "internal_3d_id": "DEMO-3D-ANCHOR-B02:2"
      },
      "geometry": {
        "type": "Polygon",
        "coordinates": [
          [
            [
              51,
              67
            ],
            [
              63,
              67
            ],
            [
              63,
              86
            ],
            [
              58.68,
              86
            ],
            [
              58.68,
              84.2
            ],
            [
              51,
              84.2
            ],
            [
              51,
              67
            ]
          ]
        ]
      }
    },
    {
      "type": "Feature",
      "id": "B02-SHOWCASE-F3",
      "properties": {
        "level": 3,
        "buildingId": "B02",
        "floor_id": "B02-SHOWCASE-F3",
        "name": "Floor 3",
        "classification": "synthetic",
        "source_revision": "source-showcase-1",
        "geometry_status": "authored_synthetic",
        "geometry_note": "Author-provided fictional geometry; not AI extraction or survey evidence.",
        "geometry_id": "B02-SHOWCASE-F3-shape-v1",
        "geometry_revision": 1,
        "base_elevation_m": 9.3,
        "height_m": 3.1,
        "vertical_reference": "DEMO-BM-01 fictional zero datum; not national MSL",
        "building_id": "B02",
        "internal_3d_id": "DEMO-3D-ANCHOR-B02:3"
      },
      "geometry": {
        "type": "Polygon",
        "coordinates": [
          [
            [
              51,
              67
            ],
            [
              63,
              67
            ],
            [
              63,
              86
            ],
            [
              58.68,
              86
            ],
            [
              58.68,
              84.2
            ],
            [
              51,
              84.2
            ],
            [
              51,
              67
            ]
          ]
        ]
      }
    },
    {
      "type": "Feature",
      "id": "B03-SHOWCASE-F0",
      "properties": {
        "level": 0,
        "buildingId": "B03",
        "floor_id": "B03-SHOWCASE-F0",
        "name": "Ground floor",
        "classification": "synthetic",
        "source_revision": "source-showcase-1",
        "geometry_status": "authored_synthetic",
        "geometry_note": "Author-provided fictional geometry; not AI extraction or survey evidence.",
        "geometry_id": "B03-SHOWCASE-F0-shape-v1",
        "geometry_revision": 1,
        "base_elevation_m": 0.0,
        "height_m": 3.1,
        "vertical_reference": "DEMO-BM-01 fictional zero datum; not national MSL",
        "building_id": "B03",
        "internal_3d_id": "DEMO-3D-ANCHOR-B03:0"
      },
      "geometry": {
        "type": "Polygon",
        "coordinates": [
          [
            [
              107,
              67
            ],
            [
              124,
              67
            ],
            [
              124,
              86
            ],
            [
              117.88,
              86
            ],
            [
              117.88,
              84.2
            ],
            [
              107,
              84.2
            ],
            [
              107,
              67
            ]
          ]
        ]
      }
    },
    {
      "type": "Feature",
      "id": "B03-SHOWCASE-F1",
      "properties": {
        "level": 1,
        "buildingId": "B03",
        "floor_id": "B03-SHOWCASE-F1",
        "name": "Floor 1",
        "classification": "synthetic",
        "source_revision": "source-showcase-1",
        "geometry_status": "authored_synthetic",
        "geometry_note": "Author-provided fictional geometry; not AI extraction or survey evidence.",
        "geometry_id": "B03-SHOWCASE-F1-shape-v1",
        "geometry_revision": 1,
        "base_elevation_m": 3.1,
        "height_m": 3.1,
        "vertical_reference": "DEMO-BM-01 fictional zero datum; not national MSL",
        "building_id": "B03",
        "internal_3d_id": "DEMO-3D-ANCHOR-B03:1"
      },
      "geometry": {
        "type": "Polygon",
        "coordinates": [
          [
            [
              107,
              67
            ],
            [
              124,
              67
            ],
            [
              124,
              86
            ],
            [
              117.88,
              86
            ],
            [
              117.88,
              84.2
            ],
            [
              107,
              84.2
            ],
            [
              107,
              67
            ]
          ]
        ]
      }
    },
    {
      "type": "Feature",
      "id": "B03-SHOWCASE-F2",
      "properties": {
        "level": 2,
        "buildingId": "B03",
        "floor_id": "B03-SHOWCASE-F2",
        "name": "Floor 2",
        "classification": "synthetic",
        "source_revision": "source-showcase-1",
        "geometry_status": "authored_synthetic",
        "geometry_note": "Author-provided fictional geometry; not AI extraction or survey evidence.",
        "geometry_id": "B03-SHOWCASE-F2-shape-v1",
        "geometry_revision": 1,
        "base_elevation_m": 6.2,
        "height_m": 3.1,
        "vertical_reference": "DEMO-BM-01 fictional zero datum; not national MSL",
        "building_id": "B03",
        "internal_3d_id": "DEMO-3D-ANCHOR-B03:2"
      },
      "geometry": {
        "type": "Polygon",
        "coordinates": [
          [
            [
              107,
              67
            ],
            [
              124,
              67
            ],
            [
              124,
              86
            ],
            [
              117.88,
              86
            ],
            [
              117.88,
              84.2
            ],
            [
              107,
              84.2
            ],
            [
              107,
              67
            ]
          ]
        ]
      }
    },
    {
      "type": "Feature",
      "id": "B03-SHOWCASE-F3",
      "properties": {
        "level": 3,
        "buildingId": "B03",
        "floor_id": "B03-SHOWCASE-F3",
        "name": "Floor 3",
        "classification": "synthetic",
        "source_revision": "source-showcase-1",
        "geometry_status": "authored_synthetic",
        "geometry_note": "Author-provided fictional geometry; not AI extraction or survey evidence.",
        "geometry_id": "B03-SHOWCASE-F3-shape-v1",
        "geometry_revision": 1,
        "base_elevation_m": 9.3,
        "height_m": 3.1,
        "vertical_reference": "DEMO-BM-01 fictional zero datum; not national MSL",
        "building_id": "B03",
        "internal_3d_id": "DEMO-3D-ANCHOR-B03:3"
      },
      "geometry": {
        "type": "Polygon",
        "coordinates": [
          [
            [
              107,
              67
            ],
            [
              124,
              67
            ],
            [
              124,
              86
            ],
            [
              117.88,
              86
            ],
            [
              117.88,
              84.2
            ],
            [
              107,
              84.2
            ],
            [
              107,
              67
            ]
          ]
        ]
      }
    },
    {
      "type": "Feature",
      "id": "B03-SHOWCASE-F4",
      "properties": {
        "level": 4,
        "buildingId": "B03",
        "floor_id": "B03-SHOWCASE-F4",
        "name": "Floor 4",
        "classification": "synthetic",
        "source_revision": "source-showcase-1",
        "geometry_status": "authored_synthetic",
        "geometry_note": "Author-provided fictional geometry; not AI extraction or survey evidence.",
        "geometry_id": "B03-SHOWCASE-F4-shape-v1",
        "geometry_revision": 1,
        "base_elevation_m": 12.4,
        "height_m": 3.1,
        "vertical_reference": "DEMO-BM-01 fictional zero datum; not national MSL",
        "building_id": "B03",
        "internal_3d_id": "DEMO-3D-ANCHOR-B03:4"
      },
      "geometry": {
        "type": "Polygon",
        "coordinates": [
          [
            [
              107,
              67
            ],
            [
              124,
              67
            ],
            [
              124,
              86
            ],
            [
              117.88,
              86
            ],
            [
              117.88,
              84.2
            ],
            [
              107,
              84.2
            ],
            [
              107,
              67
            ]
          ]
        ]
      }
    },
    {
      "type": "Feature",
      "id": "B04-SHOWCASE-F0",
      "properties": {
        "level": 0,
        "buildingId": "B04",
        "floor_id": "B04-SHOWCASE-F0",
        "name": "Ground floor",
        "classification": "synthetic",
        "source_revision": "source-showcase-1",
        "geometry_status": "authored_synthetic",
        "geometry_note": "Author-provided fictional geometry; not AI extraction or survey evidence.",
        "geometry_id": "B04-SHOWCASE-F0-shape-v1",
        "geometry_revision": 1,
        "base_elevation_m": 0.0,
        "height_m": 3.1,
        "vertical_reference": "DEMO-BM-01 fictional zero datum; not national MSL",
        "building_id": "B04",
        "internal_3d_id": "DEMO-3D-ANCHOR-B04:0"
      },
      "geometry": {
        "type": "Polygon",
        "coordinates": [
          [
            [
              132,
              67
            ],
            [
              149,
              67
            ],
            [
              149,
              86
            ],
            [
              142.88,
              86
            ],
            [
              142.88,
              84.2
            ],
            [
              132,
              84.2
            ],
            [
              132,
              67
            ]
          ]
        ]
      }
    },
    {
      "type": "Feature",
      "id": "B04-SHOWCASE-F1",
      "properties": {
        "level": 1,
        "buildingId": "B04",
        "floor_id": "B04-SHOWCASE-F1",
        "name": "Floor 1",
        "classification": "synthetic",
        "source_revision": "source-showcase-1",
        "geometry_status": "authored_synthetic",
        "geometry_note": "Author-provided fictional geometry; not AI extraction or survey evidence.",
        "geometry_id": "B04-SHOWCASE-F1-shape-v1",
        "geometry_revision": 1,
        "base_elevation_m": 3.1,
        "height_m": 3.1,
        "vertical_reference": "DEMO-BM-01 fictional zero datum; not national MSL",
        "building_id": "B04",
        "internal_3d_id": "DEMO-3D-ANCHOR-B04:1"
      },
      "geometry": {
        "type": "Polygon",
        "coordinates": [
          [
            [
              132,
              67
            ],
            [
              149,
              67
            ],
            [
              149,
              86
            ],
            [
              142.88,
              86
            ],
            [
              142.88,
              84.2
            ],
            [
              132,
              84.2
            ],
            [
              132,
              67
            ]
          ]
        ]
      }
    },
    {
      "type": "Feature",
      "id": "B04-SHOWCASE-F2",
      "properties": {
        "level": 2,
        "buildingId": "B04",
        "floor_id": "B04-SHOWCASE-F2",
        "name": "Floor 2",
        "classification": "synthetic",
        "source_revision": "source-showcase-1",
        "geometry_status": "authored_synthetic",
        "geometry_note": "Author-provided fictional geometry; not AI extraction or survey evidence.",
        "geometry_id": "B04-SHOWCASE-F2-shape-v1",
        "geometry_revision": 1,
        "base_elevation_m": 6.2,
        "height_m": 3.1,
        "vertical_reference": "DEMO-BM-01 fictional zero datum; not national MSL",
        "building_id": "B04",
        "internal_3d_id": "DEMO-3D-ANCHOR-B04:2"
      },
      "geometry": {
        "type": "Polygon",
        "coordinates": [
          [
            [
              132,
              67
            ],
            [
              149,
              67
            ],
            [
              149,
              86
            ],
            [
              142.88,
              86
            ],
            [
              142.88,
              84.2
            ],
            [
              132,
              84.2
            ],
            [
              132,
              67
            ]
          ]
        ]
      }
    },
    {
      "type": "Feature",
      "id": "B05-SHOWCASE-F0",
      "properties": {
        "level": 0,
        "buildingId": "B05",
        "floor_id": "B05-SHOWCASE-F0",
        "name": "Ground floor",
        "classification": "synthetic",
        "source_revision": "source-showcase-1",
        "geometry_status": "authored_synthetic",
        "geometry_note": "Author-provided fictional geometry; not AI extraction or survey evidence.",
        "geometry_id": "B05-SHOWCASE-F0-shape-v1",
        "geometry_revision": 1,
        "base_elevation_m": 0.0,
        "height_m": 3.1,
        "vertical_reference": "DEMO-BM-01 fictional zero datum; not national MSL",
        "building_id": "B05",
        "internal_3d_id": "DEMO-3D-ANCHOR-B05:0"
      },
      "geometry": {
        "type": "Polygon",
        "coordinates": [
          [
            [
              9,
              109
            ],
            [
              23,
              109
            ],
            [
              23,
              128
            ],
            [
              17.96,
              128
            ],
            [
              17.96,
              126.2
            ],
            [
              9,
              126.2
            ],
            [
              9,
              109
            ]
          ]
        ]
      }
    },
    {
      "type": "Feature",
      "id": "B05-SHOWCASE-F1",
      "properties": {
        "level": 1,
        "buildingId": "B05",
        "floor_id": "B05-SHOWCASE-F1",
        "name": "Floor 1",
        "classification": "synthetic",
        "source_revision": "source-showcase-1",
        "geometry_status": "authored_synthetic",
        "geometry_note": "Author-provided fictional geometry; not AI extraction or survey evidence.",
        "geometry_id": "B05-SHOWCASE-F1-shape-v1",
        "geometry_revision": 1,
        "base_elevation_m": 3.1,
        "height_m": 3.1,
        "vertical_reference": "DEMO-BM-01 fictional zero datum; not national MSL",
        "building_id": "B05",
        "internal_3d_id": "DEMO-3D-ANCHOR-B05:1"
      },
      "geometry": {
        "type": "Polygon",
        "coordinates": [
          [
            [
              9,
              109
            ],
            [
              23,
              109
            ],
            [
              23,
              128
            ],
            [
              17.96,
              128
            ],
            [
              17.96,
              126.2
            ],
            [
              9,
              126.2
            ],
            [
              9,
              109
            ]
          ]
        ]
      }
    },
    {
      "type": "Feature",
      "id": "B05-SHOWCASE-F2",
      "properties": {
        "level": 2,
        "buildingId": "B05",
        "floor_id": "B05-SHOWCASE-F2",
        "name": "Floor 2",
        "classification": "synthetic",
        "source_revision": "source-showcase-1",
        "geometry_status": "authored_synthetic",
        "geometry_note": "Author-provided fictional geometry; not AI extraction or survey evidence.",
        "geometry_id": "B05-SHOWCASE-F2-shape-v1",
        "geometry_revision": 1,
        "base_elevation_m": 6.2,
        "height_m": 3.1,
        "vertical_reference": "DEMO-BM-01 fictional zero datum; not national MSL",
        "building_id": "B05",
        "internal_3d_id": "DEMO-3D-ANCHOR-B05:2"
      },
      "geometry": {
        "type": "Polygon",
        "coordinates": [
          [
            [
              9,
              109
            ],
            [
              23,
              109
            ],
            [
              23,
              128
            ],
            [
              17.96,
              128
            ],
            [
              17.96,
              126.2
            ],
            [
              9,
              126.2
            ],
            [
              9,
              109
            ]
          ]
        ]
      }
    },
    {
      "type": "Feature",
      "id": "B05-SHOWCASE-F3",
      "properties": {
        "level": 3,
        "buildingId": "B05",
        "floor_id": "B05-SHOWCASE-F3",
        "name": "Floor 3",
        "classification": "synthetic",
        "source_revision": "source-showcase-1",
        "geometry_status": "authored_synthetic",
        "geometry_note": "Author-provided fictional geometry; not AI extraction or survey evidence.",
        "geometry_id": "B05-SHOWCASE-F3-shape-v1",
        "geometry_revision": 1,
        "base_elevation_m": 9.3,
        "height_m": 3.1,
        "vertical_reference": "DEMO-BM-01 fictional zero datum; not national MSL",
        "building_id": "B05",
        "internal_3d_id": "DEMO-3D-ANCHOR-B05:3"
      },
      "geometry": {
        "type": "Polygon",
        "coordinates": [
          [
            [
              9,
              109
            ],
            [
              23,
              109
            ],
            [
              23,
              128
            ],
            [
              17.96,
              128
            ],
            [
              17.96,
              126.2
            ],
            [
              9,
              126.2
            ],
            [
              9,
              109
            ]
          ]
        ]
      }
    },
    {
      "type": "Feature",
      "id": "B06-SHOWCASE-F0",
      "properties": {
        "level": 0,
        "buildingId": "B06",
        "floor_id": "B06-SHOWCASE-F0",
        "name": "Ground floor",
        "classification": "synthetic",
        "source_revision": "source-showcase-1",
        "geometry_status": "authored_synthetic",
        "geometry_note": "Author-provided fictional geometry; not AI extraction or survey evidence.",
        "geometry_id": "B06-SHOWCASE-F0-shape-v1",
        "geometry_revision": 1,
        "base_elevation_m": 0.0,
        "height_m": 3.1,
        "vertical_reference": "DEMO-BM-01 fictional zero datum; not national MSL",
        "building_id": "B06",
        "internal_3d_id": "DEMO-3D-ANCHOR-B06:0"
      },
      "geometry": {
        "type": "Polygon",
        "coordinates": [
          [
            [
              30,
              109
            ],
            [
              44,
              109
            ],
            [
              44,
              128
            ],
            [
              38.96,
              128
            ],
            [
              38.96,
              126.2
            ],
            [
              30,
              126.2
            ],
            [
              30,
              109
            ]
          ]
        ]
      }
    },
    {
      "type": "Feature",
      "id": "B06-SHOWCASE-F1",
      "properties": {
        "level": 1,
        "buildingId": "B06",
        "floor_id": "B06-SHOWCASE-F1",
        "name": "Floor 1",
        "classification": "synthetic",
        "source_revision": "source-showcase-1",
        "geometry_status": "authored_synthetic",
        "geometry_note": "Author-provided fictional geometry; not AI extraction or survey evidence.",
        "geometry_id": "B06-SHOWCASE-F1-shape-v1",
        "geometry_revision": 1,
        "base_elevation_m": 3.1,
        "height_m": 3.1,
        "vertical_reference": "DEMO-BM-01 fictional zero datum; not national MSL",
        "building_id": "B06",
        "internal_3d_id": "DEMO-3D-ANCHOR-B06:1"
      },
      "geometry": {
        "type": "Polygon",
        "coordinates": [
          [
            [
              30,
              109
            ],
            [
              44,
              109
            ],
            [
              44,
              128
            ],
            [
              38.96,
              128
            ],
            [
              38.96,
              126.2
            ],
            [
              30,
              126.2
            ],
            [
              30,
              109
            ]
          ]
        ]
      }
    },
    {
      "type": "Feature",
      "id": "B06-SHOWCASE-F2",
      "properties": {
        "level": 2,
        "buildingId": "B06",
        "floor_id": "B06-SHOWCASE-F2",
        "name": "Floor 2",
        "classification": "synthetic",
        "source_revision": "source-showcase-1",
        "geometry_status": "authored_synthetic",
        "geometry_note": "Author-provided fictional geometry; not AI extraction or survey evidence.",
        "geometry_id": "B06-SHOWCASE-F2-shape-v1",
        "geometry_revision": 1,
        "base_elevation_m": 6.2,
        "height_m": 3.1,
        "vertical_reference": "DEMO-BM-01 fictional zero datum; not national MSL",
        "building_id": "B06",
        "internal_3d_id": "DEMO-3D-ANCHOR-B06:2"
      },
      "geometry": {
        "type": "Polygon",
        "coordinates": [
          [
            [
              30,
              109
            ],
            [
              44,
              109
            ],
            [
              44,
              128
            ],
            [
              38.96,
              128
            ],
            [
              38.96,
              126.2
            ],
            [
              30,
              126.2
            ],
            [
              30,
              109
            ]
          ]
        ]
      }
    },
    {
      "type": "Feature",
      "id": "B06-SHOWCASE-F3",
      "properties": {
        "level": 3,
        "buildingId": "B06",
        "floor_id": "B06-SHOWCASE-F3",
        "name": "Floor 3",
        "classification": "synthetic",
        "source_revision": "source-showcase-1",
        "geometry_status": "authored_synthetic",
        "geometry_note": "Author-provided fictional geometry; not AI extraction or survey evidence.",
        "geometry_id": "B06-SHOWCASE-F3-shape-v1",
        "geometry_revision": 1,
        "base_elevation_m": 9.3,
        "height_m": 3.1,
        "vertical_reference": "DEMO-BM-01 fictional zero datum; not national MSL",
        "building_id": "B06",
        "internal_3d_id": "DEMO-3D-ANCHOR-B06:3"
      },
      "geometry": {
        "type": "Polygon",
        "coordinates": [
          [
            [
              30,
              109
            ],
            [
              44,
              109
            ],
            [
              44,
              128
            ],
            [
              38.96,
              128
            ],
            [
              38.96,
              126.2
            ],
            [
              30,
              126.2
            ],
            [
              30,
              109
            ]
          ]
        ]
      }
    },
    {
      "type": "Feature",
      "id": "B06-SHOWCASE-F4",
      "properties": {
        "level": 4,
        "buildingId": "B06",
        "floor_id": "B06-SHOWCASE-F4",
        "name": "Floor 4",
        "classification": "synthetic",
        "source_revision": "source-showcase-1",
        "geometry_status": "authored_synthetic",
        "geometry_note": "Author-provided fictional geometry; not AI extraction or survey evidence.",
        "geometry_id": "B06-SHOWCASE-F4-shape-v1",
        "geometry_revision": 1,
        "base_elevation_m": 12.4,
        "height_m": 3.1,
        "vertical_reference": "DEMO-BM-01 fictional zero datum; not national MSL",
        "building_id": "B06",
        "internal_3d_id": "DEMO-3D-ANCHOR-B06:4"
      },
      "geometry": {
        "type": "Polygon",
        "coordinates": [
          [
            [
              30,
              109
            ],
            [
              44,
              109
            ],
            [
              44,
              128
            ],
            [
              38.96,
              128
            ],
            [
              38.96,
              126.2
            ],
            [
              30,
              126.2
            ],
            [
              30,
              109
            ]
          ]
        ]
      }
    },
    {
      "type": "Feature",
      "id": "B07-SHOWCASE-F0",
      "properties": {
        "level": 0,
        "buildingId": "B07",
        "floor_id": "B07-SHOWCASE-F0",
        "name": "Ground floor",
        "classification": "synthetic",
        "source_revision": "source-showcase-1",
        "geometry_status": "authored_synthetic",
        "geometry_note": "Author-provided fictional geometry; not AI extraction or survey evidence.",
        "geometry_id": "B07-SHOWCASE-F0-shape-v1",
        "geometry_revision": 1,
        "base_elevation_m": 0.0,
        "height_m": 3.1,
        "vertical_reference": "DEMO-BM-01 fictional zero datum; not national MSL",
        "building_id": "B07",
        "internal_3d_id": "DEMO-3D-ANCHOR-B07:0"
      },
      "geometry": {
        "type": "Polygon",
        "coordinates": [
          [
            [
              51,
              109
            ],
            [
              63,
              109
            ],
            [
              63,
              128
            ],
            [
              58.68,
              128
            ],
            [
              58.68,
              126.2
            ],
            [
              51,
              126.2
            ],
            [
              51,
              109
            ]
          ]
        ]
      }
    },
    {
      "type": "Feature",
      "id": "B07-SHOWCASE-F1",
      "properties": {
        "level": 1,
        "buildingId": "B07",
        "floor_id": "B07-SHOWCASE-F1",
        "name": "Floor 1",
        "classification": "synthetic",
        "source_revision": "source-showcase-1",
        "geometry_status": "authored_synthetic",
        "geometry_note": "Author-provided fictional geometry; not AI extraction or survey evidence.",
        "geometry_id": "B07-SHOWCASE-F1-shape-v1",
        "geometry_revision": 1,
        "base_elevation_m": 3.1,
        "height_m": 3.1,
        "vertical_reference": "DEMO-BM-01 fictional zero datum; not national MSL",
        "building_id": "B07",
        "internal_3d_id": "DEMO-3D-ANCHOR-B07:1"
      },
      "geometry": {
        "type": "Polygon",
        "coordinates": [
          [
            [
              51,
              109
            ],
            [
              63,
              109
            ],
            [
              63,
              128
            ],
            [
              58.68,
              128
            ],
            [
              58.68,
              126.2
            ],
            [
              51,
              126.2
            ],
            [
              51,
              109
            ]
          ]
        ]
      }
    },
    {
      "type": "Feature",
      "id": "B07-SHOWCASE-F2",
      "properties": {
        "level": 2,
        "buildingId": "B07",
        "floor_id": "B07-SHOWCASE-F2",
        "name": "Floor 2",
        "classification": "synthetic",
        "source_revision": "source-showcase-1",
        "geometry_status": "authored_synthetic",
        "geometry_note": "Author-provided fictional geometry; not AI extraction or survey evidence.",
        "geometry_id": "B07-SHOWCASE-F2-shape-v1",
        "geometry_revision": 1,
        "base_elevation_m": 6.2,
        "height_m": 3.1,
        "vertical_reference": "DEMO-BM-01 fictional zero datum; not national MSL",
        "building_id": "B07",
        "internal_3d_id": "DEMO-3D-ANCHOR-B07:2"
      },
      "geometry": {
        "type": "Polygon",
        "coordinates": [
          [
            [
              51,
              109
            ],
            [
              63,
              109
            ],
            [
              63,
              128
            ],
            [
              58.68,
              128
            ],
            [
              58.68,
              126.2
            ],
            [
              51,
              126.2
            ],
            [
              51,
              109
            ]
          ]
        ]
      }
    },
    {
      "type": "Feature",
      "id": "B08-SHOWCASE-F0",
      "properties": {
        "level": 0,
        "buildingId": "B08",
        "floor_id": "B08-SHOWCASE-F0",
        "name": "Ground floor",
        "classification": "synthetic",
        "source_revision": "source-showcase-1",
        "geometry_status": "authored_synthetic",
        "geometry_note": "Author-provided fictional geometry; not AI extraction or survey evidence.",
        "geometry_id": "B08-SHOWCASE-F0-shape-v1",
        "geometry_revision": 1,
        "base_elevation_m": 0.0,
        "height_m": 3.1,
        "vertical_reference": "DEMO-BM-01 fictional zero datum; not national MSL",
        "building_id": "B08",
        "internal_3d_id": "DEMO-3D-ANCHOR-B08:0"
      },
      "geometry": {
        "type": "Polygon",
        "coordinates": [
          [
            [
              71,
              109
            ],
            [
              88,
              109
            ],
            [
              88,
              128
            ],
            [
              81.88,
              128
            ],
            [
              81.88,
              126.2
            ],
            [
              71,
              126.2
            ],
            [
              71,
              109
            ]
          ]
        ]
      }
    },
    {
      "type": "Feature",
      "id": "B08-SHOWCASE-F1",
      "properties": {
        "level": 1,
        "buildingId": "B08",
        "floor_id": "B08-SHOWCASE-F1",
        "name": "Floor 1",
        "classification": "synthetic",
        "source_revision": "source-showcase-1",
        "geometry_status": "authored_synthetic",
        "geometry_note": "Author-provided fictional geometry; not AI extraction or survey evidence.",
        "geometry_id": "B08-SHOWCASE-F1-shape-v1",
        "geometry_revision": 1,
        "base_elevation_m": 3.1,
        "height_m": 3.1,
        "vertical_reference": "DEMO-BM-01 fictional zero datum; not national MSL",
        "building_id": "B08",
        "internal_3d_id": "DEMO-3D-ANCHOR-B08:1"
      },
      "geometry": {
        "type": "Polygon",
        "coordinates": [
          [
            [
              71,
              109
            ],
            [
              88,
              109
            ],
            [
              88,
              128
            ],
            [
              81.88,
              128
            ],
            [
              81.88,
              126.2
            ],
            [
              71,
              126.2
            ],
            [
              71,
              109
            ]
          ]
        ]
      }
    },
    {
      "type": "Feature",
      "id": "B08-SHOWCASE-F2",
      "properties": {
        "level": 2,
        "buildingId": "B08",
        "floor_id": "B08-SHOWCASE-F2",
        "name": "Floor 2",
        "classification": "synthetic",
        "source_revision": "source-showcase-1",
        "geometry_status": "authored_synthetic",
        "geometry_note": "Author-provided fictional geometry; not AI extraction or survey evidence.",
        "geometry_id": "B08-SHOWCASE-F2-shape-v1",
        "geometry_revision": 1,
        "base_elevation_m": 6.2,
        "height_m": 3.1,
        "vertical_reference": "DEMO-BM-01 fictional zero datum; not national MSL",
        "building_id": "B08",
        "internal_3d_id": "DEMO-3D-ANCHOR-B08:2"
      },
      "geometry": {
        "type": "Polygon",
        "coordinates": [
          [
            [
              71,
              109
            ],
            [
              88,
              109
            ],
            [
              88,
              128
            ],
            [
              81.88,
              128
            ],
            [
              81.88,
              126.2
            ],
            [
              71,
              126.2
            ],
            [
              71,
              109
            ]
          ]
        ]
      }
    },
    {
      "type": "Feature",
      "id": "B08-SHOWCASE-F3",
      "properties": {
        "level": 3,
        "buildingId": "B08",
        "floor_id": "B08-SHOWCASE-F3",
        "name": "Floor 3",
        "classification": "synthetic",
        "source_revision": "source-showcase-1",
        "geometry_status": "authored_synthetic",
        "geometry_note": "Author-provided fictional geometry; not AI extraction or survey evidence.",
        "geometry_id": "B08-SHOWCASE-F3-shape-v1",
        "geometry_revision": 1,
        "base_elevation_m": 9.3,
        "height_m": 3.1,
        "vertical_reference": "DEMO-BM-01 fictional zero datum; not national MSL",
        "building_id": "B08",
        "internal_3d_id": "DEMO-3D-ANCHOR-B08:3"
      },
      "geometry": {
        "type": "Polygon",
        "coordinates": [
          [
            [
              71,
              109
            ],
            [
              88,
              109
            ],
            [
              88,
              128
            ],
            [
              81.88,
              128
            ],
            [
              81.88,
              126.2
            ],
            [
              71,
              126.2
            ],
            [
              71,
              109
            ]
          ]
        ]
      }
    },
    {
      "type": "Feature",
      "id": "B09-SHOWCASE-F0",
      "properties": {
        "level": 0,
        "buildingId": "B09",
        "floor_id": "B09-SHOWCASE-F0",
        "name": "Ground floor",
        "classification": "synthetic",
        "source_revision": "source-showcase-1",
        "geometry_status": "authored_synthetic",
        "geometry_note": "Author-provided fictional geometry; not AI extraction or survey evidence.",
        "geometry_id": "B09-SHOWCASE-F0-shape-v1",
        "geometry_revision": 1,
        "base_elevation_m": 0.0,
        "height_m": 3.1,
        "vertical_reference": "DEMO-BM-01 fictional zero datum; not national MSL",
        "building_id": "B09",
        "internal_3d_id": "DEMO-3D-ANCHOR-B09:0"
      },
      "geometry": {
        "type": "Polygon",
        "coordinates": [
          [
            [
              107,
              109
            ],
            [
              124,
              109
            ],
            [
              124,
              128
            ],
            [
              117.88,
              128
            ],
            [
              117.88,
              126.2
            ],
            [
              107,
              126.2
            ],
            [
              107,
              109
            ]
          ]
        ]
      }
    },
    {
      "type": "Feature",
      "id": "B09-SHOWCASE-F1",
      "properties": {
        "level": 1,
        "buildingId": "B09",
        "floor_id": "B09-SHOWCASE-F1",
        "name": "Floor 1",
        "classification": "synthetic",
        "source_revision": "source-showcase-1",
        "geometry_status": "authored_synthetic",
        "geometry_note": "Author-provided fictional geometry; not AI extraction or survey evidence.",
        "geometry_id": "B09-SHOWCASE-F1-shape-v1",
        "geometry_revision": 1,
        "base_elevation_m": 3.1,
        "height_m": 3.1,
        "vertical_reference": "DEMO-BM-01 fictional zero datum; not national MSL",
        "building_id": "B09",
        "internal_3d_id": "DEMO-3D-ANCHOR-B09:1"
      },
      "geometry": {
        "type": "Polygon",
        "coordinates": [
          [
            [
              107,
              109
            ],
            [
              124,
              109
            ],
            [
              124,
              128
            ],
            [
              117.88,
              128
            ],
            [
              117.88,
              126.2
            ],
            [
              107,
              126.2
            ],
            [
              107,
              109
            ]
          ]
        ]
      }
    },
    {
      "type": "Feature",
      "id": "B09-SHOWCASE-F2",
      "properties": {
        "level": 2,
        "buildingId": "B09",
        "floor_id": "B09-SHOWCASE-F2",
        "name": "Floor 2",
        "classification": "synthetic",
        "source_revision": "source-showcase-1",
        "geometry_status": "authored_synthetic",
        "geometry_note": "Author-provided fictional geometry; not AI extraction or survey evidence.",
        "geometry_id": "B09-SHOWCASE-F2-shape-v1",
        "geometry_revision": 1,
        "base_elevation_m": 6.2,
        "height_m": 3.1,
        "vertical_reference": "DEMO-BM-01 fictional zero datum; not national MSL",
        "building_id": "B09",
        "internal_3d_id": "DEMO-3D-ANCHOR-B09:2"
      },
      "geometry": {
        "type": "Polygon",
        "coordinates": [
          [
            [
              107,
              109
            ],
            [
              124,
              109
            ],
            [
              124,
              128
            ],
            [
              117.88,
              128
            ],
            [
              117.88,
              126.2
            ],
            [
              107,
              126.2
            ],
            [
              107,
              109
            ]
          ]
        ]
      }
    },
    {
      "type": "Feature",
      "id": "B09-SHOWCASE-F3",
      "properties": {
        "level": 3,
        "buildingId": "B09",
        "floor_id": "B09-SHOWCASE-F3",
        "name": "Floor 3",
        "classification": "synthetic",
        "source_revision": "source-showcase-1",
        "geometry_status": "authored_synthetic",
        "geometry_note": "Author-provided fictional geometry; not AI extraction or survey evidence.",
        "geometry_id": "B09-SHOWCASE-F3-shape-v1",
        "geometry_revision": 1,
        "base_elevation_m": 9.3,
        "height_m": 3.1,
        "vertical_reference": "DEMO-BM-01 fictional zero datum; not national MSL",
        "building_id": "B09",
        "internal_3d_id": "DEMO-3D-ANCHOR-B09:3"
      },
      "geometry": {
        "type": "Polygon",
        "coordinates": [
          [
            [
              107,
              109
            ],
            [
              124,
              109
            ],
            [
              124,
              128
            ],
            [
              117.88,
              128
            ],
            [
              117.88,
              126.2
            ],
            [
              107,
              126.2
            ],
            [
              107,
              109
            ]
          ]
        ]
      }
    },
    {
      "type": "Feature",
      "id": "B09-SHOWCASE-F4",
      "properties": {
        "level": 4,
        "buildingId": "B09",
        "floor_id": "B09-SHOWCASE-F4",
        "name": "Floor 4",
        "classification": "synthetic",
        "source_revision": "source-showcase-1",
        "geometry_status": "authored_synthetic",
        "geometry_note": "Author-provided fictional geometry; not AI extraction or survey evidence.",
        "geometry_id": "B09-SHOWCASE-F4-shape-v1",
        "geometry_revision": 1,
        "base_elevation_m": 12.4,
        "height_m": 3.1,
        "vertical_reference": "DEMO-BM-01 fictional zero datum; not national MSL",
        "building_id": "B09",
        "internal_3d_id": "DEMO-3D-ANCHOR-B09:4"
      },
      "geometry": {
        "type": "Polygon",
        "coordinates": [
          [
            [
              107,
              109
            ],
            [
              124,
              109
            ],
            [
              124,
              128
            ],
            [
              117.88,
              128
            ],
            [
              117.88,
              126.2
            ],
            [
              107,
              126.2
            ],
            [
              107,
              109
            ]
          ]
        ]
      }
    },
    {
      "type": "Feature",
      "id": "B10-SHOWCASE-F0",
      "properties": {
        "level": 0,
        "buildingId": "B10",
        "floor_id": "B10-SHOWCASE-F0",
        "name": "Ground floor",
        "classification": "synthetic",
        "source_revision": "source-showcase-1",
        "geometry_status": "authored_synthetic",
        "geometry_note": "Author-provided fictional geometry; not AI extraction or survey evidence.",
        "geometry_id": "B10-SHOWCASE-F0-shape-v1",
        "geometry_revision": 1,
        "base_elevation_m": 0.0,
        "height_m": 3.1,
        "vertical_reference": "DEMO-BM-01 fictional zero datum; not national MSL",
        "building_id": "B10",
        "internal_3d_id": "DEMO-3D-ANCHOR-B10:0"
      },
      "geometry": {
        "type": "Polygon",
        "coordinates": [
          [
            [
              132,
              109
            ],
            [
              149,
              109
            ],
            [
              149,
              128
            ],
            [
              142.88,
              128
            ],
            [
              142.88,
              126.2
            ],
            [
              132,
              126.2
            ],
            [
              132,
              109
            ]
          ]
        ]
      }
    },
    {
      "type": "Feature",
      "id": "B10-SHOWCASE-F1",
      "properties": {
        "level": 1,
        "buildingId": "B10",
        "floor_id": "B10-SHOWCASE-F1",
        "name": "Floor 1",
        "classification": "synthetic",
        "source_revision": "source-showcase-1",
        "geometry_status": "authored_synthetic",
        "geometry_note": "Author-provided fictional geometry; not AI extraction or survey evidence.",
        "geometry_id": "B10-SHOWCASE-F1-shape-v1",
        "geometry_revision": 1,
        "base_elevation_m": 3.1,
        "height_m": 3.1,
        "vertical_reference": "DEMO-BM-01 fictional zero datum; not national MSL",
        "building_id": "B10",
        "internal_3d_id": "DEMO-3D-ANCHOR-B10:1"
      },
      "geometry": {
        "type": "Polygon",
        "coordinates": [
          [
            [
              132,
              109
            ],
            [
              149,
              109
            ],
            [
              149,
              128
            ],
            [
              142.88,
              128
            ],
            [
              142.88,
              126.2
            ],
            [
              132,
              126.2
            ],
            [
              132,
              109
            ]
          ]
        ]
      }
    },
    {
      "type": "Feature",
      "id": "B10-SHOWCASE-F2",
      "properties": {
        "level": 2,
        "buildingId": "B10",
        "floor_id": "B10-SHOWCASE-F2",
        "name": "Floor 2",
        "classification": "synthetic",
        "source_revision": "source-showcase-1",
        "geometry_status": "authored_synthetic",
        "geometry_note": "Author-provided fictional geometry; not AI extraction or survey evidence.",
        "geometry_id": "B10-SHOWCASE-F2-shape-v1",
        "geometry_revision": 1,
        "base_elevation_m": 6.2,
        "height_m": 3.1,
        "vertical_reference": "DEMO-BM-01 fictional zero datum; not national MSL",
        "building_id": "B10",
        "internal_3d_id": "DEMO-3D-ANCHOR-B10:2"
      },
      "geometry": {
        "type": "Polygon",
        "coordinates": [
          [
            [
              132,
              109
            ],
            [
              149,
              109
            ],
            [
              149,
              128
            ],
            [
              142.88,
              128
            ],
            [
              142.88,
              126.2
            ],
            [
              132,
              126.2
            ],
            [
              132,
              109
            ]
          ]
        ]
      }
    },
    {
      "type": "Feature",
      "id": "B11-SHOWCASE-F0",
      "properties": {
        "level": 0,
        "buildingId": "B11",
        "floor_id": "B11-SHOWCASE-F0",
        "name": "Ground floor",
        "classification": "synthetic",
        "source_revision": "source-showcase-1",
        "geometry_status": "authored_synthetic",
        "geometry_note": "Author-provided fictional geometry; not AI extraction or survey evidence.",
        "geometry_id": "B11-SHOWCASE-F0-shape-v1",
        "geometry_revision": 1,
        "base_elevation_m": 0.0,
        "height_m": 3.1,
        "vertical_reference": "DEMO-BM-01 fictional zero datum; not national MSL",
        "building_id": "B11",
        "internal_3d_id": "DEMO-3D-ANCHOR-B11:0"
      },
      "geometry": {
        "type": "Polygon",
        "coordinates": [
          [
            [
              9,
              2
            ],
            [
              23,
              2
            ],
            [
              23,
              14
            ],
            [
              17.96,
              14
            ],
            [
              17.96,
              12.2
            ],
            [
              9,
              12.2
            ],
            [
              9,
              2
            ]
          ]
        ]
      }
    },
    {
      "type": "Feature",
      "id": "B11-SHOWCASE-F1",
      "properties": {
        "level": 1,
        "buildingId": "B11",
        "floor_id": "B11-SHOWCASE-F1",
        "name": "Floor 1",
        "classification": "synthetic",
        "source_revision": "source-showcase-1",
        "geometry_status": "authored_synthetic",
        "geometry_note": "Author-provided fictional geometry; not AI extraction or survey evidence.",
        "geometry_id": "B11-SHOWCASE-F1-shape-v1",
        "geometry_revision": 1,
        "base_elevation_m": 3.1,
        "height_m": 3.1,
        "vertical_reference": "DEMO-BM-01 fictional zero datum; not national MSL",
        "building_id": "B11",
        "internal_3d_id": "DEMO-3D-ANCHOR-B11:1"
      },
      "geometry": {
        "type": "Polygon",
        "coordinates": [
          [
            [
              9,
              2
            ],
            [
              23,
              2
            ],
            [
              23,
              14
            ],
            [
              17.96,
              14
            ],
            [
              17.96,
              12.2
            ],
            [
              9,
              12.2
            ],
            [
              9,
              2
            ]
          ]
        ]
      }
    },
    {
      "type": "Feature",
      "id": "B11-SHOWCASE-F2",
      "properties": {
        "level": 2,
        "buildingId": "B11",
        "floor_id": "B11-SHOWCASE-F2",
        "name": "Floor 2",
        "classification": "synthetic",
        "source_revision": "source-showcase-1",
        "geometry_status": "authored_synthetic",
        "geometry_note": "Author-provided fictional geometry; not AI extraction or survey evidence.",
        "geometry_id": "B11-SHOWCASE-F2-shape-v1",
        "geometry_revision": 1,
        "base_elevation_m": 6.2,
        "height_m": 3.1,
        "vertical_reference": "DEMO-BM-01 fictional zero datum; not national MSL",
        "building_id": "B11",
        "internal_3d_id": "DEMO-3D-ANCHOR-B11:2"
      },
      "geometry": {
        "type": "Polygon",
        "coordinates": [
          [
            [
              9,
              2
            ],
            [
              23,
              2
            ],
            [
              23,
              14
            ],
            [
              17.96,
              14
            ],
            [
              17.96,
              12.2
            ],
            [
              9,
              12.2
            ],
            [
              9,
              2
            ]
          ]
        ]
      }
    },
    {
      "type": "Feature",
      "id": "B11-SHOWCASE-F3",
      "properties": {
        "level": 3,
        "buildingId": "B11",
        "floor_id": "B11-SHOWCASE-F3",
        "name": "Floor 3",
        "classification": "synthetic",
        "source_revision": "source-showcase-1",
        "geometry_status": "authored_synthetic",
        "geometry_note": "Author-provided fictional geometry; not AI extraction or survey evidence.",
        "geometry_id": "B11-SHOWCASE-F3-shape-v1",
        "geometry_revision": 1,
        "base_elevation_m": 9.3,
        "height_m": 3.1,
        "vertical_reference": "DEMO-BM-01 fictional zero datum; not national MSL",
        "building_id": "B11",
        "internal_3d_id": "DEMO-3D-ANCHOR-B11:3"
      },
      "geometry": {
        "type": "Polygon",
        "coordinates": [
          [
            [
              9,
              2
            ],
            [
              23,
              2
            ],
            [
              23,
              14
            ],
            [
              17.96,
              14
            ],
            [
              17.96,
              12.2
            ],
            [
              9,
              12.2
            ],
            [
              9,
              2
            ]
          ]
        ]
      }
    },
    {
      "type": "Feature",
      "id": "B12-SHOWCASE-F0",
      "properties": {
        "level": 0,
        "buildingId": "B12",
        "floor_id": "B12-SHOWCASE-F0",
        "name": "Ground floor",
        "classification": "synthetic",
        "source_revision": "source-showcase-1",
        "geometry_status": "authored_synthetic",
        "geometry_note": "Author-provided fictional geometry; not AI extraction or survey evidence.",
        "geometry_id": "B12-SHOWCASE-F0-shape-v1",
        "geometry_revision": 1,
        "base_elevation_m": 0.0,
        "height_m": 3.1,
        "vertical_reference": "DEMO-BM-01 fictional zero datum; not national MSL",
        "building_id": "B12",
        "internal_3d_id": "DEMO-3D-ANCHOR-B12:0"
      },
      "geometry": {
        "type": "Polygon",
        "coordinates": [
          [
            [
              30,
              2
            ],
            [
              44,
              2
            ],
            [
              44,
              14
            ],
            [
              38.96,
              14
            ],
            [
              38.96,
              12.2
            ],
            [
              30,
              12.2
            ],
            [
              30,
              2
            ]
          ]
        ]
      }
    },
    {
      "type": "Feature",
      "id": "B12-SHOWCASE-F1",
      "properties": {
        "level": 1,
        "buildingId": "B12",
        "floor_id": "B12-SHOWCASE-F1",
        "name": "Floor 1",
        "classification": "synthetic",
        "source_revision": "source-showcase-1",
        "geometry_status": "authored_synthetic",
        "geometry_note": "Author-provided fictional geometry; not AI extraction or survey evidence.",
        "geometry_id": "B12-SHOWCASE-F1-shape-v1",
        "geometry_revision": 1,
        "base_elevation_m": 3.1,
        "height_m": 3.1,
        "vertical_reference": "DEMO-BM-01 fictional zero datum; not national MSL",
        "building_id": "B12",
        "internal_3d_id": "DEMO-3D-ANCHOR-B12:1"
      },
      "geometry": {
        "type": "Polygon",
        "coordinates": [
          [
            [
              30,
              2
            ],
            [
              44,
              2
            ],
            [
              44,
              14
            ],
            [
              38.96,
              14
            ],
            [
              38.96,
              12.2
            ],
            [
              30,
              12.2
            ],
            [
              30,
              2
            ]
          ]
        ]
      }
    },
    {
      "type": "Feature",
      "id": "B12-SHOWCASE-F2",
      "properties": {
        "level": 2,
        "buildingId": "B12",
        "floor_id": "B12-SHOWCASE-F2",
        "name": "Floor 2",
        "classification": "synthetic",
        "source_revision": "source-showcase-1",
        "geometry_status": "authored_synthetic",
        "geometry_note": "Author-provided fictional geometry; not AI extraction or survey evidence.",
        "geometry_id": "B12-SHOWCASE-F2-shape-v1",
        "geometry_revision": 1,
        "base_elevation_m": 6.2,
        "height_m": 3.1,
        "vertical_reference": "DEMO-BM-01 fictional zero datum; not national MSL",
        "building_id": "B12",
        "internal_3d_id": "DEMO-3D-ANCHOR-B12:2"
      },
      "geometry": {
        "type": "Polygon",
        "coordinates": [
          [
            [
              30,
              2
            ],
            [
              44,
              2
            ],
            [
              44,
              14
            ],
            [
              38.96,
              14
            ],
            [
              38.96,
              12.2
            ],
            [
              30,
              12.2
            ],
            [
              30,
              2
            ]
          ]
        ]
      }
    },
    {
      "type": "Feature",
      "id": "B12-SHOWCASE-F3",
      "properties": {
        "level": 3,
        "buildingId": "B12",
        "floor_id": "B12-SHOWCASE-F3",
        "name": "Floor 3",
        "classification": "synthetic",
        "source_revision": "source-showcase-1",
        "geometry_status": "authored_synthetic",
        "geometry_note": "Author-provided fictional geometry; not AI extraction or survey evidence.",
        "geometry_id": "B12-SHOWCASE-F3-shape-v1",
        "geometry_revision": 1,
        "base_elevation_m": 9.3,
        "height_m": 3.1,
        "vertical_reference": "DEMO-BM-01 fictional zero datum; not national MSL",
        "building_id": "B12",
        "internal_3d_id": "DEMO-3D-ANCHOR-B12:3"
      },
      "geometry": {
        "type": "Polygon",
        "coordinates": [
          [
            [
              30,
              2
            ],
            [
              44,
              2
            ],
            [
              44,
              14
            ],
            [
              38.96,
              14
            ],
            [
              38.96,
              12.2
            ],
            [
              30,
              12.2
            ],
            [
              30,
              2
            ]
          ]
        ]
      }
    },
    {
      "type": "Feature",
      "id": "B12-SHOWCASE-F4",
      "properties": {
        "level": 4,
        "buildingId": "B12",
        "floor_id": "B12-SHOWCASE-F4",
        "name": "Floor 4",
        "classification": "synthetic",
        "source_revision": "source-showcase-1",
        "geometry_status": "authored_synthetic",
        "geometry_note": "Author-provided fictional geometry; not AI extraction or survey evidence.",
        "geometry_id": "B12-SHOWCASE-F4-shape-v1",
        "geometry_revision": 1,
        "base_elevation_m": 12.4,
        "height_m": 3.1,
        "vertical_reference": "DEMO-BM-01 fictional zero datum; not national MSL",
        "building_id": "B12",
        "internal_3d_id": "DEMO-3D-ANCHOR-B12:4"
      },
      "geometry": {
        "type": "Polygon",
        "coordinates": [
          [
            [
              30,
              2
            ],
            [
              44,
              2
            ],
            [
              44,
              14
            ],
            [
              38.96,
              14
            ],
            [
              38.96,
              12.2
            ],
            [
              30,
              12.2
            ],
            [
              30,
              2
            ]
          ]
        ]
      }
    },
    {
      "type": "Feature",
      "id": "B13-SHOWCASE-F0",
      "properties": {
        "level": 0,
        "buildingId": "B13",
        "floor_id": "B13-SHOWCASE-F0",
        "name": "Ground floor",
        "classification": "synthetic",
        "source_revision": "source-showcase-1",
        "geometry_status": "authored_synthetic",
        "geometry_note": "Author-provided fictional geometry; not AI extraction or survey evidence.",
        "geometry_id": "B13-SHOWCASE-F0-shape-v1",
        "geometry_revision": 1,
        "base_elevation_m": 0.0,
        "height_m": 3.1,
        "vertical_reference": "DEMO-BM-01 fictional zero datum; not national MSL",
        "building_id": "B13",
        "internal_3d_id": "DEMO-3D-ANCHOR-B13:0"
      },
      "geometry": {
        "type": "Polygon",
        "coordinates": [
          [
            [
              51,
              2
            ],
            [
              63,
              2
            ],
            [
              63,
              14
            ],
            [
              58.68,
              14
            ],
            [
              58.68,
              12.2
            ],
            [
              51,
              12.2
            ],
            [
              51,
              2
            ]
          ]
        ]
      }
    },
    {
      "type": "Feature",
      "id": "B13-SHOWCASE-F1",
      "properties": {
        "level": 1,
        "buildingId": "B13",
        "floor_id": "B13-SHOWCASE-F1",
        "name": "Floor 1",
        "classification": "synthetic",
        "source_revision": "source-showcase-1",
        "geometry_status": "authored_synthetic",
        "geometry_note": "Author-provided fictional geometry; not AI extraction or survey evidence.",
        "geometry_id": "B13-SHOWCASE-F1-shape-v1",
        "geometry_revision": 1,
        "base_elevation_m": 3.1,
        "height_m": 3.1,
        "vertical_reference": "DEMO-BM-01 fictional zero datum; not national MSL",
        "building_id": "B13",
        "internal_3d_id": "DEMO-3D-ANCHOR-B13:1"
      },
      "geometry": {
        "type": "Polygon",
        "coordinates": [
          [
            [
              51,
              2
            ],
            [
              63,
              2
            ],
            [
              63,
              14
            ],
            [
              58.68,
              14
            ],
            [
              58.68,
              12.2
            ],
            [
              51,
              12.2
            ],
            [
              51,
              2
            ]
          ]
        ]
      }
    },
    {
      "type": "Feature",
      "id": "B13-SHOWCASE-F2",
      "properties": {
        "level": 2,
        "buildingId": "B13",
        "floor_id": "B13-SHOWCASE-F2",
        "name": "Floor 2",
        "classification": "synthetic",
        "source_revision": "source-showcase-1",
        "geometry_status": "authored_synthetic",
        "geometry_note": "Author-provided fictional geometry; not AI extraction or survey evidence.",
        "geometry_id": "B13-SHOWCASE-F2-shape-v1",
        "geometry_revision": 1,
        "base_elevation_m": 6.2,
        "height_m": 3.1,
        "vertical_reference": "DEMO-BM-01 fictional zero datum; not national MSL",
        "building_id": "B13",
        "internal_3d_id": "DEMO-3D-ANCHOR-B13:2"
      },
      "geometry": {
        "type": "Polygon",
        "coordinates": [
          [
            [
              51,
              2
            ],
            [
              63,
              2
            ],
            [
              63,
              14
            ],
            [
              58.68,
              14
            ],
            [
              58.68,
              12.2
            ],
            [
              51,
              12.2
            ],
            [
              51,
              2
            ]
          ]
        ]
      }
    },
    {
      "type": "Feature",
      "id": "B14-SHOWCASE-F0",
      "properties": {
        "level": 0,
        "buildingId": "B14",
        "floor_id": "B14-SHOWCASE-F0",
        "name": "Ground floor",
        "classification": "synthetic",
        "source_revision": "source-showcase-1",
        "geometry_status": "authored_synthetic",
        "geometry_note": "Author-provided fictional geometry; not AI extraction or survey evidence.",
        "geometry_id": "B14-SHOWCASE-F0-shape-v1",
        "geometry_revision": 1,
        "base_elevation_m": 0.0,
        "height_m": 3.1,
        "vertical_reference": "DEMO-BM-01 fictional zero datum; not national MSL",
        "building_id": "B14",
        "internal_3d_id": "DEMO-3D-ANCHOR-B14:0"
      },
      "geometry": {
        "type": "Polygon",
        "coordinates": [
          [
            [
              71,
              2
            ],
            [
              88,
              2
            ],
            [
              88,
              14
            ],
            [
              81.88,
              14
            ],
            [
              81.88,
              12.2
            ],
            [
              71,
              12.2
            ],
            [
              71,
              2
            ]
          ]
        ]
      }
    },
    {
      "type": "Feature",
      "id": "B14-SHOWCASE-F1",
      "properties": {
        "level": 1,
        "buildingId": "B14",
        "floor_id": "B14-SHOWCASE-F1",
        "name": "Floor 1",
        "classification": "synthetic",
        "source_revision": "source-showcase-1",
        "geometry_status": "authored_synthetic",
        "geometry_note": "Author-provided fictional geometry; not AI extraction or survey evidence.",
        "geometry_id": "B14-SHOWCASE-F1-shape-v1",
        "geometry_revision": 1,
        "base_elevation_m": 3.1,
        "height_m": 3.1,
        "vertical_reference": "DEMO-BM-01 fictional zero datum; not national MSL",
        "building_id": "B14",
        "internal_3d_id": "DEMO-3D-ANCHOR-B14:1"
      },
      "geometry": {
        "type": "Polygon",
        "coordinates": [
          [
            [
              71,
              2
            ],
            [
              88,
              2
            ],
            [
              88,
              14
            ],
            [
              81.88,
              14
            ],
            [
              81.88,
              12.2
            ],
            [
              71,
              12.2
            ],
            [
              71,
              2
            ]
          ]
        ]
      }
    },
    {
      "type": "Feature",
      "id": "B14-SHOWCASE-F2",
      "properties": {
        "level": 2,
        "buildingId": "B14",
        "floor_id": "B14-SHOWCASE-F2",
        "name": "Floor 2",
        "classification": "synthetic",
        "source_revision": "source-showcase-1",
        "geometry_status": "authored_synthetic",
        "geometry_note": "Author-provided fictional geometry; not AI extraction or survey evidence.",
        "geometry_id": "B14-SHOWCASE-F2-shape-v1",
        "geometry_revision": 1,
        "base_elevation_m": 6.2,
        "height_m": 3.1,
        "vertical_reference": "DEMO-BM-01 fictional zero datum; not national MSL",
        "building_id": "B14",
        "internal_3d_id": "DEMO-3D-ANCHOR-B14:2"
      },
      "geometry": {
        "type": "Polygon",
        "coordinates": [
          [
            [
              71,
              2
            ],
            [
              88,
              2
            ],
            [
              88,
              14
            ],
            [
              81.88,
              14
            ],
            [
              81.88,
              12.2
            ],
            [
              71,
              12.2
            ],
            [
              71,
              2
            ]
          ]
        ]
      }
    },
    {
      "type": "Feature",
      "id": "B14-SHOWCASE-F3",
      "properties": {
        "level": 3,
        "buildingId": "B14",
        "floor_id": "B14-SHOWCASE-F3",
        "name": "Floor 3",
        "classification": "synthetic",
        "source_revision": "source-showcase-1",
        "geometry_status": "authored_synthetic",
        "geometry_note": "Author-provided fictional geometry; not AI extraction or survey evidence.",
        "geometry_id": "B14-SHOWCASE-F3-shape-v1",
        "geometry_revision": 1,
        "base_elevation_m": 9.3,
        "height_m": 3.1,
        "vertical_reference": "DEMO-BM-01 fictional zero datum; not national MSL",
        "building_id": "B14",
        "internal_3d_id": "DEMO-3D-ANCHOR-B14:3"
      },
      "geometry": {
        "type": "Polygon",
        "coordinates": [
          [
            [
              71,
              2
            ],
            [
              88,
              2
            ],
            [
              88,
              14
            ],
            [
              81.88,
              14
            ],
            [
              81.88,
              12.2
            ],
            [
              71,
              12.2
            ],
            [
              71,
              2
            ]
          ]
        ]
      }
    },
    {
      "type": "Feature",
      "id": "B15-SHOWCASE-F0",
      "properties": {
        "level": 0,
        "buildingId": "B15",
        "floor_id": "B15-SHOWCASE-F0",
        "name": "Ground floor",
        "classification": "synthetic",
        "source_revision": "source-showcase-1",
        "geometry_status": "authored_synthetic",
        "geometry_note": "Author-provided fictional geometry; not AI extraction or survey evidence.",
        "geometry_id": "B15-SHOWCASE-F0-shape-v1",
        "geometry_revision": 1,
        "base_elevation_m": 0.0,
        "height_m": 3.1,
        "vertical_reference": "DEMO-BM-01 fictional zero datum; not national MSL",
        "building_id": "B15",
        "internal_3d_id": "DEMO-3D-ANCHOR-B15:0"
      },
      "geometry": {
        "type": "Polygon",
        "coordinates": [
          [
            [
              107,
              2
            ],
            [
              124,
              2
            ],
            [
              124,
              14
            ],
            [
              117.88,
              14
            ],
            [
              117.88,
              12.2
            ],
            [
              107,
              12.2
            ],
            [
              107,
              2
            ]
          ]
        ]
      }
    },
    {
      "type": "Feature",
      "id": "B15-SHOWCASE-F1",
      "properties": {
        "level": 1,
        "buildingId": "B15",
        "floor_id": "B15-SHOWCASE-F1",
        "name": "Floor 1",
        "classification": "synthetic",
        "source_revision": "source-showcase-1",
        "geometry_status": "authored_synthetic",
        "geometry_note": "Author-provided fictional geometry; not AI extraction or survey evidence.",
        "geometry_id": "B15-SHOWCASE-F1-shape-v1",
        "geometry_revision": 1,
        "base_elevation_m": 3.1,
        "height_m": 3.1,
        "vertical_reference": "DEMO-BM-01 fictional zero datum; not national MSL",
        "building_id": "B15",
        "internal_3d_id": "DEMO-3D-ANCHOR-B15:1"
      },
      "geometry": {
        "type": "Polygon",
        "coordinates": [
          [
            [
              107,
              2
            ],
            [
              124,
              2
            ],
            [
              124,
              14
            ],
            [
              117.88,
              14
            ],
            [
              117.88,
              12.2
            ],
            [
              107,
              12.2
            ],
            [
              107,
              2
            ]
          ]
        ]
      }
    },
    {
      "type": "Feature",
      "id": "B15-SHOWCASE-F2",
      "properties": {
        "level": 2,
        "buildingId": "B15",
        "floor_id": "B15-SHOWCASE-F2",
        "name": "Floor 2",
        "classification": "synthetic",
        "source_revision": "source-showcase-1",
        "geometry_status": "authored_synthetic",
        "geometry_note": "Author-provided fictional geometry; not AI extraction or survey evidence.",
        "geometry_id": "B15-SHOWCASE-F2-shape-v1",
        "geometry_revision": 1,
        "base_elevation_m": 6.2,
        "height_m": 3.1,
        "vertical_reference": "DEMO-BM-01 fictional zero datum; not national MSL",
        "building_id": "B15",
        "internal_3d_id": "DEMO-3D-ANCHOR-B15:2"
      },
      "geometry": {
        "type": "Polygon",
        "coordinates": [
          [
            [
              107,
              2
            ],
            [
              124,
              2
            ],
            [
              124,
              14
            ],
            [
              117.88,
              14
            ],
            [
              117.88,
              12.2
            ],
            [
              107,
              12.2
            ],
            [
              107,
              2
            ]
          ]
        ]
      }
    },
    {
      "type": "Feature",
      "id": "B15-SHOWCASE-F3",
      "properties": {
        "level": 3,
        "buildingId": "B15",
        "floor_id": "B15-SHOWCASE-F3",
        "name": "Floor 3",
        "classification": "synthetic",
        "source_revision": "source-showcase-1",
        "geometry_status": "authored_synthetic",
        "geometry_note": "Author-provided fictional geometry; not AI extraction or survey evidence.",
        "geometry_id": "B15-SHOWCASE-F3-shape-v1",
        "geometry_revision": 1,
        "base_elevation_m": 9.3,
        "height_m": 3.1,
        "vertical_reference": "DEMO-BM-01 fictional zero datum; not national MSL",
        "building_id": "B15",
        "internal_3d_id": "DEMO-3D-ANCHOR-B15:3"
      },
      "geometry": {
        "type": "Polygon",
        "coordinates": [
          [
            [
              107,
              2
            ],
            [
              124,
              2
            ],
            [
              124,
              14
            ],
            [
              117.88,
              14
            ],
            [
              117.88,
              12.2
            ],
            [
              107,
              12.2
            ],
            [
              107,
              2
            ]
          ]
        ]
      }
    },
    {
      "type": "Feature",
      "id": "B15-SHOWCASE-F4",
      "properties": {
        "level": 4,
        "buildingId": "B15",
        "floor_id": "B15-SHOWCASE-F4",
        "name": "Floor 4",
        "classification": "synthetic",
        "source_revision": "source-showcase-1",
        "geometry_status": "authored_synthetic",
        "geometry_note": "Author-provided fictional geometry; not AI extraction or survey evidence.",
        "geometry_id": "B15-SHOWCASE-F4-shape-v1",
        "geometry_revision": 1,
        "base_elevation_m": 12.4,
        "height_m": 3.1,
        "vertical_reference": "DEMO-BM-01 fictional zero datum; not national MSL",
        "building_id": "B15",
        "internal_3d_id": "DEMO-3D-ANCHOR-B15:4"
      },
      "geometry": {
        "type": "Polygon",
        "coordinates": [
          [
            [
              107,
              2
            ],
            [
              124,
              2
            ],
            [
              124,
              14
            ],
            [
              117.88,
              14
            ],
            [
              117.88,
              12.2
            ],
            [
              107,
              12.2
            ],
            [
              107,
              2
            ]
          ]
        ]
      }
    },
    {
      "type": "Feature",
      "id": "B16-SHOWCASE-F0",
      "properties": {
        "level": 0,
        "buildingId": "B16",
        "floor_id": "B16-SHOWCASE-F0",
        "name": "Ground floor",
        "classification": "synthetic",
        "source_revision": "source-showcase-1",
        "geometry_status": "authored_synthetic",
        "geometry_note": "Author-provided fictional geometry; not AI extraction or survey evidence.",
        "geometry_id": "B16-SHOWCASE-F0-shape-v1",
        "geometry_revision": 1,
        "base_elevation_m": 0.0,
        "height_m": 3.1,
        "vertical_reference": "DEMO-BM-01 fictional zero datum; not national MSL",
        "building_id": "B16",
        "internal_3d_id": "DEMO-3D-ANCHOR-B16:0"
      },
      "geometry": {
        "type": "Polygon",
        "coordinates": [
          [
            [
              132,
              2
            ],
            [
              149,
              2
            ],
            [
              149,
              14
            ],
            [
              142.88,
              14
            ],
            [
              142.88,
              12.2
            ],
            [
              132,
              12.2
            ],
            [
              132,
              2
            ]
          ]
        ]
      }
    },
    {
      "type": "Feature",
      "id": "B16-SHOWCASE-F1",
      "properties": {
        "level": 1,
        "buildingId": "B16",
        "floor_id": "B16-SHOWCASE-F1",
        "name": "Floor 1",
        "classification": "synthetic",
        "source_revision": "source-showcase-1",
        "geometry_status": "authored_synthetic",
        "geometry_note": "Author-provided fictional geometry; not AI extraction or survey evidence.",
        "geometry_id": "B16-SHOWCASE-F1-shape-v1",
        "geometry_revision": 1,
        "base_elevation_m": 3.1,
        "height_m": 3.1,
        "vertical_reference": "DEMO-BM-01 fictional zero datum; not national MSL",
        "building_id": "B16",
        "internal_3d_id": "DEMO-3D-ANCHOR-B16:1"
      },
      "geometry": {
        "type": "Polygon",
        "coordinates": [
          [
            [
              132,
              2
            ],
            [
              149,
              2
            ],
            [
              149,
              14
            ],
            [
              142.88,
              14
            ],
            [
              142.88,
              12.2
            ],
            [
              132,
              12.2
            ],
            [
              132,
              2
            ]
          ]
        ]
      }
    },
    {
      "type": "Feature",
      "id": "B16-SHOWCASE-F2",
      "properties": {
        "level": 2,
        "buildingId": "B16",
        "floor_id": "B16-SHOWCASE-F2",
        "name": "Floor 2",
        "classification": "synthetic",
        "source_revision": "source-showcase-1",
        "geometry_status": "authored_synthetic",
        "geometry_note": "Author-provided fictional geometry; not AI extraction or survey evidence.",
        "geometry_id": "B16-SHOWCASE-F2-shape-v1",
        "geometry_revision": 1,
        "base_elevation_m": 6.2,
        "height_m": 3.1,
        "vertical_reference": "DEMO-BM-01 fictional zero datum; not national MSL",
        "building_id": "B16",
        "internal_3d_id": "DEMO-3D-ANCHOR-B16:2"
      },
      "geometry": {
        "type": "Polygon",
        "coordinates": [
          [
            [
              132,
              2
            ],
            [
              149,
              2
            ],
            [
              149,
              14
            ],
            [
              142.88,
              14
            ],
            [
              142.88,
              12.2
            ],
            [
              132,
              12.2
            ],
            [
              132,
              2
            ]
          ]
        ]
      }
    },
    {
      "type": "Feature",
      "id": "B17-SHOWCASE-F0",
      "properties": {
        "level": 0,
        "buildingId": "B17",
        "floor_id": "B17-SHOWCASE-F0",
        "name": "Ground floor",
        "classification": "synthetic",
        "source_revision": "source-showcase-1",
        "geometry_status": "authored_synthetic",
        "geometry_note": "Author-provided fictional geometry; not AI extraction or survey evidence.",
        "geometry_id": "B17-SHOWCASE-F0-shape-v1",
        "geometry_revision": 1,
        "base_elevation_m": 0.0,
        "height_m": 3.1,
        "vertical_reference": "DEMO-BM-01 fictional zero datum; not national MSL",
        "building_id": "B17",
        "internal_3d_id": "DEMO-3D-ANCHOR-B17:0"
      },
      "geometry": {
        "type": "Polygon",
        "coordinates": [
          [
            [
              9,
              148
            ],
            [
              23,
              148
            ],
            [
              23,
              156
            ],
            [
              17.96,
              156
            ],
            [
              17.96,
              154.2
            ],
            [
              9,
              154.2
            ],
            [
              9,
              148
            ]
          ]
        ]
      }
    },
    {
      "type": "Feature",
      "id": "B17-SHOWCASE-F1",
      "properties": {
        "level": 1,
        "buildingId": "B17",
        "floor_id": "B17-SHOWCASE-F1",
        "name": "Floor 1",
        "classification": "synthetic",
        "source_revision": "source-showcase-1",
        "geometry_status": "authored_synthetic",
        "geometry_note": "Author-provided fictional geometry; not AI extraction or survey evidence.",
        "geometry_id": "B17-SHOWCASE-F1-shape-v1",
        "geometry_revision": 1,
        "base_elevation_m": 3.1,
        "height_m": 3.1,
        "vertical_reference": "DEMO-BM-01 fictional zero datum; not national MSL",
        "building_id": "B17",
        "internal_3d_id": "DEMO-3D-ANCHOR-B17:1"
      },
      "geometry": {
        "type": "Polygon",
        "coordinates": [
          [
            [
              9,
              148
            ],
            [
              23,
              148
            ],
            [
              23,
              156
            ],
            [
              17.96,
              156
            ],
            [
              17.96,
              154.2
            ],
            [
              9,
              154.2
            ],
            [
              9,
              148
            ]
          ]
        ]
      }
    },
    {
      "type": "Feature",
      "id": "B17-SHOWCASE-F2",
      "properties": {
        "level": 2,
        "buildingId": "B17",
        "floor_id": "B17-SHOWCASE-F2",
        "name": "Floor 2",
        "classification": "synthetic",
        "source_revision": "source-showcase-1",
        "geometry_status": "authored_synthetic",
        "geometry_note": "Author-provided fictional geometry; not AI extraction or survey evidence.",
        "geometry_id": "B17-SHOWCASE-F2-shape-v1",
        "geometry_revision": 1,
        "base_elevation_m": 6.2,
        "height_m": 3.1,
        "vertical_reference": "DEMO-BM-01 fictional zero datum; not national MSL",
        "building_id": "B17",
        "internal_3d_id": "DEMO-3D-ANCHOR-B17:2"
      },
      "geometry": {
        "type": "Polygon",
        "coordinates": [
          [
            [
              9,
              148
            ],
            [
              23,
              148
            ],
            [
              23,
              156
            ],
            [
              17.96,
              156
            ],
            [
              17.96,
              154.2
            ],
            [
              9,
              154.2
            ],
            [
              9,
              148
            ]
          ]
        ]
      }
    },
    {
      "type": "Feature",
      "id": "B17-SHOWCASE-F3",
      "properties": {
        "level": 3,
        "buildingId": "B17",
        "floor_id": "B17-SHOWCASE-F3",
        "name": "Floor 3",
        "classification": "synthetic",
        "source_revision": "source-showcase-1",
        "geometry_status": "authored_synthetic",
        "geometry_note": "Author-provided fictional geometry; not AI extraction or survey evidence.",
        "geometry_id": "B17-SHOWCASE-F3-shape-v1",
        "geometry_revision": 1,
        "base_elevation_m": 9.3,
        "height_m": 3.1,
        "vertical_reference": "DEMO-BM-01 fictional zero datum; not national MSL",
        "building_id": "B17",
        "internal_3d_id": "DEMO-3D-ANCHOR-B17:3"
      },
      "geometry": {
        "type": "Polygon",
        "coordinates": [
          [
            [
              9,
              148
            ],
            [
              23,
              148
            ],
            [
              23,
              156
            ],
            [
              17.96,
              156
            ],
            [
              17.96,
              154.2
            ],
            [
              9,
              154.2
            ],
            [
              9,
              148
            ]
          ]
        ]
      }
    },
    {
      "type": "Feature",
      "id": "B18-SHOWCASE-F0",
      "properties": {
        "level": 0,
        "buildingId": "B18",
        "floor_id": "B18-SHOWCASE-F0",
        "name": "Ground floor",
        "classification": "synthetic",
        "source_revision": "source-showcase-1",
        "geometry_status": "authored_synthetic",
        "geometry_note": "Author-provided fictional geometry; not AI extraction or survey evidence.",
        "geometry_id": "B18-SHOWCASE-F0-shape-v1",
        "geometry_revision": 1,
        "base_elevation_m": 0.0,
        "height_m": 3.1,
        "vertical_reference": "DEMO-BM-01 fictional zero datum; not national MSL",
        "building_id": "B18",
        "internal_3d_id": "DEMO-3D-ANCHOR-B18:0"
      },
      "geometry": {
        "type": "Polygon",
        "coordinates": [
          [
            [
              30,
              148
            ],
            [
              44,
              148
            ],
            [
              44,
              156
            ],
            [
              38.96,
              156
            ],
            [
              38.96,
              154.2
            ],
            [
              30,
              154.2
            ],
            [
              30,
              148
            ]
          ]
        ]
      }
    },
    {
      "type": "Feature",
      "id": "B18-SHOWCASE-F1",
      "properties": {
        "level": 1,
        "buildingId": "B18",
        "floor_id": "B18-SHOWCASE-F1",
        "name": "Floor 1",
        "classification": "synthetic",
        "source_revision": "source-showcase-1",
        "geometry_status": "authored_synthetic",
        "geometry_note": "Author-provided fictional geometry; not AI extraction or survey evidence.",
        "geometry_id": "B18-SHOWCASE-F1-shape-v1",
        "geometry_revision": 1,
        "base_elevation_m": 3.1,
        "height_m": 3.1,
        "vertical_reference": "DEMO-BM-01 fictional zero datum; not national MSL",
        "building_id": "B18",
        "internal_3d_id": "DEMO-3D-ANCHOR-B18:1"
      },
      "geometry": {
        "type": "Polygon",
        "coordinates": [
          [
            [
              30,
              148
            ],
            [
              44,
              148
            ],
            [
              44,
              156
            ],
            [
              38.96,
              156
            ],
            [
              38.96,
              154.2
            ],
            [
              30,
              154.2
            ],
            [
              30,
              148
            ]
          ]
        ]
      }
    },
    {
      "type": "Feature",
      "id": "B18-SHOWCASE-F2",
      "properties": {
        "level": 2,
        "buildingId": "B18",
        "floor_id": "B18-SHOWCASE-F2",
        "name": "Floor 2",
        "classification": "synthetic",
        "source_revision": "source-showcase-1",
        "geometry_status": "authored_synthetic",
        "geometry_note": "Author-provided fictional geometry; not AI extraction or survey evidence.",
        "geometry_id": "B18-SHOWCASE-F2-shape-v1",
        "geometry_revision": 1,
        "base_elevation_m": 6.2,
        "height_m": 3.1,
        "vertical_reference": "DEMO-BM-01 fictional zero datum; not national MSL",
        "building_id": "B18",
        "internal_3d_id": "DEMO-3D-ANCHOR-B18:2"
      },
      "geometry": {
        "type": "Polygon",
        "coordinates": [
          [
            [
              30,
              148
            ],
            [
              44,
              148
            ],
            [
              44,
              156
            ],
            [
              38.96,
              156
            ],
            [
              38.96,
              154.2
            ],
            [
              30,
              154.2
            ],
            [
              30,
              148
            ]
          ]
        ]
      }
    },
    {
      "type": "Feature",
      "id": "B18-SHOWCASE-F3",
      "properties": {
        "level": 3,
        "buildingId": "B18",
        "floor_id": "B18-SHOWCASE-F3",
        "name": "Floor 3",
        "classification": "synthetic",
        "source_revision": "source-showcase-1",
        "geometry_status": "authored_synthetic",
        "geometry_note": "Author-provided fictional geometry; not AI extraction or survey evidence.",
        "geometry_id": "B18-SHOWCASE-F3-shape-v1",
        "geometry_revision": 1,
        "base_elevation_m": 9.3,
        "height_m": 3.1,
        "vertical_reference": "DEMO-BM-01 fictional zero datum; not national MSL",
        "building_id": "B18",
        "internal_3d_id": "DEMO-3D-ANCHOR-B18:3"
      },
      "geometry": {
        "type": "Polygon",
        "coordinates": [
          [
            [
              30,
              148
            ],
            [
              44,
              148
            ],
            [
              44,
              156
            ],
            [
              38.96,
              156
            ],
            [
              38.96,
              154.2
            ],
            [
              30,
              154.2
            ],
            [
              30,
              148
            ]
          ]
        ]
      }
    },
    {
      "type": "Feature",
      "id": "B18-SHOWCASE-F4",
      "properties": {
        "level": 4,
        "buildingId": "B18",
        "floor_id": "B18-SHOWCASE-F4",
        "name": "Floor 4",
        "classification": "synthetic",
        "source_revision": "source-showcase-1",
        "geometry_status": "authored_synthetic",
        "geometry_note": "Author-provided fictional geometry; not AI extraction or survey evidence.",
        "geometry_id": "B18-SHOWCASE-F4-shape-v1",
        "geometry_revision": 1,
        "base_elevation_m": 12.4,
        "height_m": 3.1,
        "vertical_reference": "DEMO-BM-01 fictional zero datum; not national MSL",
        "building_id": "B18",
        "internal_3d_id": "DEMO-3D-ANCHOR-B18:4"
      },
      "geometry": {
        "type": "Polygon",
        "coordinates": [
          [
            [
              30,
              148
            ],
            [
              44,
              148
            ],
            [
              44,
              156
            ],
            [
              38.96,
              156
            ],
            [
              38.96,
              154.2
            ],
            [
              30,
              154.2
            ],
            [
              30,
              148
            ]
          ]
        ]
      }
    },
    {
      "type": "Feature",
      "id": "B19-SHOWCASE-F0",
      "properties": {
        "level": 0,
        "buildingId": "B19",
        "floor_id": "B19-SHOWCASE-F0",
        "name": "Ground floor",
        "classification": "synthetic",
        "source_revision": "source-showcase-1",
        "geometry_status": "authored_synthetic",
        "geometry_note": "Author-provided fictional geometry; not AI extraction or survey evidence.",
        "geometry_id": "B19-SHOWCASE-F0-shape-v1",
        "geometry_revision": 1,
        "base_elevation_m": 0.0,
        "height_m": 3.1,
        "vertical_reference": "DEMO-BM-01 fictional zero datum; not national MSL",
        "building_id": "B19",
        "internal_3d_id": "DEMO-3D-ANCHOR-B19:0"
      },
      "geometry": {
        "type": "Polygon",
        "coordinates": [
          [
            [
              51,
              148
            ],
            [
              63,
              148
            ],
            [
              63,
              156
            ],
            [
              58.68,
              156
            ],
            [
              58.68,
              154.2
            ],
            [
              51,
              154.2
            ],
            [
              51,
              148
            ]
          ]
        ]
      }
    },
    {
      "type": "Feature",
      "id": "B19-SHOWCASE-F1",
      "properties": {
        "level": 1,
        "buildingId": "B19",
        "floor_id": "B19-SHOWCASE-F1",
        "name": "Floor 1",
        "classification": "synthetic",
        "source_revision": "source-showcase-1",
        "geometry_status": "authored_synthetic",
        "geometry_note": "Author-provided fictional geometry; not AI extraction or survey evidence.",
        "geometry_id": "B19-SHOWCASE-F1-shape-v1",
        "geometry_revision": 1,
        "base_elevation_m": 3.1,
        "height_m": 3.1,
        "vertical_reference": "DEMO-BM-01 fictional zero datum; not national MSL",
        "building_id": "B19",
        "internal_3d_id": "DEMO-3D-ANCHOR-B19:1"
      },
      "geometry": {
        "type": "Polygon",
        "coordinates": [
          [
            [
              51,
              148
            ],
            [
              63,
              148
            ],
            [
              63,
              156
            ],
            [
              58.68,
              156
            ],
            [
              58.68,
              154.2
            ],
            [
              51,
              154.2
            ],
            [
              51,
              148
            ]
          ]
        ]
      }
    },
    {
      "type": "Feature",
      "id": "B19-SHOWCASE-F2",
      "properties": {
        "level": 2,
        "buildingId": "B19",
        "floor_id": "B19-SHOWCASE-F2",
        "name": "Floor 2",
        "classification": "synthetic",
        "source_revision": "source-showcase-1",
        "geometry_status": "authored_synthetic",
        "geometry_note": "Author-provided fictional geometry; not AI extraction or survey evidence.",
        "geometry_id": "B19-SHOWCASE-F2-shape-v1",
        "geometry_revision": 1,
        "base_elevation_m": 6.2,
        "height_m": 3.1,
        "vertical_reference": "DEMO-BM-01 fictional zero datum; not national MSL",
        "building_id": "B19",
        "internal_3d_id": "DEMO-3D-ANCHOR-B19:2"
      },
      "geometry": {
        "type": "Polygon",
        "coordinates": [
          [
            [
              51,
              148
            ],
            [
              63,
              148
            ],
            [
              63,
              156
            ],
            [
              58.68,
              156
            ],
            [
              58.68,
              154.2
            ],
            [
              51,
              154.2
            ],
            [
              51,
              148
            ]
          ]
        ]
      }
    },
    {
      "type": "Feature",
      "id": "B20-SHOWCASE-F0",
      "properties": {
        "level": 0,
        "buildingId": "B20",
        "floor_id": "B20-SHOWCASE-F0",
        "name": "Ground floor",
        "classification": "synthetic",
        "source_revision": "source-showcase-1",
        "geometry_status": "authored_synthetic",
        "geometry_note": "Author-provided fictional geometry; not AI extraction or survey evidence.",
        "geometry_id": "B20-SHOWCASE-F0-shape-v1",
        "geometry_revision": 1,
        "base_elevation_m": 0.0,
        "height_m": 3.1,
        "vertical_reference": "DEMO-BM-01 fictional zero datum; not national MSL",
        "building_id": "B20",
        "internal_3d_id": "DEMO-3D-ANCHOR-B20:0"
      },
      "geometry": {
        "type": "Polygon",
        "coordinates": [
          [
            [
              71,
              148
            ],
            [
              88,
              148
            ],
            [
              88,
              156
            ],
            [
              81.88,
              156
            ],
            [
              81.88,
              154.2
            ],
            [
              71,
              154.2
            ],
            [
              71,
              148
            ]
          ]
        ]
      }
    },
    {
      "type": "Feature",
      "id": "B20-SHOWCASE-F1",
      "properties": {
        "level": 1,
        "buildingId": "B20",
        "floor_id": "B20-SHOWCASE-F1",
        "name": "Floor 1",
        "classification": "synthetic",
        "source_revision": "source-showcase-1",
        "geometry_status": "authored_synthetic",
        "geometry_note": "Author-provided fictional geometry; not AI extraction or survey evidence.",
        "geometry_id": "B20-SHOWCASE-F1-shape-v1",
        "geometry_revision": 1,
        "base_elevation_m": 3.1,
        "height_m": 3.1,
        "vertical_reference": "DEMO-BM-01 fictional zero datum; not national MSL",
        "building_id": "B20",
        "internal_3d_id": "DEMO-3D-ANCHOR-B20:1"
      },
      "geometry": {
        "type": "Polygon",
        "coordinates": [
          [
            [
              71,
              148
            ],
            [
              88,
              148
            ],
            [
              88,
              156
            ],
            [
              81.88,
              156
            ],
            [
              81.88,
              154.2
            ],
            [
              71,
              154.2
            ],
            [
              71,
              148
            ]
          ]
        ]
      }
    },
    {
      "type": "Feature",
      "id": "B20-SHOWCASE-F2",
      "properties": {
        "level": 2,
        "buildingId": "B20",
        "floor_id": "B20-SHOWCASE-F2",
        "name": "Floor 2",
        "classification": "synthetic",
        "source_revision": "source-showcase-1",
        "geometry_status": "authored_synthetic",
        "geometry_note": "Author-provided fictional geometry; not AI extraction or survey evidence.",
        "geometry_id": "B20-SHOWCASE-F2-shape-v1",
        "geometry_revision": 1,
        "base_elevation_m": 6.2,
        "height_m": 3.1,
        "vertical_reference": "DEMO-BM-01 fictional zero datum; not national MSL",
        "building_id": "B20",
        "internal_3d_id": "DEMO-3D-ANCHOR-B20:2"
      },
      "geometry": {
        "type": "Polygon",
        "coordinates": [
          [
            [
              71,
              148
            ],
            [
              88,
              148
            ],
            [
              88,
              156
            ],
            [
              81.88,
              156
            ],
            [
              81.88,
              154.2
            ],
            [
              71,
              154.2
            ],
            [
              71,
              148
            ]
          ]
        ]
      }
    },
    {
      "type": "Feature",
      "id": "B20-SHOWCASE-F3",
      "properties": {
        "level": 3,
        "buildingId": "B20",
        "floor_id": "B20-SHOWCASE-F3",
        "name": "Floor 3",
        "classification": "synthetic",
        "source_revision": "source-showcase-1",
        "geometry_status": "authored_synthetic",
        "geometry_note": "Author-provided fictional geometry; not AI extraction or survey evidence.",
        "geometry_id": "B20-SHOWCASE-F3-shape-v1",
        "geometry_revision": 1,
        "base_elevation_m": 9.3,
        "height_m": 3.1,
        "vertical_reference": "DEMO-BM-01 fictional zero datum; not national MSL",
        "building_id": "B20",
        "internal_3d_id": "DEMO-3D-ANCHOR-B20:3"
      },
      "geometry": {
        "type": "Polygon",
        "coordinates": [
          [
            [
              71,
              148
            ],
            [
              88,
              148
            ],
            [
              88,
              156
            ],
            [
              81.88,
              156
            ],
            [
              81.88,
              154.2
            ],
            [
              71,
              154.2
            ],
            [
              71,
              148
            ]
          ]
        ]
      }
    },
    {
      "type": "Feature",
      "id": "B21-SHOWCASE-F0",
      "properties": {
        "level": 0,
        "buildingId": "B21",
        "floor_id": "B21-SHOWCASE-F0",
        "name": "Ground floor",
        "classification": "synthetic",
        "source_revision": "source-showcase-1",
        "geometry_status": "authored_synthetic",
        "geometry_note": "Author-provided fictional geometry; not AI extraction or survey evidence.",
        "geometry_id": "B21-SHOWCASE-F0-shape-v1",
        "geometry_revision": 1,
        "base_elevation_m": 0.0,
        "height_m": 3.1,
        "vertical_reference": "DEMO-BM-01 fictional zero datum; not national MSL",
        "building_id": "B21",
        "internal_3d_id": "DEMO-3D-ANCHOR-B21:0"
      },
      "geometry": {
        "type": "Polygon",
        "coordinates": [
          [
            [
              107,
              148
            ],
            [
              124,
              148
            ],
            [
              124,
              156
            ],
            [
              117.88,
              156
            ],
            [
              117.88,
              154.2
            ],
            [
              107,
              154.2
            ],
            [
              107,
              148
            ]
          ]
        ]
      }
    },
    {
      "type": "Feature",
      "id": "B21-SHOWCASE-F1",
      "properties": {
        "level": 1,
        "buildingId": "B21",
        "floor_id": "B21-SHOWCASE-F1",
        "name": "Floor 1",
        "classification": "synthetic",
        "source_revision": "source-showcase-1",
        "geometry_status": "authored_synthetic",
        "geometry_note": "Author-provided fictional geometry; not AI extraction or survey evidence.",
        "geometry_id": "B21-SHOWCASE-F1-shape-v1",
        "geometry_revision": 1,
        "base_elevation_m": 3.1,
        "height_m": 3.1,
        "vertical_reference": "DEMO-BM-01 fictional zero datum; not national MSL",
        "building_id": "B21",
        "internal_3d_id": "DEMO-3D-ANCHOR-B21:1"
      },
      "geometry": {
        "type": "Polygon",
        "coordinates": [
          [
            [
              107,
              148
            ],
            [
              124,
              148
            ],
            [
              124,
              156
            ],
            [
              117.88,
              156
            ],
            [
              117.88,
              154.2
            ],
            [
              107,
              154.2
            ],
            [
              107,
              148
            ]
          ]
        ]
      }
    },
    {
      "type": "Feature",
      "id": "B21-SHOWCASE-F2",
      "properties": {
        "level": 2,
        "buildingId": "B21",
        "floor_id": "B21-SHOWCASE-F2",
        "name": "Floor 2",
        "classification": "synthetic",
        "source_revision": "source-showcase-1",
        "geometry_status": "authored_synthetic",
        "geometry_note": "Author-provided fictional geometry; not AI extraction or survey evidence.",
        "geometry_id": "B21-SHOWCASE-F2-shape-v1",
        "geometry_revision": 1,
        "base_elevation_m": 6.2,
        "height_m": 3.1,
        "vertical_reference": "DEMO-BM-01 fictional zero datum; not national MSL",
        "building_id": "B21",
        "internal_3d_id": "DEMO-3D-ANCHOR-B21:2"
      },
      "geometry": {
        "type": "Polygon",
        "coordinates": [
          [
            [
              107,
              148
            ],
            [
              124,
              148
            ],
            [
              124,
              156
            ],
            [
              117.88,
              156
            ],
            [
              117.88,
              154.2
            ],
            [
              107,
              154.2
            ],
            [
              107,
              148
            ]
          ]
        ]
      }
    },
    {
      "type": "Feature",
      "id": "B21-SHOWCASE-F3",
      "properties": {
        "level": 3,
        "buildingId": "B21",
        "floor_id": "B21-SHOWCASE-F3",
        "name": "Floor 3",
        "classification": "synthetic",
        "source_revision": "source-showcase-1",
        "geometry_status": "authored_synthetic",
        "geometry_note": "Author-provided fictional geometry; not AI extraction or survey evidence.",
        "geometry_id": "B21-SHOWCASE-F3-shape-v1",
        "geometry_revision": 1,
        "base_elevation_m": 9.3,
        "height_m": 3.1,
        "vertical_reference": "DEMO-BM-01 fictional zero datum; not national MSL",
        "building_id": "B21",
        "internal_3d_id": "DEMO-3D-ANCHOR-B21:3"
      },
      "geometry": {
        "type": "Polygon",
        "coordinates": [
          [
            [
              107,
              148
            ],
            [
              124,
              148
            ],
            [
              124,
              156
            ],
            [
              117.88,
              156
            ],
            [
              117.88,
              154.2
            ],
            [
              107,
              154.2
            ],
            [
              107,
              148
            ]
          ]
        ]
      }
    },
    {
      "type": "Feature",
      "id": "B21-SHOWCASE-F4",
      "properties": {
        "level": 4,
        "buildingId": "B21",
        "floor_id": "B21-SHOWCASE-F4",
        "name": "Floor 4",
        "classification": "synthetic",
        "source_revision": "source-showcase-1",
        "geometry_status": "authored_synthetic",
        "geometry_note": "Author-provided fictional geometry; not AI extraction or survey evidence.",
        "geometry_id": "B21-SHOWCASE-F4-shape-v1",
        "geometry_revision": 1,
        "base_elevation_m": 12.4,
        "height_m": 3.1,
        "vertical_reference": "DEMO-BM-01 fictional zero datum; not national MSL",
        "building_id": "B21",
        "internal_3d_id": "DEMO-3D-ANCHOR-B21:4"
      },
      "geometry": {
        "type": "Polygon",
        "coordinates": [
          [
            [
              107,
              148
            ],
            [
              124,
              148
            ],
            [
              124,
              156
            ],
            [
              117.88,
              156
            ],
            [
              117.88,
              154.2
            ],
            [
              107,
              154.2
            ],
            [
              107,
              148
            ]
          ]
        ]
      }
    },
    {
      "type": "Feature",
      "id": "B22-SHOWCASE-F0",
      "properties": {
        "level": 0,
        "buildingId": "B22",
        "floor_id": "B22-SHOWCASE-F0",
        "name": "Ground floor",
        "classification": "synthetic",
        "source_revision": "source-showcase-1",
        "geometry_status": "authored_synthetic",
        "geometry_note": "Author-provided fictional geometry; not AI extraction or survey evidence.",
        "geometry_id": "B22-SHOWCASE-F0-shape-v1",
        "geometry_revision": 1,
        "base_elevation_m": 0.0,
        "height_m": 3.1,
        "vertical_reference": "DEMO-BM-01 fictional zero datum; not national MSL",
        "building_id": "B22",
        "internal_3d_id": "DEMO-3D-ANCHOR-B22:0"
      },
      "geometry": {
        "type": "Polygon",
        "coordinates": [
          [
            [
              132,
              148
            ],
            [
              149,
              148
            ],
            [
              149,
              156
            ],
            [
              142.88,
              156
            ],
            [
              142.88,
              154.2
            ],
            [
              132,
              154.2
            ],
            [
              132,
              148
            ]
          ]
        ]
      }
    },
    {
      "type": "Feature",
      "id": "B22-SHOWCASE-F1",
      "properties": {
        "level": 1,
        "buildingId": "B22",
        "floor_id": "B22-SHOWCASE-F1",
        "name": "Floor 1",
        "classification": "synthetic",
        "source_revision": "source-showcase-1",
        "geometry_status": "authored_synthetic",
        "geometry_note": "Author-provided fictional geometry; not AI extraction or survey evidence.",
        "geometry_id": "B22-SHOWCASE-F1-shape-v1",
        "geometry_revision": 1,
        "base_elevation_m": 3.1,
        "height_m": 3.1,
        "vertical_reference": "DEMO-BM-01 fictional zero datum; not national MSL",
        "building_id": "B22",
        "internal_3d_id": "DEMO-3D-ANCHOR-B22:1"
      },
      "geometry": {
        "type": "Polygon",
        "coordinates": [
          [
            [
              132,
              148
            ],
            [
              149,
              148
            ],
            [
              149,
              156
            ],
            [
              142.88,
              156
            ],
            [
              142.88,
              154.2
            ],
            [
              132,
              154.2
            ],
            [
              132,
              148
            ]
          ]
        ]
      }
    },
    {
      "type": "Feature",
      "id": "B22-SHOWCASE-F2",
      "properties": {
        "level": 2,
        "buildingId": "B22",
        "floor_id": "B22-SHOWCASE-F2",
        "name": "Floor 2",
        "classification": "synthetic",
        "source_revision": "source-showcase-1",
        "geometry_status": "authored_synthetic",
        "geometry_note": "Author-provided fictional geometry; not AI extraction or survey evidence.",
        "geometry_id": "B22-SHOWCASE-F2-shape-v1",
        "geometry_revision": 1,
        "base_elevation_m": 6.2,
        "height_m": 3.1,
        "vertical_reference": "DEMO-BM-01 fictional zero datum; not national MSL",
        "building_id": "B22",
        "internal_3d_id": "DEMO-3D-ANCHOR-B22:2"
      },
      "geometry": {
        "type": "Polygon",
        "coordinates": [
          [
            [
              132,
              148
            ],
            [
              149,
              148
            ],
            [
              149,
              156
            ],
            [
              142.88,
              156
            ],
            [
              142.88,
              154.2
            ],
            [
              132,
              154.2
            ],
            [
              132,
              148
            ]
          ]
        ]
      }
    },
    {
      "type": "Feature",
      "id": "B23-SHOWCASE-F0",
      "properties": {
        "level": 0,
        "buildingId": "B23",
        "floor_id": "B23-SHOWCASE-F0",
        "name": "Ground floor",
        "classification": "synthetic",
        "source_revision": "source-showcase-1",
        "geometry_status": "authored_synthetic",
        "geometry_note": "Author-provided fictional geometry; not AI extraction or survey evidence.",
        "geometry_id": "B23-SHOWCASE-F0-shape-v1",
        "geometry_revision": 1,
        "base_elevation_m": 0.0,
        "height_m": 3.1,
        "vertical_reference": "DEMO-BM-01 fictional zero datum; not national MSL",
        "building_id": "B23",
        "internal_3d_id": "DEMO-3D-ANCHOR-B23:0"
      },
      "geometry": {
        "type": "Polygon",
        "coordinates": [
          [
            [
              67,
              30
            ],
            [
              84,
              30
            ],
            [
              84,
              49
            ],
            [
              77.88,
              49
            ],
            [
              77.88,
              47.2
            ],
            [
              67,
              47.2
            ],
            [
              67,
              30
            ]
          ]
        ]
      }
    },
    {
      "type": "Feature",
      "id": "B23-SHOWCASE-F1",
      "properties": {
        "level": 1,
        "buildingId": "B23",
        "floor_id": "B23-SHOWCASE-F1",
        "name": "Floor 1",
        "classification": "synthetic",
        "source_revision": "source-showcase-1",
        "geometry_status": "authored_synthetic",
        "geometry_note": "Author-provided fictional geometry; not AI extraction or survey evidence.",
        "geometry_id": "B23-SHOWCASE-F1-shape-v1",
        "geometry_revision": 1,
        "base_elevation_m": 3.1,
        "height_m": 3.1,
        "vertical_reference": "DEMO-BM-01 fictional zero datum; not national MSL",
        "building_id": "B23",
        "internal_3d_id": "DEMO-3D-ANCHOR-B23:1"
      },
      "geometry": {
        "type": "Polygon",
        "coordinates": [
          [
            [
              67,
              30
            ],
            [
              84,
              30
            ],
            [
              84,
              49
            ],
            [
              77.88,
              49
            ],
            [
              77.88,
              47.2
            ],
            [
              67,
              47.2
            ],
            [
              67,
              30
            ]
          ]
        ]
      }
    },
    {
      "type": "Feature",
      "id": "B23-SHOWCASE-F2",
      "properties": {
        "level": 2,
        "buildingId": "B23",
        "floor_id": "B23-SHOWCASE-F2",
        "name": "Floor 2",
        "classification": "synthetic",
        "source_revision": "source-showcase-1",
        "geometry_status": "authored_synthetic",
        "geometry_note": "Author-provided fictional geometry; not AI extraction or survey evidence.",
        "geometry_id": "B23-SHOWCASE-F2-shape-v1",
        "geometry_revision": 1,
        "base_elevation_m": 6.2,
        "height_m": 3.1,
        "vertical_reference": "DEMO-BM-01 fictional zero datum; not national MSL",
        "building_id": "B23",
        "internal_3d_id": "DEMO-3D-ANCHOR-B23:2"
      },
      "geometry": {
        "type": "Polygon",
        "coordinates": [
          [
            [
              67,
              30
            ],
            [
              84,
              30
            ],
            [
              84,
              49
            ],
            [
              77.88,
              49
            ],
            [
              77.88,
              47.2
            ],
            [
              67,
              47.2
            ],
            [
              67,
              30
            ]
          ]
        ]
      }
    },
    {
      "type": "Feature",
      "id": "B24-SHOWCASE-F0",
      "properties": {
        "level": 0,
        "buildingId": "B24",
        "floor_id": "B24-SHOWCASE-F0",
        "name": "Ground floor",
        "classification": "synthetic",
        "source_revision": "source-showcase-1",
        "geometry_status": "authored_synthetic",
        "geometry_note": "Author-provided fictional geometry; not AI extraction or survey evidence.",
        "geometry_id": "B24-SHOWCASE-F0-shape-v1",
        "geometry_revision": 1,
        "base_elevation_m": 0.0,
        "height_m": 3.1,
        "vertical_reference": "DEMO-BM-01 fictional zero datum; not national MSL",
        "building_id": "B24",
        "internal_3d_id": "DEMO-3D-ANCHOR-B24:0"
      },
      "geometry": {
        "type": "Polygon",
        "coordinates": [
          [
            [
              107,
              30
            ],
            [
              124,
              30
            ],
            [
              124,
              49
            ],
            [
              117.88,
              49
            ],
            [
              117.88,
              47.2
            ],
            [
              107,
              47.2
            ],
            [
              107,
              30
            ]
          ]
        ]
      }
    },
    {
      "type": "Feature",
      "id": "B24-SHOWCASE-F1",
      "properties": {
        "level": 1,
        "buildingId": "B24",
        "floor_id": "B24-SHOWCASE-F1",
        "name": "Floor 1",
        "classification": "synthetic",
        "source_revision": "source-showcase-1",
        "geometry_status": "authored_synthetic",
        "geometry_note": "Author-provided fictional geometry; not AI extraction or survey evidence.",
        "geometry_id": "B24-SHOWCASE-F1-shape-v1",
        "geometry_revision": 1,
        "base_elevation_m": 3.1,
        "height_m": 3.1,
        "vertical_reference": "DEMO-BM-01 fictional zero datum; not national MSL",
        "building_id": "B24",
        "internal_3d_id": "DEMO-3D-ANCHOR-B24:1"
      },
      "geometry": {
        "type": "Polygon",
        "coordinates": [
          [
            [
              107,
              30
            ],
            [
              124,
              30
            ],
            [
              124,
              49
            ],
            [
              117.88,
              49
            ],
            [
              117.88,
              47.2
            ],
            [
              107,
              47.2
            ],
            [
              107,
              30
            ]
          ]
        ]
      }
    },
    {
      "type": "Feature",
      "id": "B24-SHOWCASE-F2",
      "properties": {
        "level": 2,
        "buildingId": "B24",
        "floor_id": "B24-SHOWCASE-F2",
        "name": "Floor 2",
        "classification": "synthetic",
        "source_revision": "source-showcase-1",
        "geometry_status": "authored_synthetic",
        "geometry_note": "Author-provided fictional geometry; not AI extraction or survey evidence.",
        "geometry_id": "B24-SHOWCASE-F2-shape-v1",
        "geometry_revision": 1,
        "base_elevation_m": 6.2,
        "height_m": 3.1,
        "vertical_reference": "DEMO-BM-01 fictional zero datum; not national MSL",
        "building_id": "B24",
        "internal_3d_id": "DEMO-3D-ANCHOR-B24:2"
      },
      "geometry": {
        "type": "Polygon",
        "coordinates": [
          [
            [
              107,
              30
            ],
            [
              124,
              30
            ],
            [
              124,
              49
            ],
            [
              117.88,
              49
            ],
            [
              117.88,
              47.2
            ],
            [
              107,
              47.2
            ],
            [
              107,
              30
            ]
          ]
        ]
      }
    },
    {
      "type": "Feature",
      "id": "B24-SHOWCASE-F3",
      "properties": {
        "level": 3,
        "buildingId": "B24",
        "floor_id": "B24-SHOWCASE-F3",
        "name": "Floor 3",
        "classification": "synthetic",
        "source_revision": "source-showcase-1",
        "geometry_status": "authored_synthetic",
        "geometry_note": "Author-provided fictional geometry; not AI extraction or survey evidence.",
        "geometry_id": "B24-SHOWCASE-F3-shape-v1",
        "geometry_revision": 1,
        "base_elevation_m": 9.3,
        "height_m": 3.1,
        "vertical_reference": "DEMO-BM-01 fictional zero datum; not national MSL",
        "building_id": "B24",
        "internal_3d_id": "DEMO-3D-ANCHOR-B24:3"
      },
      "geometry": {
        "type": "Polygon",
        "coordinates": [
          [
            [
              107,
              30
            ],
            [
              124,
              30
            ],
            [
              124,
              49
            ],
            [
              117.88,
              49
            ],
            [
              117.88,
              47.2
            ],
            [
              107,
              47.2
            ],
            [
              107,
              30
            ]
          ]
        ]
      }
    },
    {
      "type": "Feature",
      "id": "B25-SHOWCASE-F0",
      "properties": {
        "level": 0,
        "buildingId": "B25",
        "floor_id": "B25-SHOWCASE-F0",
        "name": "Ground floor",
        "classification": "synthetic",
        "source_revision": "source-showcase-1",
        "geometry_status": "authored_synthetic",
        "geometry_note": "Author-provided fictional geometry; not AI extraction or survey evidence.",
        "geometry_id": "B25-SHOWCASE-F0-shape-v1",
        "geometry_revision": 1,
        "base_elevation_m": 0.0,
        "height_m": 3.1,
        "vertical_reference": "DEMO-BM-01 fictional zero datum; not national MSL",
        "building_id": "B25",
        "internal_3d_id": "DEMO-3D-ANCHOR-B25:0"
      },
      "geometry": {
        "type": "Polygon",
        "coordinates": [
          [
            [
              132,
              30
            ],
            [
              149,
              30
            ],
            [
              149,
              49
            ],
            [
              142.88,
              49
            ],
            [
              142.88,
              47.2
            ],
            [
              132,
              47.2
            ],
            [
              132,
              30
            ]
          ]
        ]
      }
    },
    {
      "type": "Feature",
      "id": "B25-SHOWCASE-F1",
      "properties": {
        "level": 1,
        "buildingId": "B25",
        "floor_id": "B25-SHOWCASE-F1",
        "name": "Floor 1",
        "classification": "synthetic",
        "source_revision": "source-showcase-1",
        "geometry_status": "authored_synthetic",
        "geometry_note": "Author-provided fictional geometry; not AI extraction or survey evidence.",
        "geometry_id": "B25-SHOWCASE-F1-shape-v1",
        "geometry_revision": 1,
        "base_elevation_m": 3.1,
        "height_m": 3.1,
        "vertical_reference": "DEMO-BM-01 fictional zero datum; not national MSL",
        "building_id": "B25",
        "internal_3d_id": "DEMO-3D-ANCHOR-B25:1"
      },
      "geometry": {
        "type": "Polygon",
        "coordinates": [
          [
            [
              132,
              30
            ],
            [
              149,
              30
            ],
            [
              149,
              49
            ],
            [
              142.88,
              49
            ],
            [
              142.88,
              47.2
            ],
            [
              132,
              47.2
            ],
            [
              132,
              30
            ]
          ]
        ]
      }
    },
    {
      "type": "Feature",
      "id": "B25-SHOWCASE-F2",
      "properties": {
        "level": 2,
        "buildingId": "B25",
        "floor_id": "B25-SHOWCASE-F2",
        "name": "Floor 2",
        "classification": "synthetic",
        "source_revision": "source-showcase-1",
        "geometry_status": "authored_synthetic",
        "geometry_note": "Author-provided fictional geometry; not AI extraction or survey evidence.",
        "geometry_id": "B25-SHOWCASE-F2-shape-v1",
        "geometry_revision": 1,
        "base_elevation_m": 6.2,
        "height_m": 3.1,
        "vertical_reference": "DEMO-BM-01 fictional zero datum; not national MSL",
        "building_id": "B25",
        "internal_3d_id": "DEMO-3D-ANCHOR-B25:2"
      },
      "geometry": {
        "type": "Polygon",
        "coordinates": [
          [
            [
              132,
              30
            ],
            [
              149,
              30
            ],
            [
              149,
              49
            ],
            [
              142.88,
              49
            ],
            [
              142.88,
              47.2
            ],
            [
              132,
              47.2
            ],
            [
              132,
              30
            ]
          ]
        ]
      }
    },
    {
      "type": "Feature",
      "id": "B26-SHOWCASE-F0",
      "properties": {
        "level": 0,
        "buildingId": "B26",
        "floor_id": "B26-SHOWCASE-F0",
        "name": "Ground floor",
        "classification": "synthetic",
        "source_revision": "source-showcase-1",
        "geometry_status": "authored_synthetic",
        "geometry_note": "Author-provided fictional geometry; not AI extraction or survey evidence.",
        "geometry_id": "B26-SHOWCASE-F0-shape-v1",
        "geometry_revision": 1,
        "base_elevation_m": 0.0,
        "height_m": 3.1,
        "vertical_reference": "DEMO-BM-01 fictional zero datum; not national MSL",
        "building_id": "B26",
        "internal_3d_id": "DEMO-3D-ANCHOR-B26:0"
      },
      "geometry": {
        "type": "Polygon",
        "coordinates": [
          [
            [
              -22,
              30
            ],
            [
              -5,
              30
            ],
            [
              -5,
              49
            ],
            [
              -11.12,
              49
            ],
            [
              -11.12,
              47.2
            ],
            [
              -22,
              47.2
            ],
            [
              -22,
              30
            ]
          ]
        ]
      }
    },
    {
      "type": "Feature",
      "id": "B26-SHOWCASE-F1",
      "properties": {
        "level": 1,
        "buildingId": "B26",
        "floor_id": "B26-SHOWCASE-F1",
        "name": "Floor 1",
        "classification": "synthetic",
        "source_revision": "source-showcase-1",
        "geometry_status": "authored_synthetic",
        "geometry_note": "Author-provided fictional geometry; not AI extraction or survey evidence.",
        "geometry_id": "B26-SHOWCASE-F1-shape-v1",
        "geometry_revision": 1,
        "base_elevation_m": 3.1,
        "height_m": 3.1,
        "vertical_reference": "DEMO-BM-01 fictional zero datum; not national MSL",
        "building_id": "B26",
        "internal_3d_id": "DEMO-3D-ANCHOR-B26:1"
      },
      "geometry": {
        "type": "Polygon",
        "coordinates": [
          [
            [
              -22,
              30
            ],
            [
              -5,
              30
            ],
            [
              -5,
              49
            ],
            [
              -11.12,
              49
            ],
            [
              -11.12,
              47.2
            ],
            [
              -22,
              47.2
            ],
            [
              -22,
              30
            ]
          ]
        ]
      }
    },
    {
      "type": "Feature",
      "id": "B26-SHOWCASE-F2",
      "properties": {
        "level": 2,
        "buildingId": "B26",
        "floor_id": "B26-SHOWCASE-F2",
        "name": "Floor 2",
        "classification": "synthetic",
        "source_revision": "source-showcase-1",
        "geometry_status": "authored_synthetic",
        "geometry_note": "Author-provided fictional geometry; not AI extraction or survey evidence.",
        "geometry_id": "B26-SHOWCASE-F2-shape-v1",
        "geometry_revision": 1,
        "base_elevation_m": 6.2,
        "height_m": 3.1,
        "vertical_reference": "DEMO-BM-01 fictional zero datum; not national MSL",
        "building_id": "B26",
        "internal_3d_id": "DEMO-3D-ANCHOR-B26:2"
      },
      "geometry": {
        "type": "Polygon",
        "coordinates": [
          [
            [
              -22,
              30
            ],
            [
              -5,
              30
            ],
            [
              -5,
              49
            ],
            [
              -11.12,
              49
            ],
            [
              -11.12,
              47.2
            ],
            [
              -22,
              47.2
            ],
            [
              -22,
              30
            ]
          ]
        ]
      }
    },
    {
      "type": "Feature",
      "id": "B26-SHOWCASE-F3",
      "properties": {
        "level": 3,
        "buildingId": "B26",
        "floor_id": "B26-SHOWCASE-F3",
        "name": "Floor 3",
        "classification": "synthetic",
        "source_revision": "source-showcase-1",
        "geometry_status": "authored_synthetic",
        "geometry_note": "Author-provided fictional geometry; not AI extraction or survey evidence.",
        "geometry_id": "B26-SHOWCASE-F3-shape-v1",
        "geometry_revision": 1,
        "base_elevation_m": 9.3,
        "height_m": 3.1,
        "vertical_reference": "DEMO-BM-01 fictional zero datum; not national MSL",
        "building_id": "B26",
        "internal_3d_id": "DEMO-3D-ANCHOR-B26:3"
      },
      "geometry": {
        "type": "Polygon",
        "coordinates": [
          [
            [
              -22,
              30
            ],
            [
              -5,
              30
            ],
            [
              -5,
              49
            ],
            [
              -11.12,
              49
            ],
            [
              -11.12,
              47.2
            ],
            [
              -22,
              47.2
            ],
            [
              -22,
              30
            ]
          ]
        ]
      }
    },
    {
      "type": "Feature",
      "id": "B27-SHOWCASE-F0",
      "properties": {
        "level": 0,
        "buildingId": "B27",
        "floor_id": "B27-SHOWCASE-F0",
        "name": "Ground floor",
        "classification": "synthetic",
        "source_revision": "source-showcase-1",
        "geometry_status": "authored_synthetic",
        "geometry_note": "Author-provided fictional geometry; not AI extraction or survey evidence.",
        "geometry_id": "B27-SHOWCASE-F0-shape-v1",
        "geometry_revision": 1,
        "base_elevation_m": 0.0,
        "height_m": 3.1,
        "vertical_reference": "DEMO-BM-01 fictional zero datum; not national MSL",
        "building_id": "B27",
        "internal_3d_id": "DEMO-3D-ANCHOR-B27:0"
      },
      "geometry": {
        "type": "Polygon",
        "coordinates": [
          [
            [
              -22,
              67
            ],
            [
              -5,
              67
            ],
            [
              -5,
              86
            ],
            [
              -11.12,
              86
            ],
            [
              -11.12,
              84.2
            ],
            [
              -22,
              84.2
            ],
            [
              -22,
              67
            ]
          ]
        ]
      }
    },
    {
      "type": "Feature",
      "id": "B27-SHOWCASE-F1",
      "properties": {
        "level": 1,
        "buildingId": "B27",
        "floor_id": "B27-SHOWCASE-F1",
        "name": "Floor 1",
        "classification": "synthetic",
        "source_revision": "source-showcase-1",
        "geometry_status": "authored_synthetic",
        "geometry_note": "Author-provided fictional geometry; not AI extraction or survey evidence.",
        "geometry_id": "B27-SHOWCASE-F1-shape-v1",
        "geometry_revision": 1,
        "base_elevation_m": 3.1,
        "height_m": 3.1,
        "vertical_reference": "DEMO-BM-01 fictional zero datum; not national MSL",
        "building_id": "B27",
        "internal_3d_id": "DEMO-3D-ANCHOR-B27:1"
      },
      "geometry": {
        "type": "Polygon",
        "coordinates": [
          [
            [
              -22,
              67
            ],
            [
              -5,
              67
            ],
            [
              -5,
              86
            ],
            [
              -11.12,
              86
            ],
            [
              -11.12,
              84.2
            ],
            [
              -22,
              84.2
            ],
            [
              -22,
              67
            ]
          ]
        ]
      }
    },
    {
      "type": "Feature",
      "id": "B27-SHOWCASE-F2",
      "properties": {
        "level": 2,
        "buildingId": "B27",
        "floor_id": "B27-SHOWCASE-F2",
        "name": "Floor 2",
        "classification": "synthetic",
        "source_revision": "source-showcase-1",
        "geometry_status": "authored_synthetic",
        "geometry_note": "Author-provided fictional geometry; not AI extraction or survey evidence.",
        "geometry_id": "B27-SHOWCASE-F2-shape-v1",
        "geometry_revision": 1,
        "base_elevation_m": 6.2,
        "height_m": 3.1,
        "vertical_reference": "DEMO-BM-01 fictional zero datum; not national MSL",
        "building_id": "B27",
        "internal_3d_id": "DEMO-3D-ANCHOR-B27:2"
      },
      "geometry": {
        "type": "Polygon",
        "coordinates": [
          [
            [
              -22,
              67
            ],
            [
              -5,
              67
            ],
            [
              -5,
              86
            ],
            [
              -11.12,
              86
            ],
            [
              -11.12,
              84.2
            ],
            [
              -22,
              84.2
            ],
            [
              -22,
              67
            ]
          ]
        ]
      }
    },
    {
      "type": "Feature",
      "id": "B28-SHOWCASE-F0",
      "properties": {
        "level": 0,
        "buildingId": "B28",
        "floor_id": "B28-SHOWCASE-F0",
        "name": "Ground floor",
        "classification": "synthetic",
        "source_revision": "source-showcase-1",
        "geometry_status": "authored_synthetic",
        "geometry_note": "Author-provided fictional geometry; not AI extraction or survey evidence.",
        "geometry_id": "B28-SHOWCASE-F0-shape-v1",
        "geometry_revision": 1,
        "base_elevation_m": 0.0,
        "height_m": 3.1,
        "vertical_reference": "DEMO-BM-01 fictional zero datum; not national MSL",
        "building_id": "B28",
        "internal_3d_id": "DEMO-3D-ANCHOR-B28:0"
      },
      "geometry": {
        "type": "Polygon",
        "coordinates": [
          [
            [
              -22,
              109
            ],
            [
              -5,
              109
            ],
            [
              -5,
              128
            ],
            [
              -11.12,
              128
            ],
            [
              -11.12,
              126.2
            ],
            [
              -22,
              126.2
            ],
            [
              -22,
              109
            ]
          ]
        ]
      }
    },
    {
      "type": "Feature",
      "id": "B28-SHOWCASE-F1",
      "properties": {
        "level": 1,
        "buildingId": "B28",
        "floor_id": "B28-SHOWCASE-F1",
        "name": "Floor 1",
        "classification": "synthetic",
        "source_revision": "source-showcase-1",
        "geometry_status": "authored_synthetic",
        "geometry_note": "Author-provided fictional geometry; not AI extraction or survey evidence.",
        "geometry_id": "B28-SHOWCASE-F1-shape-v1",
        "geometry_revision": 1,
        "base_elevation_m": 3.1,
        "height_m": 3.1,
        "vertical_reference": "DEMO-BM-01 fictional zero datum; not national MSL",
        "building_id": "B28",
        "internal_3d_id": "DEMO-3D-ANCHOR-B28:1"
      },
      "geometry": {
        "type": "Polygon",
        "coordinates": [
          [
            [
              -22,
              109
            ],
            [
              -5,
              109
            ],
            [
              -5,
              128
            ],
            [
              -11.12,
              128
            ],
            [
              -11.12,
              126.2
            ],
            [
              -22,
              126.2
            ],
            [
              -22,
              109
            ]
          ]
        ]
      }
    },
    {
      "type": "Feature",
      "id": "B28-SHOWCASE-F2",
      "properties": {
        "level": 2,
        "buildingId": "B28",
        "floor_id": "B28-SHOWCASE-F2",
        "name": "Floor 2",
        "classification": "synthetic",
        "source_revision": "source-showcase-1",
        "geometry_status": "authored_synthetic",
        "geometry_note": "Author-provided fictional geometry; not AI extraction or survey evidence.",
        "geometry_id": "B28-SHOWCASE-F2-shape-v1",
        "geometry_revision": 1,
        "base_elevation_m": 6.2,
        "height_m": 3.1,
        "vertical_reference": "DEMO-BM-01 fictional zero datum; not national MSL",
        "building_id": "B28",
        "internal_3d_id": "DEMO-3D-ANCHOR-B28:2"
      },
      "geometry": {
        "type": "Polygon",
        "coordinates": [
          [
            [
              -22,
              109
            ],
            [
              -5,
              109
            ],
            [
              -5,
              128
            ],
            [
              -11.12,
              128
            ],
            [
              -11.12,
              126.2
            ],
            [
              -22,
              126.2
            ],
            [
              -22,
              109
            ]
          ]
        ]
      }
    },
    {
      "type": "Feature",
      "id": "B28-SHOWCASE-F3",
      "properties": {
        "level": 3,
        "buildingId": "B28",
        "floor_id": "B28-SHOWCASE-F3",
        "name": "Floor 3",
        "classification": "synthetic",
        "source_revision": "source-showcase-1",
        "geometry_status": "authored_synthetic",
        "geometry_note": "Author-provided fictional geometry; not AI extraction or survey evidence.",
        "geometry_id": "B28-SHOWCASE-F3-shape-v1",
        "geometry_revision": 1,
        "base_elevation_m": 9.3,
        "height_m": 3.1,
        "vertical_reference": "DEMO-BM-01 fictional zero datum; not national MSL",
        "building_id": "B28",
        "internal_3d_id": "DEMO-3D-ANCHOR-B28:3"
      },
      "geometry": {
        "type": "Polygon",
        "coordinates": [
          [
            [
              -22,
              109
            ],
            [
              -5,
              109
            ],
            [
              -5,
              128
            ],
            [
              -11.12,
              128
            ],
            [
              -11.12,
              126.2
            ],
            [
              -22,
              126.2
            ],
            [
              -22,
              109
            ]
          ]
        ]
      }
    },
    {
      "type": "Feature",
      "id": "B29-SHOWCASE-F0",
      "properties": {
        "level": 0,
        "buildingId": "B29",
        "floor_id": "B29-SHOWCASE-F0",
        "name": "Ground floor",
        "classification": "synthetic",
        "source_revision": "source-showcase-1",
        "geometry_status": "authored_synthetic",
        "geometry_note": "Author-provided fictional geometry; not AI extraction or survey evidence.",
        "geometry_id": "B29-SHOWCASE-F0-shape-v1",
        "geometry_revision": 1,
        "base_elevation_m": 0.0,
        "height_m": 3.1,
        "vertical_reference": "DEMO-BM-01 fictional zero datum; not national MSL",
        "building_id": "B29",
        "internal_3d_id": "DEMO-3D-ANCHOR-B29:0"
      },
      "geometry": {
        "type": "Polygon",
        "coordinates": [
          [
            [
              -22,
              148
            ],
            [
              -5,
              148
            ],
            [
              -5,
              167
            ],
            [
              -11.12,
              167
            ],
            [
              -11.12,
              165.2
            ],
            [
              -22,
              165.2
            ],
            [
              -22,
              148
            ]
          ]
        ]
      }
    },
    {
      "type": "Feature",
      "id": "B29-SHOWCASE-F1",
      "properties": {
        "level": 1,
        "buildingId": "B29",
        "floor_id": "B29-SHOWCASE-F1",
        "name": "Floor 1",
        "classification": "synthetic",
        "source_revision": "source-showcase-1",
        "geometry_status": "authored_synthetic",
        "geometry_note": "Author-provided fictional geometry; not AI extraction or survey evidence.",
        "geometry_id": "B29-SHOWCASE-F1-shape-v1",
        "geometry_revision": 1,
        "base_elevation_m": 3.1,
        "height_m": 3.1,
        "vertical_reference": "DEMO-BM-01 fictional zero datum; not national MSL",
        "building_id": "B29",
        "internal_3d_id": "DEMO-3D-ANCHOR-B29:1"
      },
      "geometry": {
        "type": "Polygon",
        "coordinates": [
          [
            [
              -22,
              148
            ],
            [
              -5,
              148
            ],
            [
              -5,
              167
            ],
            [
              -11.12,
              167
            ],
            [
              -11.12,
              165.2
            ],
            [
              -22,
              165.2
            ],
            [
              -22,
              148
            ]
          ]
        ]
      }
    },
    {
      "type": "Feature",
      "id": "B29-SHOWCASE-F2",
      "properties": {
        "level": 2,
        "buildingId": "B29",
        "floor_id": "B29-SHOWCASE-F2",
        "name": "Floor 2",
        "classification": "synthetic",
        "source_revision": "source-showcase-1",
        "geometry_status": "authored_synthetic",
        "geometry_note": "Author-provided fictional geometry; not AI extraction or survey evidence.",
        "geometry_id": "B29-SHOWCASE-F2-shape-v1",
        "geometry_revision": 1,
        "base_elevation_m": 6.2,
        "height_m": 3.1,
        "vertical_reference": "DEMO-BM-01 fictional zero datum; not national MSL",
        "building_id": "B29",
        "internal_3d_id": "DEMO-3D-ANCHOR-B29:2"
      },
      "geometry": {
        "type": "Polygon",
        "coordinates": [
          [
            [
              -22,
              148
            ],
            [
              -5,
              148
            ],
            [
              -5,
              167
            ],
            [
              -11.12,
              167
            ],
            [
              -11.12,
              165.2
            ],
            [
              -22,
              165.2
            ],
            [
              -22,
              148
            ]
          ]
        ]
      }
    },
    {
      "type": "Feature",
      "id": "B30-SHOWCASE-F0",
      "properties": {
        "level": 0,
        "buildingId": "B30",
        "floor_id": "B30-SHOWCASE-F0",
        "name": "Ground floor",
        "classification": "synthetic",
        "source_revision": "source-showcase-1",
        "geometry_status": "authored_synthetic",
        "geometry_note": "Author-provided fictional geometry; not AI extraction or survey evidence.",
        "geometry_id": "B30-SHOWCASE-F0-shape-v1",
        "geometry_revision": 1,
        "base_elevation_m": 0.0,
        "height_m": 3.1,
        "vertical_reference": "DEMO-BM-01 fictional zero datum; not national MSL",
        "building_id": "B30",
        "internal_3d_id": "DEMO-3D-ANCHOR-B30:0"
      },
      "geometry": {
        "type": "Polygon",
        "coordinates": [
          [
            [
              -22,
              179
            ],
            [
              -5,
              179
            ],
            [
              -5,
              198
            ],
            [
              -11.12,
              198
            ],
            [
              -11.12,
              196.2
            ],
            [
              -22,
              196.2
            ],
            [
              -22,
              179
            ]
          ]
        ]
      }
    },
    {
      "type": "Feature",
      "id": "B30-SHOWCASE-F1",
      "properties": {
        "level": 1,
        "buildingId": "B30",
        "floor_id": "B30-SHOWCASE-F1",
        "name": "Floor 1",
        "classification": "synthetic",
        "source_revision": "source-showcase-1",
        "geometry_status": "authored_synthetic",
        "geometry_note": "Author-provided fictional geometry; not AI extraction or survey evidence.",
        "geometry_id": "B30-SHOWCASE-F1-shape-v1",
        "geometry_revision": 1,
        "base_elevation_m": 3.1,
        "height_m": 3.1,
        "vertical_reference": "DEMO-BM-01 fictional zero datum; not national MSL",
        "building_id": "B30",
        "internal_3d_id": "DEMO-3D-ANCHOR-B30:1"
      },
      "geometry": {
        "type": "Polygon",
        "coordinates": [
          [
            [
              -22,
              179
            ],
            [
              -5,
              179
            ],
            [
              -5,
              198
            ],
            [
              -11.12,
              198
            ],
            [
              -11.12,
              196.2
            ],
            [
              -22,
              196.2
            ],
            [
              -22,
              179
            ]
          ]
        ]
      }
    },
    {
      "type": "Feature",
      "id": "B30-SHOWCASE-F2",
      "properties": {
        "level": 2,
        "buildingId": "B30",
        "floor_id": "B30-SHOWCASE-F2",
        "name": "Floor 2",
        "classification": "synthetic",
        "source_revision": "source-showcase-1",
        "geometry_status": "authored_synthetic",
        "geometry_note": "Author-provided fictional geometry; not AI extraction or survey evidence.",
        "geometry_id": "B30-SHOWCASE-F2-shape-v1",
        "geometry_revision": 1,
        "base_elevation_m": 6.2,
        "height_m": 3.1,
        "vertical_reference": "DEMO-BM-01 fictional zero datum; not national MSL",
        "building_id": "B30",
        "internal_3d_id": "DEMO-3D-ANCHOR-B30:2"
      },
      "geometry": {
        "type": "Polygon",
        "coordinates": [
          [
            [
              -22,
              179
            ],
            [
              -5,
              179
            ],
            [
              -5,
              198
            ],
            [
              -11.12,
              198
            ],
            [
              -11.12,
              196.2
            ],
            [
              -22,
              196.2
            ],
            [
              -22,
              179
            ]
          ]
        ]
      }
    },
    {
      "type": "Feature",
      "id": "B30-SHOWCASE-F3",
      "properties": {
        "level": 3,
        "buildingId": "B30",
        "floor_id": "B30-SHOWCASE-F3",
        "name": "Floor 3",
        "classification": "synthetic",
        "source_revision": "source-showcase-1",
        "geometry_status": "authored_synthetic",
        "geometry_note": "Author-provided fictional geometry; not AI extraction or survey evidence.",
        "geometry_id": "B30-SHOWCASE-F3-shape-v1",
        "geometry_revision": 1,
        "base_elevation_m": 9.3,
        "height_m": 3.1,
        "vertical_reference": "DEMO-BM-01 fictional zero datum; not national MSL",
        "building_id": "B30",
        "internal_3d_id": "DEMO-3D-ANCHOR-B30:3"
      },
      "geometry": {
        "type": "Polygon",
        "coordinates": [
          [
            [
              -22,
              179
            ],
            [
              -5,
              179
            ],
            [
              -5,
              198
            ],
            [
              -11.12,
              198
            ],
            [
              -11.12,
              196.2
            ],
            [
              -22,
              196.2
            ],
            [
              -22,
              179
            ]
          ]
        ]
      }
    },
    {
      "type": "Feature",
      "id": "B31-SHOWCASE-F0",
      "properties": {
        "level": 0,
        "buildingId": "B31",
        "floor_id": "B31-SHOWCASE-F0",
        "name": "Ground floor",
        "classification": "synthetic",
        "source_revision": "source-showcase-1",
        "geometry_status": "authored_synthetic",
        "geometry_note": "Author-provided fictional geometry; not AI extraction or survey evidence.",
        "geometry_id": "B31-SHOWCASE-F0-shape-v1",
        "geometry_revision": 1,
        "base_elevation_m": 0.0,
        "height_m": 3.1,
        "vertical_reference": "DEMO-BM-01 fictional zero datum; not national MSL",
        "building_id": "B31",
        "internal_3d_id": "DEMO-3D-ANCHOR-B31:0"
      },
      "geometry": {
        "type": "Polygon",
        "coordinates": [
          [
            [
              168,
              30
            ],
            [
              185,
              30
            ],
            [
              185,
              49
            ],
            [
              178.88,
              49
            ],
            [
              178.88,
              47.2
            ],
            [
              168,
              47.2
            ],
            [
              168,
              30
            ]
          ]
        ]
      }
    },
    {
      "type": "Feature",
      "id": "B31-SHOWCASE-F1",
      "properties": {
        "level": 1,
        "buildingId": "B31",
        "floor_id": "B31-SHOWCASE-F1",
        "name": "Floor 1",
        "classification": "synthetic",
        "source_revision": "source-showcase-1",
        "geometry_status": "authored_synthetic",
        "geometry_note": "Author-provided fictional geometry; not AI extraction or survey evidence.",
        "geometry_id": "B31-SHOWCASE-F1-shape-v1",
        "geometry_revision": 1,
        "base_elevation_m": 3.1,
        "height_m": 3.1,
        "vertical_reference": "DEMO-BM-01 fictional zero datum; not national MSL",
        "building_id": "B31",
        "internal_3d_id": "DEMO-3D-ANCHOR-B31:1"
      },
      "geometry": {
        "type": "Polygon",
        "coordinates": [
          [
            [
              168,
              30
            ],
            [
              185,
              30
            ],
            [
              185,
              49
            ],
            [
              178.88,
              49
            ],
            [
              178.88,
              47.2
            ],
            [
              168,
              47.2
            ],
            [
              168,
              30
            ]
          ]
        ]
      }
    },
    {
      "type": "Feature",
      "id": "B31-SHOWCASE-F2",
      "properties": {
        "level": 2,
        "buildingId": "B31",
        "floor_id": "B31-SHOWCASE-F2",
        "name": "Floor 2",
        "classification": "synthetic",
        "source_revision": "source-showcase-1",
        "geometry_status": "authored_synthetic",
        "geometry_note": "Author-provided fictional geometry; not AI extraction or survey evidence.",
        "geometry_id": "B31-SHOWCASE-F2-shape-v1",
        "geometry_revision": 1,
        "base_elevation_m": 6.2,
        "height_m": 3.1,
        "vertical_reference": "DEMO-BM-01 fictional zero datum; not national MSL",
        "building_id": "B31",
        "internal_3d_id": "DEMO-3D-ANCHOR-B31:2"
      },
      "geometry": {
        "type": "Polygon",
        "coordinates": [
          [
            [
              168,
              30
            ],
            [
              185,
              30
            ],
            [
              185,
              49
            ],
            [
              178.88,
              49
            ],
            [
              178.88,
              47.2
            ],
            [
              168,
              47.2
            ],
            [
              168,
              30
            ]
          ]
        ]
      }
    },
    {
      "type": "Feature",
      "id": "B32-SHOWCASE-F0",
      "properties": {
        "level": 0,
        "buildingId": "B32",
        "floor_id": "B32-SHOWCASE-F0",
        "name": "Ground floor",
        "classification": "synthetic",
        "source_revision": "source-showcase-1",
        "geometry_status": "authored_synthetic",
        "geometry_note": "Author-provided fictional geometry; not AI extraction or survey evidence.",
        "geometry_id": "B32-SHOWCASE-F0-shape-v1",
        "geometry_revision": 1,
        "base_elevation_m": 0.0,
        "height_m": 3.1,
        "vertical_reference": "DEMO-BM-01 fictional zero datum; not national MSL",
        "building_id": "B32",
        "internal_3d_id": "DEMO-3D-ANCHOR-B32:0"
      },
      "geometry": {
        "type": "Polygon",
        "coordinates": [
          [
            [
              168,
              67
            ],
            [
              185,
              67
            ],
            [
              185,
              86
            ],
            [
              178.88,
              86
            ],
            [
              178.88,
              84.2
            ],
            [
              168,
              84.2
            ],
            [
              168,
              67
            ]
          ]
        ]
      }
    },
    {
      "type": "Feature",
      "id": "B32-SHOWCASE-F1",
      "properties": {
        "level": 1,
        "buildingId": "B32",
        "floor_id": "B32-SHOWCASE-F1",
        "name": "Floor 1",
        "classification": "synthetic",
        "source_revision": "source-showcase-1",
        "geometry_status": "authored_synthetic",
        "geometry_note": "Author-provided fictional geometry; not AI extraction or survey evidence.",
        "geometry_id": "B32-SHOWCASE-F1-shape-v1",
        "geometry_revision": 1,
        "base_elevation_m": 3.1,
        "height_m": 3.1,
        "vertical_reference": "DEMO-BM-01 fictional zero datum; not national MSL",
        "building_id": "B32",
        "internal_3d_id": "DEMO-3D-ANCHOR-B32:1"
      },
      "geometry": {
        "type": "Polygon",
        "coordinates": [
          [
            [
              168,
              67
            ],
            [
              185,
              67
            ],
            [
              185,
              86
            ],
            [
              178.88,
              86
            ],
            [
              178.88,
              84.2
            ],
            [
              168,
              84.2
            ],
            [
              168,
              67
            ]
          ]
        ]
      }
    },
    {
      "type": "Feature",
      "id": "B32-SHOWCASE-F2",
      "properties": {
        "level": 2,
        "buildingId": "B32",
        "floor_id": "B32-SHOWCASE-F2",
        "name": "Floor 2",
        "classification": "synthetic",
        "source_revision": "source-showcase-1",
        "geometry_status": "authored_synthetic",
        "geometry_note": "Author-provided fictional geometry; not AI extraction or survey evidence.",
        "geometry_id": "B32-SHOWCASE-F2-shape-v1",
        "geometry_revision": 1,
        "base_elevation_m": 6.2,
        "height_m": 3.1,
        "vertical_reference": "DEMO-BM-01 fictional zero datum; not national MSL",
        "building_id": "B32",
        "internal_3d_id": "DEMO-3D-ANCHOR-B32:2"
      },
      "geometry": {
        "type": "Polygon",
        "coordinates": [
          [
            [
              168,
              67
            ],
            [
              185,
              67
            ],
            [
              185,
              86
            ],
            [
              178.88,
              86
            ],
            [
              178.88,
              84.2
            ],
            [
              168,
              84.2
            ],
            [
              168,
              67
            ]
          ]
        ]
      }
    },
    {
      "type": "Feature",
      "id": "B32-SHOWCASE-F3",
      "properties": {
        "level": 3,
        "buildingId": "B32",
        "floor_id": "B32-SHOWCASE-F3",
        "name": "Floor 3",
        "classification": "synthetic",
        "source_revision": "source-showcase-1",
        "geometry_status": "authored_synthetic",
        "geometry_note": "Author-provided fictional geometry; not AI extraction or survey evidence.",
        "geometry_id": "B32-SHOWCASE-F3-shape-v1",
        "geometry_revision": 1,
        "base_elevation_m": 9.3,
        "height_m": 3.1,
        "vertical_reference": "DEMO-BM-01 fictional zero datum; not national MSL",
        "building_id": "B32",
        "internal_3d_id": "DEMO-3D-ANCHOR-B32:3"
      },
      "geometry": {
        "type": "Polygon",
        "coordinates": [
          [
            [
              168,
              67
            ],
            [
              185,
              67
            ],
            [
              185,
              86
            ],
            [
              178.88,
              86
            ],
            [
              178.88,
              84.2
            ],
            [
              168,
              84.2
            ],
            [
              168,
              67
            ]
          ]
        ]
      }
    },
    {
      "type": "Feature",
      "id": "B33-SHOWCASE-F0",
      "properties": {
        "level": 0,
        "buildingId": "B33",
        "floor_id": "B33-SHOWCASE-F0",
        "name": "Ground floor",
        "classification": "synthetic",
        "source_revision": "source-showcase-1",
        "geometry_status": "authored_synthetic",
        "geometry_note": "Author-provided fictional geometry; not AI extraction or survey evidence.",
        "geometry_id": "B33-SHOWCASE-F0-shape-v1",
        "geometry_revision": 1,
        "base_elevation_m": 0.0,
        "height_m": 3.1,
        "vertical_reference": "DEMO-BM-01 fictional zero datum; not national MSL",
        "building_id": "B33",
        "internal_3d_id": "DEMO-3D-ANCHOR-B33:0"
      },
      "geometry": {
        "type": "Polygon",
        "coordinates": [
          [
            [
              168,
              109
            ],
            [
              185,
              109
            ],
            [
              185,
              128
            ],
            [
              178.88,
              128
            ],
            [
              178.88,
              126.2
            ],
            [
              168,
              126.2
            ],
            [
              168,
              109
            ]
          ]
        ]
      }
    },
    {
      "type": "Feature",
      "id": "B33-SHOWCASE-F1",
      "properties": {
        "level": 1,
        "buildingId": "B33",
        "floor_id": "B33-SHOWCASE-F1",
        "name": "Floor 1",
        "classification": "synthetic",
        "source_revision": "source-showcase-1",
        "geometry_status": "authored_synthetic",
        "geometry_note": "Author-provided fictional geometry; not AI extraction or survey evidence.",
        "geometry_id": "B33-SHOWCASE-F1-shape-v1",
        "geometry_revision": 1,
        "base_elevation_m": 3.1,
        "height_m": 3.1,
        "vertical_reference": "DEMO-BM-01 fictional zero datum; not national MSL",
        "building_id": "B33",
        "internal_3d_id": "DEMO-3D-ANCHOR-B33:1"
      },
      "geometry": {
        "type": "Polygon",
        "coordinates": [
          [
            [
              168,
              109
            ],
            [
              185,
              109
            ],
            [
              185,
              128
            ],
            [
              178.88,
              128
            ],
            [
              178.88,
              126.2
            ],
            [
              168,
              126.2
            ],
            [
              168,
              109
            ]
          ]
        ]
      }
    },
    {
      "type": "Feature",
      "id": "B33-SHOWCASE-F2",
      "properties": {
        "level": 2,
        "buildingId": "B33",
        "floor_id": "B33-SHOWCASE-F2",
        "name": "Floor 2",
        "classification": "synthetic",
        "source_revision": "source-showcase-1",
        "geometry_status": "authored_synthetic",
        "geometry_note": "Author-provided fictional geometry; not AI extraction or survey evidence.",
        "geometry_id": "B33-SHOWCASE-F2-shape-v1",
        "geometry_revision": 1,
        "base_elevation_m": 6.2,
        "height_m": 3.1,
        "vertical_reference": "DEMO-BM-01 fictional zero datum; not national MSL",
        "building_id": "B33",
        "internal_3d_id": "DEMO-3D-ANCHOR-B33:2"
      },
      "geometry": {
        "type": "Polygon",
        "coordinates": [
          [
            [
              168,
              109
            ],
            [
              185,
              109
            ],
            [
              185,
              128
            ],
            [
              178.88,
              128
            ],
            [
              178.88,
              126.2
            ],
            [
              168,
              126.2
            ],
            [
              168,
              109
            ]
          ]
        ]
      }
    },
    {
      "type": "Feature",
      "id": "B34-SHOWCASE-F0",
      "properties": {
        "level": 0,
        "buildingId": "B34",
        "floor_id": "B34-SHOWCASE-F0",
        "name": "Ground floor",
        "classification": "synthetic",
        "source_revision": "source-showcase-1",
        "geometry_status": "authored_synthetic",
        "geometry_note": "Author-provided fictional geometry; not AI extraction or survey evidence.",
        "geometry_id": "B34-SHOWCASE-F0-shape-v1",
        "geometry_revision": 1,
        "base_elevation_m": 0.0,
        "height_m": 3.1,
        "vertical_reference": "DEMO-BM-01 fictional zero datum; not national MSL",
        "building_id": "B34",
        "internal_3d_id": "DEMO-3D-ANCHOR-B34:0"
      },
      "geometry": {
        "type": "Polygon",
        "coordinates": [
          [
            [
              168,
              148
            ],
            [
              185,
              148
            ],
            [
              185,
              167
            ],
            [
              178.88,
              167
            ],
            [
              178.88,
              165.2
            ],
            [
              168,
              165.2
            ],
            [
              168,
              148
            ]
          ]
        ]
      }
    },
    {
      "type": "Feature",
      "id": "B34-SHOWCASE-F1",
      "properties": {
        "level": 1,
        "buildingId": "B34",
        "floor_id": "B34-SHOWCASE-F1",
        "name": "Floor 1",
        "classification": "synthetic",
        "source_revision": "source-showcase-1",
        "geometry_status": "authored_synthetic",
        "geometry_note": "Author-provided fictional geometry; not AI extraction or survey evidence.",
        "geometry_id": "B34-SHOWCASE-F1-shape-v1",
        "geometry_revision": 1,
        "base_elevation_m": 3.1,
        "height_m": 3.1,
        "vertical_reference": "DEMO-BM-01 fictional zero datum; not national MSL",
        "building_id": "B34",
        "internal_3d_id": "DEMO-3D-ANCHOR-B34:1"
      },
      "geometry": {
        "type": "Polygon",
        "coordinates": [
          [
            [
              168,
              148
            ],
            [
              185,
              148
            ],
            [
              185,
              167
            ],
            [
              178.88,
              167
            ],
            [
              178.88,
              165.2
            ],
            [
              168,
              165.2
            ],
            [
              168,
              148
            ]
          ]
        ]
      }
    },
    {
      "type": "Feature",
      "id": "B34-SHOWCASE-F2",
      "properties": {
        "level": 2,
        "buildingId": "B34",
        "floor_id": "B34-SHOWCASE-F2",
        "name": "Floor 2",
        "classification": "synthetic",
        "source_revision": "source-showcase-1",
        "geometry_status": "authored_synthetic",
        "geometry_note": "Author-provided fictional geometry; not AI extraction or survey evidence.",
        "geometry_id": "B34-SHOWCASE-F2-shape-v1",
        "geometry_revision": 1,
        "base_elevation_m": 6.2,
        "height_m": 3.1,
        "vertical_reference": "DEMO-BM-01 fictional zero datum; not national MSL",
        "building_id": "B34",
        "internal_3d_id": "DEMO-3D-ANCHOR-B34:2"
      },
      "geometry": {
        "type": "Polygon",
        "coordinates": [
          [
            [
              168,
              148
            ],
            [
              185,
              148
            ],
            [
              185,
              167
            ],
            [
              178.88,
              167
            ],
            [
              178.88,
              165.2
            ],
            [
              168,
              165.2
            ],
            [
              168,
              148
            ]
          ]
        ]
      }
    },
    {
      "type": "Feature",
      "id": "B34-SHOWCASE-F3",
      "properties": {
        "level": 3,
        "buildingId": "B34",
        "floor_id": "B34-SHOWCASE-F3",
        "name": "Floor 3",
        "classification": "synthetic",
        "source_revision": "source-showcase-1",
        "geometry_status": "authored_synthetic",
        "geometry_note": "Author-provided fictional geometry; not AI extraction or survey evidence.",
        "geometry_id": "B34-SHOWCASE-F3-shape-v1",
        "geometry_revision": 1,
        "base_elevation_m": 9.3,
        "height_m": 3.1,
        "vertical_reference": "DEMO-BM-01 fictional zero datum; not national MSL",
        "building_id": "B34",
        "internal_3d_id": "DEMO-3D-ANCHOR-B34:3"
      },
      "geometry": {
        "type": "Polygon",
        "coordinates": [
          [
            [
              168,
              148
            ],
            [
              185,
              148
            ],
            [
              185,
              167
            ],
            [
              178.88,
              167
            ],
            [
              178.88,
              165.2
            ],
            [
              168,
              165.2
            ],
            [
              168,
              148
            ]
          ]
        ]
      }
    },
    {
      "type": "Feature",
      "id": "B35-SHOWCASE-F0",
      "properties": {
        "level": 0,
        "buildingId": "B35",
        "floor_id": "B35-SHOWCASE-F0",
        "name": "Ground floor",
        "classification": "synthetic",
        "source_revision": "source-showcase-1",
        "geometry_status": "authored_synthetic",
        "geometry_note": "Author-provided fictional geometry; not AI extraction or survey evidence.",
        "geometry_id": "B35-SHOWCASE-F0-shape-v1",
        "geometry_revision": 1,
        "base_elevation_m": 0.0,
        "height_m": 3.1,
        "vertical_reference": "DEMO-BM-01 fictional zero datum; not national MSL",
        "building_id": "B35",
        "internal_3d_id": "DEMO-3D-ANCHOR-B35:0"
      },
      "geometry": {
        "type": "Polygon",
        "coordinates": [
          [
            [
              168,
              179
            ],
            [
              185,
              179
            ],
            [
              185,
              198
            ],
            [
              178.88,
              198
            ],
            [
              178.88,
              196.2
            ],
            [
              168,
              196.2
            ],
            [
              168,
              179
            ]
          ]
        ]
      }
    },
    {
      "type": "Feature",
      "id": "B35-SHOWCASE-F1",
      "properties": {
        "level": 1,
        "buildingId": "B35",
        "floor_id": "B35-SHOWCASE-F1",
        "name": "Floor 1",
        "classification": "synthetic",
        "source_revision": "source-showcase-1",
        "geometry_status": "authored_synthetic",
        "geometry_note": "Author-provided fictional geometry; not AI extraction or survey evidence.",
        "geometry_id": "B35-SHOWCASE-F1-shape-v1",
        "geometry_revision": 1,
        "base_elevation_m": 3.1,
        "height_m": 3.1,
        "vertical_reference": "DEMO-BM-01 fictional zero datum; not national MSL",
        "building_id": "B35",
        "internal_3d_id": "DEMO-3D-ANCHOR-B35:1"
      },
      "geometry": {
        "type": "Polygon",
        "coordinates": [
          [
            [
              168,
              179
            ],
            [
              185,
              179
            ],
            [
              185,
              198
            ],
            [
              178.88,
              198
            ],
            [
              178.88,
              196.2
            ],
            [
              168,
              196.2
            ],
            [
              168,
              179
            ]
          ]
        ]
      }
    },
    {
      "type": "Feature",
      "id": "B35-SHOWCASE-F2",
      "properties": {
        "level": 2,
        "buildingId": "B35",
        "floor_id": "B35-SHOWCASE-F2",
        "name": "Floor 2",
        "classification": "synthetic",
        "source_revision": "source-showcase-1",
        "geometry_status": "authored_synthetic",
        "geometry_note": "Author-provided fictional geometry; not AI extraction or survey evidence.",
        "geometry_id": "B35-SHOWCASE-F2-shape-v1",
        "geometry_revision": 1,
        "base_elevation_m": 6.2,
        "height_m": 3.1,
        "vertical_reference": "DEMO-BM-01 fictional zero datum; not national MSL",
        "building_id": "B35",
        "internal_3d_id": "DEMO-3D-ANCHOR-B35:2"
      },
      "geometry": {
        "type": "Polygon",
        "coordinates": [
          [
            [
              168,
              179
            ],
            [
              185,
              179
            ],
            [
              185,
              198
            ],
            [
              178.88,
              198
            ],
            [
              178.88,
              196.2
            ],
            [
              168,
              196.2
            ],
            [
              168,
              179
            ]
          ]
        ]
      }
    },
    {
      "type": "Feature",
      "id": "B36-SHOWCASE-F0",
      "properties": {
        "level": 0,
        "buildingId": "B36",
        "floor_id": "B36-SHOWCASE-F0",
        "name": "Ground floor",
        "classification": "synthetic",
        "source_revision": "source-showcase-1",
        "geometry_status": "authored_synthetic",
        "geometry_note": "Author-provided fictional geometry; not AI extraction or survey evidence.",
        "geometry_id": "B36-SHOWCASE-F0-shape-v1",
        "geometry_revision": 1,
        "base_elevation_m": 0.0,
        "height_m": 3.1,
        "vertical_reference": "DEMO-BM-01 fictional zero datum; not national MSL",
        "building_id": "B36",
        "internal_3d_id": "DEMO-3D-ANCHOR-B36:0"
      },
      "geometry": {
        "type": "Polygon",
        "coordinates": [
          [
            [
              9,
              -22
            ],
            [
              25,
              -22
            ],
            [
              25,
              -3
            ],
            [
              19.240000000000002,
              -3
            ],
            [
              19.240000000000002,
              -4.8
            ],
            [
              9,
              -4.8
            ],
            [
              9,
              -22
            ]
          ]
        ]
      }
    },
    {
      "type": "Feature",
      "id": "B36-SHOWCASE-F1",
      "properties": {
        "level": 1,
        "buildingId": "B36",
        "floor_id": "B36-SHOWCASE-F1",
        "name": "Floor 1",
        "classification": "synthetic",
        "source_revision": "source-showcase-1",
        "geometry_status": "authored_synthetic",
        "geometry_note": "Author-provided fictional geometry; not AI extraction or survey evidence.",
        "geometry_id": "B36-SHOWCASE-F1-shape-v1",
        "geometry_revision": 1,
        "base_elevation_m": 3.1,
        "height_m": 3.1,
        "vertical_reference": "DEMO-BM-01 fictional zero datum; not national MSL",
        "building_id": "B36",
        "internal_3d_id": "DEMO-3D-ANCHOR-B36:1"
      },
      "geometry": {
        "type": "Polygon",
        "coordinates": [
          [
            [
              9,
              -22
            ],
            [
              25,
              -22
            ],
            [
              25,
              -3
            ],
            [
              19.240000000000002,
              -3
            ],
            [
              19.240000000000002,
              -4.8
            ],
            [
              9,
              -4.8
            ],
            [
              9,
              -22
            ]
          ]
        ]
      }
    },
    {
      "type": "Feature",
      "id": "B36-SHOWCASE-F2",
      "properties": {
        "level": 2,
        "buildingId": "B36",
        "floor_id": "B36-SHOWCASE-F2",
        "name": "Floor 2",
        "classification": "synthetic",
        "source_revision": "source-showcase-1",
        "geometry_status": "authored_synthetic",
        "geometry_note": "Author-provided fictional geometry; not AI extraction or survey evidence.",
        "geometry_id": "B36-SHOWCASE-F2-shape-v1",
        "geometry_revision": 1,
        "base_elevation_m": 6.2,
        "height_m": 3.1,
        "vertical_reference": "DEMO-BM-01 fictional zero datum; not national MSL",
        "building_id": "B36",
        "internal_3d_id": "DEMO-3D-ANCHOR-B36:2"
      },
      "geometry": {
        "type": "Polygon",
        "coordinates": [
          [
            [
              9,
              -22
            ],
            [
              25,
              -22
            ],
            [
              25,
              -3
            ],
            [
              19.240000000000002,
              -3
            ],
            [
              19.240000000000002,
              -4.8
            ],
            [
              9,
              -4.8
            ],
            [
              9,
              -22
            ]
          ]
        ]
      }
    },
    {
      "type": "Feature",
      "id": "B36-SHOWCASE-F3",
      "properties": {
        "level": 3,
        "buildingId": "B36",
        "floor_id": "B36-SHOWCASE-F3",
        "name": "Floor 3",
        "classification": "synthetic",
        "source_revision": "source-showcase-1",
        "geometry_status": "authored_synthetic",
        "geometry_note": "Author-provided fictional geometry; not AI extraction or survey evidence.",
        "geometry_id": "B36-SHOWCASE-F3-shape-v1",
        "geometry_revision": 1,
        "base_elevation_m": 9.3,
        "height_m": 3.1,
        "vertical_reference": "DEMO-BM-01 fictional zero datum; not national MSL",
        "building_id": "B36",
        "internal_3d_id": "DEMO-3D-ANCHOR-B36:3"
      },
      "geometry": {
        "type": "Polygon",
        "coordinates": [
          [
            [
              9,
              -22
            ],
            [
              25,
              -22
            ],
            [
              25,
              -3
            ],
            [
              19.240000000000002,
              -3
            ],
            [
              19.240000000000002,
              -4.8
            ],
            [
              9,
              -4.8
            ],
            [
              9,
              -22
            ]
          ]
        ]
      }
    },
    {
      "type": "Feature",
      "id": "B37-SHOWCASE-F0",
      "properties": {
        "level": 0,
        "buildingId": "B37",
        "floor_id": "B37-SHOWCASE-F0",
        "name": "Ground floor",
        "classification": "synthetic",
        "source_revision": "source-showcase-1",
        "geometry_status": "authored_synthetic",
        "geometry_note": "Author-provided fictional geometry; not AI extraction or survey evidence.",
        "geometry_id": "B37-SHOWCASE-F0-shape-v1",
        "geometry_revision": 1,
        "base_elevation_m": 0.0,
        "height_m": 3.1,
        "vertical_reference": "DEMO-BM-01 fictional zero datum; not national MSL",
        "building_id": "B37",
        "internal_3d_id": "DEMO-3D-ANCHOR-B37:0"
      },
      "geometry": {
        "type": "Polygon",
        "coordinates": [
          [
            [
              31,
              -22
            ],
            [
              47,
              -22
            ],
            [
              47,
              -3
            ],
            [
              41.24,
              -3
            ],
            [
              41.24,
              -4.8
            ],
            [
              31,
              -4.8
            ],
            [
              31,
              -22
            ]
          ]
        ]
      }
    },
    {
      "type": "Feature",
      "id": "B37-SHOWCASE-F1",
      "properties": {
        "level": 1,
        "buildingId": "B37",
        "floor_id": "B37-SHOWCASE-F1",
        "name": "Floor 1",
        "classification": "synthetic",
        "source_revision": "source-showcase-1",
        "geometry_status": "authored_synthetic",
        "geometry_note": "Author-provided fictional geometry; not AI extraction or survey evidence.",
        "geometry_id": "B37-SHOWCASE-F1-shape-v1",
        "geometry_revision": 1,
        "base_elevation_m": 3.1,
        "height_m": 3.1,
        "vertical_reference": "DEMO-BM-01 fictional zero datum; not national MSL",
        "building_id": "B37",
        "internal_3d_id": "DEMO-3D-ANCHOR-B37:1"
      },
      "geometry": {
        "type": "Polygon",
        "coordinates": [
          [
            [
              31,
              -22
            ],
            [
              47,
              -22
            ],
            [
              47,
              -3
            ],
            [
              41.24,
              -3
            ],
            [
              41.24,
              -4.8
            ],
            [
              31,
              -4.8
            ],
            [
              31,
              -22
            ]
          ]
        ]
      }
    },
    {
      "type": "Feature",
      "id": "B37-SHOWCASE-F2",
      "properties": {
        "level": 2,
        "buildingId": "B37",
        "floor_id": "B37-SHOWCASE-F2",
        "name": "Floor 2",
        "classification": "synthetic",
        "source_revision": "source-showcase-1",
        "geometry_status": "authored_synthetic",
        "geometry_note": "Author-provided fictional geometry; not AI extraction or survey evidence.",
        "geometry_id": "B37-SHOWCASE-F2-shape-v1",
        "geometry_revision": 1,
        "base_elevation_m": 6.2,
        "height_m": 3.1,
        "vertical_reference": "DEMO-BM-01 fictional zero datum; not national MSL",
        "building_id": "B37",
        "internal_3d_id": "DEMO-3D-ANCHOR-B37:2"
      },
      "geometry": {
        "type": "Polygon",
        "coordinates": [
          [
            [
              31,
              -22
            ],
            [
              47,
              -22
            ],
            [
              47,
              -3
            ],
            [
              41.24,
              -3
            ],
            [
              41.24,
              -4.8
            ],
            [
              31,
              -4.8
            ],
            [
              31,
              -22
            ]
          ]
        ]
      }
    },
    {
      "type": "Feature",
      "id": "B38-SHOWCASE-F0",
      "properties": {
        "level": 0,
        "buildingId": "B38",
        "floor_id": "B38-SHOWCASE-F0",
        "name": "Ground floor",
        "classification": "synthetic",
        "source_revision": "source-showcase-1",
        "geometry_status": "authored_synthetic",
        "geometry_note": "Author-provided fictional geometry; not AI extraction or survey evidence.",
        "geometry_id": "B38-SHOWCASE-F0-shape-v1",
        "geometry_revision": 1,
        "base_elevation_m": 0.0,
        "height_m": 3.1,
        "vertical_reference": "DEMO-BM-01 fictional zero datum; not national MSL",
        "building_id": "B38",
        "internal_3d_id": "DEMO-3D-ANCHOR-B38:0"
      },
      "geometry": {
        "type": "Polygon",
        "coordinates": [
          [
            [
              53,
              -22
            ],
            [
              69,
              -22
            ],
            [
              69,
              -3
            ],
            [
              63.24,
              -3
            ],
            [
              63.24,
              -4.8
            ],
            [
              53,
              -4.8
            ],
            [
              53,
              -22
            ]
          ]
        ]
      }
    },
    {
      "type": "Feature",
      "id": "B38-SHOWCASE-F1",
      "properties": {
        "level": 1,
        "buildingId": "B38",
        "floor_id": "B38-SHOWCASE-F1",
        "name": "Floor 1",
        "classification": "synthetic",
        "source_revision": "source-showcase-1",
        "geometry_status": "authored_synthetic",
        "geometry_note": "Author-provided fictional geometry; not AI extraction or survey evidence.",
        "geometry_id": "B38-SHOWCASE-F1-shape-v1",
        "geometry_revision": 1,
        "base_elevation_m": 3.1,
        "height_m": 3.1,
        "vertical_reference": "DEMO-BM-01 fictional zero datum; not national MSL",
        "building_id": "B38",
        "internal_3d_id": "DEMO-3D-ANCHOR-B38:1"
      },
      "geometry": {
        "type": "Polygon",
        "coordinates": [
          [
            [
              53,
              -22
            ],
            [
              69,
              -22
            ],
            [
              69,
              -3
            ],
            [
              63.24,
              -3
            ],
            [
              63.24,
              -4.8
            ],
            [
              53,
              -4.8
            ],
            [
              53,
              -22
            ]
          ]
        ]
      }
    },
    {
      "type": "Feature",
      "id": "B38-SHOWCASE-F2",
      "properties": {
        "level": 2,
        "buildingId": "B38",
        "floor_id": "B38-SHOWCASE-F2",
        "name": "Floor 2",
        "classification": "synthetic",
        "source_revision": "source-showcase-1",
        "geometry_status": "authored_synthetic",
        "geometry_note": "Author-provided fictional geometry; not AI extraction or survey evidence.",
        "geometry_id": "B38-SHOWCASE-F2-shape-v1",
        "geometry_revision": 1,
        "base_elevation_m": 6.2,
        "height_m": 3.1,
        "vertical_reference": "DEMO-BM-01 fictional zero datum; not national MSL",
        "building_id": "B38",
        "internal_3d_id": "DEMO-3D-ANCHOR-B38:2"
      },
      "geometry": {
        "type": "Polygon",
        "coordinates": [
          [
            [
              53,
              -22
            ],
            [
              69,
              -22
            ],
            [
              69,
              -3
            ],
            [
              63.24,
              -3
            ],
            [
              63.24,
              -4.8
            ],
            [
              53,
              -4.8
            ],
            [
              53,
              -22
            ]
          ]
        ]
      }
    },
    {
      "type": "Feature",
      "id": "B38-SHOWCASE-F3",
      "properties": {
        "level": 3,
        "buildingId": "B38",
        "floor_id": "B38-SHOWCASE-F3",
        "name": "Floor 3",
        "classification": "synthetic",
        "source_revision": "source-showcase-1",
        "geometry_status": "authored_synthetic",
        "geometry_note": "Author-provided fictional geometry; not AI extraction or survey evidence.",
        "geometry_id": "B38-SHOWCASE-F3-shape-v1",
        "geometry_revision": 1,
        "base_elevation_m": 9.3,
        "height_m": 3.1,
        "vertical_reference": "DEMO-BM-01 fictional zero datum; not national MSL",
        "building_id": "B38",
        "internal_3d_id": "DEMO-3D-ANCHOR-B38:3"
      },
      "geometry": {
        "type": "Polygon",
        "coordinates": [
          [
            [
              53,
              -22
            ],
            [
              69,
              -22
            ],
            [
              69,
              -3
            ],
            [
              63.24,
              -3
            ],
            [
              63.24,
              -4.8
            ],
            [
              53,
              -4.8
            ],
            [
              53,
              -22
            ]
          ]
        ]
      }
    },
    {
      "type": "Feature",
      "id": "B39-SHOWCASE-F0",
      "properties": {
        "level": 0,
        "buildingId": "B39",
        "floor_id": "B39-SHOWCASE-F0",
        "name": "Ground floor",
        "classification": "synthetic",
        "source_revision": "source-showcase-1",
        "geometry_status": "authored_synthetic",
        "geometry_note": "Author-provided fictional geometry; not AI extraction or survey evidence.",
        "geometry_id": "B39-SHOWCASE-F0-shape-v1",
        "geometry_revision": 1,
        "base_elevation_m": 0.0,
        "height_m": 3.1,
        "vertical_reference": "DEMO-BM-01 fictional zero datum; not national MSL",
        "building_id": "B39",
        "internal_3d_id": "DEMO-3D-ANCHOR-B39:0"
      },
      "geometry": {
        "type": "Polygon",
        "coordinates": [
          [
            [
              75,
              -22
            ],
            [
              91,
              -22
            ],
            [
              91,
              -3
            ],
            [
              85.24,
              -3
            ],
            [
              85.24,
              -4.8
            ],
            [
              75,
              -4.8
            ],
            [
              75,
              -22
            ]
          ]
        ]
      }
    },
    {
      "type": "Feature",
      "id": "B39-SHOWCASE-F1",
      "properties": {
        "level": 1,
        "buildingId": "B39",
        "floor_id": "B39-SHOWCASE-F1",
        "name": "Floor 1",
        "classification": "synthetic",
        "source_revision": "source-showcase-1",
        "geometry_status": "authored_synthetic",
        "geometry_note": "Author-provided fictional geometry; not AI extraction or survey evidence.",
        "geometry_id": "B39-SHOWCASE-F1-shape-v1",
        "geometry_revision": 1,
        "base_elevation_m": 3.1,
        "height_m": 3.1,
        "vertical_reference": "DEMO-BM-01 fictional zero datum; not national MSL",
        "building_id": "B39",
        "internal_3d_id": "DEMO-3D-ANCHOR-B39:1"
      },
      "geometry": {
        "type": "Polygon",
        "coordinates": [
          [
            [
              75,
              -22
            ],
            [
              91,
              -22
            ],
            [
              91,
              -3
            ],
            [
              85.24,
              -3
            ],
            [
              85.24,
              -4.8
            ],
            [
              75,
              -4.8
            ],
            [
              75,
              -22
            ]
          ]
        ]
      }
    },
    {
      "type": "Feature",
      "id": "B39-SHOWCASE-F2",
      "properties": {
        "level": 2,
        "buildingId": "B39",
        "floor_id": "B39-SHOWCASE-F2",
        "name": "Floor 2",
        "classification": "synthetic",
        "source_revision": "source-showcase-1",
        "geometry_status": "authored_synthetic",
        "geometry_note": "Author-provided fictional geometry; not AI extraction or survey evidence.",
        "geometry_id": "B39-SHOWCASE-F2-shape-v1",
        "geometry_revision": 1,
        "base_elevation_m": 6.2,
        "height_m": 3.1,
        "vertical_reference": "DEMO-BM-01 fictional zero datum; not national MSL",
        "building_id": "B39",
        "internal_3d_id": "DEMO-3D-ANCHOR-B39:2"
      },
      "geometry": {
        "type": "Polygon",
        "coordinates": [
          [
            [
              75,
              -22
            ],
            [
              91,
              -22
            ],
            [
              91,
              -3
            ],
            [
              85.24,
              -3
            ],
            [
              85.24,
              -4.8
            ],
            [
              75,
              -4.8
            ],
            [
              75,
              -22
            ]
          ]
        ]
      }
    },
    {
      "type": "Feature",
      "id": "B40-SHOWCASE-F0",
      "properties": {
        "level": 0,
        "buildingId": "B40",
        "floor_id": "B40-SHOWCASE-F0",
        "name": "Ground floor",
        "classification": "synthetic",
        "source_revision": "source-showcase-1",
        "geometry_status": "authored_synthetic",
        "geometry_note": "Author-provided fictional geometry; not AI extraction or survey evidence.",
        "geometry_id": "B40-SHOWCASE-F0-shape-v1",
        "geometry_revision": 1,
        "base_elevation_m": 0.0,
        "height_m": 3.1,
        "vertical_reference": "DEMO-BM-01 fictional zero datum; not national MSL",
        "building_id": "B40",
        "internal_3d_id": "DEMO-3D-ANCHOR-B40:0"
      },
      "geometry": {
        "type": "Polygon",
        "coordinates": [
          [
            [
              108,
              -22
            ],
            [
              124,
              -22
            ],
            [
              124,
              -3
            ],
            [
              118.24,
              -3
            ],
            [
              118.24,
              -4.8
            ],
            [
              108,
              -4.8
            ],
            [
              108,
              -22
            ]
          ]
        ]
      }
    },
    {
      "type": "Feature",
      "id": "B40-SHOWCASE-F1",
      "properties": {
        "level": 1,
        "buildingId": "B40",
        "floor_id": "B40-SHOWCASE-F1",
        "name": "Floor 1",
        "classification": "synthetic",
        "source_revision": "source-showcase-1",
        "geometry_status": "authored_synthetic",
        "geometry_note": "Author-provided fictional geometry; not AI extraction or survey evidence.",
        "geometry_id": "B40-SHOWCASE-F1-shape-v1",
        "geometry_revision": 1,
        "base_elevation_m": 3.1,
        "height_m": 3.1,
        "vertical_reference": "DEMO-BM-01 fictional zero datum; not national MSL",
        "building_id": "B40",
        "internal_3d_id": "DEMO-3D-ANCHOR-B40:1"
      },
      "geometry": {
        "type": "Polygon",
        "coordinates": [
          [
            [
              108,
              -22
            ],
            [
              124,
              -22
            ],
            [
              124,
              -3
            ],
            [
              118.24,
              -3
            ],
            [
              118.24,
              -4.8
            ],
            [
              108,
              -4.8
            ],
            [
              108,
              -22
            ]
          ]
        ]
      }
    },
    {
      "type": "Feature",
      "id": "B40-SHOWCASE-F2",
      "properties": {
        "level": 2,
        "buildingId": "B40",
        "floor_id": "B40-SHOWCASE-F2",
        "name": "Floor 2",
        "classification": "synthetic",
        "source_revision": "source-showcase-1",
        "geometry_status": "authored_synthetic",
        "geometry_note": "Author-provided fictional geometry; not AI extraction or survey evidence.",
        "geometry_id": "B40-SHOWCASE-F2-shape-v1",
        "geometry_revision": 1,
        "base_elevation_m": 6.2,
        "height_m": 3.1,
        "vertical_reference": "DEMO-BM-01 fictional zero datum; not national MSL",
        "building_id": "B40",
        "internal_3d_id": "DEMO-3D-ANCHOR-B40:2"
      },
      "geometry": {
        "type": "Polygon",
        "coordinates": [
          [
            [
              108,
              -22
            ],
            [
              124,
              -22
            ],
            [
              124,
              -3
            ],
            [
              118.24,
              -3
            ],
            [
              118.24,
              -4.8
            ],
            [
              108,
              -4.8
            ],
            [
              108,
              -22
            ]
          ]
        ]
      }
    },
    {
      "type": "Feature",
      "id": "B40-SHOWCASE-F3",
      "properties": {
        "level": 3,
        "buildingId": "B40",
        "floor_id": "B40-SHOWCASE-F3",
        "name": "Floor 3",
        "classification": "synthetic",
        "source_revision": "source-showcase-1",
        "geometry_status": "authored_synthetic",
        "geometry_note": "Author-provided fictional geometry; not AI extraction or survey evidence.",
        "geometry_id": "B40-SHOWCASE-F3-shape-v1",
        "geometry_revision": 1,
        "base_elevation_m": 9.3,
        "height_m": 3.1,
        "vertical_reference": "DEMO-BM-01 fictional zero datum; not national MSL",
        "building_id": "B40",
        "internal_3d_id": "DEMO-3D-ANCHOR-B40:3"
      },
      "geometry": {
        "type": "Polygon",
        "coordinates": [
          [
            [
              108,
              -22
            ],
            [
              124,
              -22
            ],
            [
              124,
              -3
            ],
            [
              118.24,
              -3
            ],
            [
              118.24,
              -4.8
            ],
            [
              108,
              -4.8
            ],
            [
              108,
              -22
            ]
          ]
        ]
      }
    },
    {
      "type": "Feature",
      "id": "B41-SHOWCASE-F0",
      "properties": {
        "level": 0,
        "buildingId": "B41",
        "floor_id": "B41-SHOWCASE-F0",
        "name": "Ground floor",
        "classification": "synthetic",
        "source_revision": "source-showcase-1",
        "geometry_status": "authored_synthetic",
        "geometry_note": "Author-provided fictional geometry; not AI extraction or survey evidence.",
        "geometry_id": "B41-SHOWCASE-F0-shape-v1",
        "geometry_revision": 1,
        "base_elevation_m": 0.0,
        "height_m": 3.1,
        "vertical_reference": "DEMO-BM-01 fictional zero datum; not national MSL",
        "building_id": "B41",
        "internal_3d_id": "DEMO-3D-ANCHOR-B41:0"
      },
      "geometry": {
        "type": "Polygon",
        "coordinates": [
          [
            [
              135,
              -22
            ],
            [
              151,
              -22
            ],
            [
              151,
              -3
            ],
            [
              145.24,
              -3
            ],
            [
              145.24,
              -4.8
            ],
            [
              135,
              -4.8
            ],
            [
              135,
              -22
            ]
          ]
        ]
      }
    },
    {
      "type": "Feature",
      "id": "B41-SHOWCASE-F1",
      "properties": {
        "level": 1,
        "buildingId": "B41",
        "floor_id": "B41-SHOWCASE-F1",
        "name": "Floor 1",
        "classification": "synthetic",
        "source_revision": "source-showcase-1",
        "geometry_status": "authored_synthetic",
        "geometry_note": "Author-provided fictional geometry; not AI extraction or survey evidence.",
        "geometry_id": "B41-SHOWCASE-F1-shape-v1",
        "geometry_revision": 1,
        "base_elevation_m": 3.1,
        "height_m": 3.1,
        "vertical_reference": "DEMO-BM-01 fictional zero datum; not national MSL",
        "building_id": "B41",
        "internal_3d_id": "DEMO-3D-ANCHOR-B41:1"
      },
      "geometry": {
        "type": "Polygon",
        "coordinates": [
          [
            [
              135,
              -22
            ],
            [
              151,
              -22
            ],
            [
              151,
              -3
            ],
            [
              145.24,
              -3
            ],
            [
              145.24,
              -4.8
            ],
            [
              135,
              -4.8
            ],
            [
              135,
              -22
            ]
          ]
        ]
      }
    },
    {
      "type": "Feature",
      "id": "B41-SHOWCASE-F2",
      "properties": {
        "level": 2,
        "buildingId": "B41",
        "floor_id": "B41-SHOWCASE-F2",
        "name": "Floor 2",
        "classification": "synthetic",
        "source_revision": "source-showcase-1",
        "geometry_status": "authored_synthetic",
        "geometry_note": "Author-provided fictional geometry; not AI extraction or survey evidence.",
        "geometry_id": "B41-SHOWCASE-F2-shape-v1",
        "geometry_revision": 1,
        "base_elevation_m": 6.2,
        "height_m": 3.1,
        "vertical_reference": "DEMO-BM-01 fictional zero datum; not national MSL",
        "building_id": "B41",
        "internal_3d_id": "DEMO-3D-ANCHOR-B41:2"
      },
      "geometry": {
        "type": "Polygon",
        "coordinates": [
          [
            [
              135,
              -22
            ],
            [
              151,
              -22
            ],
            [
              151,
              -3
            ],
            [
              145.24,
              -3
            ],
            [
              145.24,
              -4.8
            ],
            [
              135,
              -4.8
            ],
            [
              135,
              -22
            ]
          ]
        ]
      }
    },
    {
      "type": "Feature",
      "id": "B42-SHOWCASE-F0",
      "properties": {
        "level": 0,
        "buildingId": "B42",
        "floor_id": "B42-SHOWCASE-F0",
        "name": "Ground floor",
        "classification": "synthetic",
        "source_revision": "source-showcase-1",
        "geometry_status": "authored_synthetic",
        "geometry_note": "Author-provided fictional geometry; not AI extraction or survey evidence.",
        "geometry_id": "B42-SHOWCASE-F0-shape-v1",
        "geometry_revision": 1,
        "base_elevation_m": 0.0,
        "height_m": 3.1,
        "vertical_reference": "DEMO-BM-01 fictional zero datum; not national MSL",
        "building_id": "B42",
        "internal_3d_id": "DEMO-3D-ANCHOR-B42:0"
      },
      "geometry": {
        "type": "Polygon",
        "coordinates": [
          [
            [
              9,
              179
            ],
            [
              25,
              179
            ],
            [
              25,
              198
            ],
            [
              19.240000000000002,
              198
            ],
            [
              19.240000000000002,
              196.2
            ],
            [
              9,
              196.2
            ],
            [
              9,
              179
            ]
          ]
        ]
      }
    },
    {
      "type": "Feature",
      "id": "B42-SHOWCASE-F1",
      "properties": {
        "level": 1,
        "buildingId": "B42",
        "floor_id": "B42-SHOWCASE-F1",
        "name": "Floor 1",
        "classification": "synthetic",
        "source_revision": "source-showcase-1",
        "geometry_status": "authored_synthetic",
        "geometry_note": "Author-provided fictional geometry; not AI extraction or survey evidence.",
        "geometry_id": "B42-SHOWCASE-F1-shape-v1",
        "geometry_revision": 1,
        "base_elevation_m": 3.1,
        "height_m": 3.1,
        "vertical_reference": "DEMO-BM-01 fictional zero datum; not national MSL",
        "building_id": "B42",
        "internal_3d_id": "DEMO-3D-ANCHOR-B42:1"
      },
      "geometry": {
        "type": "Polygon",
        "coordinates": [
          [
            [
              9,
              179
            ],
            [
              25,
              179
            ],
            [
              25,
              198
            ],
            [
              19.240000000000002,
              198
            ],
            [
              19.240000000000002,
              196.2
            ],
            [
              9,
              196.2
            ],
            [
              9,
              179
            ]
          ]
        ]
      }
    },
    {
      "type": "Feature",
      "id": "B42-SHOWCASE-F2",
      "properties": {
        "level": 2,
        "buildingId": "B42",
        "floor_id": "B42-SHOWCASE-F2",
        "name": "Floor 2",
        "classification": "synthetic",
        "source_revision": "source-showcase-1",
        "geometry_status": "authored_synthetic",
        "geometry_note": "Author-provided fictional geometry; not AI extraction or survey evidence.",
        "geometry_id": "B42-SHOWCASE-F2-shape-v1",
        "geometry_revision": 1,
        "base_elevation_m": 6.2,
        "height_m": 3.1,
        "vertical_reference": "DEMO-BM-01 fictional zero datum; not national MSL",
        "building_id": "B42",
        "internal_3d_id": "DEMO-3D-ANCHOR-B42:2"
      },
      "geometry": {
        "type": "Polygon",
        "coordinates": [
          [
            [
              9,
              179
            ],
            [
              25,
              179
            ],
            [
              25,
              198
            ],
            [
              19.240000000000002,
              198
            ],
            [
              19.240000000000002,
              196.2
            ],
            [
              9,
              196.2
            ],
            [
              9,
              179
            ]
          ]
        ]
      }
    },
    {
      "type": "Feature",
      "id": "B42-SHOWCASE-F3",
      "properties": {
        "level": 3,
        "buildingId": "B42",
        "floor_id": "B42-SHOWCASE-F3",
        "name": "Floor 3",
        "classification": "synthetic",
        "source_revision": "source-showcase-1",
        "geometry_status": "authored_synthetic",
        "geometry_note": "Author-provided fictional geometry; not AI extraction or survey evidence.",
        "geometry_id": "B42-SHOWCASE-F3-shape-v1",
        "geometry_revision": 1,
        "base_elevation_m": 9.3,
        "height_m": 3.1,
        "vertical_reference": "DEMO-BM-01 fictional zero datum; not national MSL",
        "building_id": "B42",
        "internal_3d_id": "DEMO-3D-ANCHOR-B42:3"
      },
      "geometry": {
        "type": "Polygon",
        "coordinates": [
          [
            [
              9,
              179
            ],
            [
              25,
              179
            ],
            [
              25,
              198
            ],
            [
              19.240000000000002,
              198
            ],
            [
              19.240000000000002,
              196.2
            ],
            [
              9,
              196.2
            ],
            [
              9,
              179
            ]
          ]
        ]
      }
    },
    {
      "type": "Feature",
      "id": "B43-SHOWCASE-F0",
      "properties": {
        "level": 0,
        "buildingId": "B43",
        "floor_id": "B43-SHOWCASE-F0",
        "name": "Ground floor",
        "classification": "synthetic",
        "source_revision": "source-showcase-1",
        "geometry_status": "authored_synthetic",
        "geometry_note": "Author-provided fictional geometry; not AI extraction or survey evidence.",
        "geometry_id": "B43-SHOWCASE-F0-shape-v1",
        "geometry_revision": 1,
        "base_elevation_m": 0.0,
        "height_m": 3.1,
        "vertical_reference": "DEMO-BM-01 fictional zero datum; not national MSL",
        "building_id": "B43",
        "internal_3d_id": "DEMO-3D-ANCHOR-B43:0"
      },
      "geometry": {
        "type": "Polygon",
        "coordinates": [
          [
            [
              31,
              179
            ],
            [
              47,
              179
            ],
            [
              47,
              198
            ],
            [
              41.24,
              198
            ],
            [
              41.24,
              196.2
            ],
            [
              31,
              196.2
            ],
            [
              31,
              179
            ]
          ]
        ]
      }
    },
    {
      "type": "Feature",
      "id": "B43-SHOWCASE-F1",
      "properties": {
        "level": 1,
        "buildingId": "B43",
        "floor_id": "B43-SHOWCASE-F1",
        "name": "Floor 1",
        "classification": "synthetic",
        "source_revision": "source-showcase-1",
        "geometry_status": "authored_synthetic",
        "geometry_note": "Author-provided fictional geometry; not AI extraction or survey evidence.",
        "geometry_id": "B43-SHOWCASE-F1-shape-v1",
        "geometry_revision": 1,
        "base_elevation_m": 3.1,
        "height_m": 3.1,
        "vertical_reference": "DEMO-BM-01 fictional zero datum; not national MSL",
        "building_id": "B43",
        "internal_3d_id": "DEMO-3D-ANCHOR-B43:1"
      },
      "geometry": {
        "type": "Polygon",
        "coordinates": [
          [
            [
              31,
              179
            ],
            [
              47,
              179
            ],
            [
              47,
              198
            ],
            [
              41.24,
              198
            ],
            [
              41.24,
              196.2
            ],
            [
              31,
              196.2
            ],
            [
              31,
              179
            ]
          ]
        ]
      }
    },
    {
      "type": "Feature",
      "id": "B43-SHOWCASE-F2",
      "properties": {
        "level": 2,
        "buildingId": "B43",
        "floor_id": "B43-SHOWCASE-F2",
        "name": "Floor 2",
        "classification": "synthetic",
        "source_revision": "source-showcase-1",
        "geometry_status": "authored_synthetic",
        "geometry_note": "Author-provided fictional geometry; not AI extraction or survey evidence.",
        "geometry_id": "B43-SHOWCASE-F2-shape-v1",
        "geometry_revision": 1,
        "base_elevation_m": 6.2,
        "height_m": 3.1,
        "vertical_reference": "DEMO-BM-01 fictional zero datum; not national MSL",
        "building_id": "B43",
        "internal_3d_id": "DEMO-3D-ANCHOR-B43:2"
      },
      "geometry": {
        "type": "Polygon",
        "coordinates": [
          [
            [
              31,
              179
            ],
            [
              47,
              179
            ],
            [
              47,
              198
            ],
            [
              41.24,
              198
            ],
            [
              41.24,
              196.2
            ],
            [
              31,
              196.2
            ],
            [
              31,
              179
            ]
          ]
        ]
      }
    },
    {
      "type": "Feature",
      "id": "B44-SHOWCASE-F0",
      "properties": {
        "level": 0,
        "buildingId": "B44",
        "floor_id": "B44-SHOWCASE-F0",
        "name": "Ground floor",
        "classification": "synthetic",
        "source_revision": "source-showcase-1",
        "geometry_status": "authored_synthetic",
        "geometry_note": "Author-provided fictional geometry; not AI extraction or survey evidence.",
        "geometry_id": "B44-SHOWCASE-F0-shape-v1",
        "geometry_revision": 1,
        "base_elevation_m": 0.0,
        "height_m": 3.1,
        "vertical_reference": "DEMO-BM-01 fictional zero datum; not national MSL",
        "building_id": "B44",
        "internal_3d_id": "DEMO-3D-ANCHOR-B44:0"
      },
      "geometry": {
        "type": "Polygon",
        "coordinates": [
          [
            [
              53,
              179
            ],
            [
              69,
              179
            ],
            [
              69,
              198
            ],
            [
              63.24,
              198
            ],
            [
              63.24,
              196.2
            ],
            [
              53,
              196.2
            ],
            [
              53,
              179
            ]
          ]
        ]
      }
    },
    {
      "type": "Feature",
      "id": "B44-SHOWCASE-F1",
      "properties": {
        "level": 1,
        "buildingId": "B44",
        "floor_id": "B44-SHOWCASE-F1",
        "name": "Floor 1",
        "classification": "synthetic",
        "source_revision": "source-showcase-1",
        "geometry_status": "authored_synthetic",
        "geometry_note": "Author-provided fictional geometry; not AI extraction or survey evidence.",
        "geometry_id": "B44-SHOWCASE-F1-shape-v1",
        "geometry_revision": 1,
        "base_elevation_m": 3.1,
        "height_m": 3.1,
        "vertical_reference": "DEMO-BM-01 fictional zero datum; not national MSL",
        "building_id": "B44",
        "internal_3d_id": "DEMO-3D-ANCHOR-B44:1"
      },
      "geometry": {
        "type": "Polygon",
        "coordinates": [
          [
            [
              53,
              179
            ],
            [
              69,
              179
            ],
            [
              69,
              198
            ],
            [
              63.24,
              198
            ],
            [
              63.24,
              196.2
            ],
            [
              53,
              196.2
            ],
            [
              53,
              179
            ]
          ]
        ]
      }
    },
    {
      "type": "Feature",
      "id": "B44-SHOWCASE-F2",
      "properties": {
        "level": 2,
        "buildingId": "B44",
        "floor_id": "B44-SHOWCASE-F2",
        "name": "Floor 2",
        "classification": "synthetic",
        "source_revision": "source-showcase-1",
        "geometry_status": "authored_synthetic",
        "geometry_note": "Author-provided fictional geometry; not AI extraction or survey evidence.",
        "geometry_id": "B44-SHOWCASE-F2-shape-v1",
        "geometry_revision": 1,
        "base_elevation_m": 6.2,
        "height_m": 3.1,
        "vertical_reference": "DEMO-BM-01 fictional zero datum; not national MSL",
        "building_id": "B44",
        "internal_3d_id": "DEMO-3D-ANCHOR-B44:2"
      },
      "geometry": {
        "type": "Polygon",
        "coordinates": [
          [
            [
              53,
              179
            ],
            [
              69,
              179
            ],
            [
              69,
              198
            ],
            [
              63.24,
              198
            ],
            [
              63.24,
              196.2
            ],
            [
              53,
              196.2
            ],
            [
              53,
              179
            ]
          ]
        ]
      }
    },
    {
      "type": "Feature",
      "id": "B44-SHOWCASE-F3",
      "properties": {
        "level": 3,
        "buildingId": "B44",
        "floor_id": "B44-SHOWCASE-F3",
        "name": "Floor 3",
        "classification": "synthetic",
        "source_revision": "source-showcase-1",
        "geometry_status": "authored_synthetic",
        "geometry_note": "Author-provided fictional geometry; not AI extraction or survey evidence.",
        "geometry_id": "B44-SHOWCASE-F3-shape-v1",
        "geometry_revision": 1,
        "base_elevation_m": 9.3,
        "height_m": 3.1,
        "vertical_reference": "DEMO-BM-01 fictional zero datum; not national MSL",
        "building_id": "B44",
        "internal_3d_id": "DEMO-3D-ANCHOR-B44:3"
      },
      "geometry": {
        "type": "Polygon",
        "coordinates": [
          [
            [
              53,
              179
            ],
            [
              69,
              179
            ],
            [
              69,
              198
            ],
            [
              63.24,
              198
            ],
            [
              63.24,
              196.2
            ],
            [
              53,
              196.2
            ],
            [
              53,
              179
            ]
          ]
        ]
      }
    },
    {
      "type": "Feature",
      "id": "B45-SHOWCASE-F0",
      "properties": {
        "level": 0,
        "buildingId": "B45",
        "floor_id": "B45-SHOWCASE-F0",
        "name": "Ground floor",
        "classification": "synthetic",
        "source_revision": "source-showcase-1",
        "geometry_status": "authored_synthetic",
        "geometry_note": "Author-provided fictional geometry; not AI extraction or survey evidence.",
        "geometry_id": "B45-SHOWCASE-F0-shape-v1",
        "geometry_revision": 1,
        "base_elevation_m": 0.0,
        "height_m": 3.1,
        "vertical_reference": "DEMO-BM-01 fictional zero datum; not national MSL",
        "building_id": "B45",
        "internal_3d_id": "DEMO-3D-ANCHOR-B45:0"
      },
      "geometry": {
        "type": "Polygon",
        "coordinates": [
          [
            [
              75,
              179
            ],
            [
              91,
              179
            ],
            [
              91,
              198
            ],
            [
              85.24,
              198
            ],
            [
              85.24,
              196.2
            ],
            [
              75,
              196.2
            ],
            [
              75,
              179
            ]
          ]
        ]
      }
    },
    {
      "type": "Feature",
      "id": "B45-SHOWCASE-F1",
      "properties": {
        "level": 1,
        "buildingId": "B45",
        "floor_id": "B45-SHOWCASE-F1",
        "name": "Floor 1",
        "classification": "synthetic",
        "source_revision": "source-showcase-1",
        "geometry_status": "authored_synthetic",
        "geometry_note": "Author-provided fictional geometry; not AI extraction or survey evidence.",
        "geometry_id": "B45-SHOWCASE-F1-shape-v1",
        "geometry_revision": 1,
        "base_elevation_m": 3.1,
        "height_m": 3.1,
        "vertical_reference": "DEMO-BM-01 fictional zero datum; not national MSL",
        "building_id": "B45",
        "internal_3d_id": "DEMO-3D-ANCHOR-B45:1"
      },
      "geometry": {
        "type": "Polygon",
        "coordinates": [
          [
            [
              75,
              179
            ],
            [
              91,
              179
            ],
            [
              91,
              198
            ],
            [
              85.24,
              198
            ],
            [
              85.24,
              196.2
            ],
            [
              75,
              196.2
            ],
            [
              75,
              179
            ]
          ]
        ]
      }
    },
    {
      "type": "Feature",
      "id": "B45-SHOWCASE-F2",
      "properties": {
        "level": 2,
        "buildingId": "B45",
        "floor_id": "B45-SHOWCASE-F2",
        "name": "Floor 2",
        "classification": "synthetic",
        "source_revision": "source-showcase-1",
        "geometry_status": "authored_synthetic",
        "geometry_note": "Author-provided fictional geometry; not AI extraction or survey evidence.",
        "geometry_id": "B45-SHOWCASE-F2-shape-v1",
        "geometry_revision": 1,
        "base_elevation_m": 6.2,
        "height_m": 3.1,
        "vertical_reference": "DEMO-BM-01 fictional zero datum; not national MSL",
        "building_id": "B45",
        "internal_3d_id": "DEMO-3D-ANCHOR-B45:2"
      },
      "geometry": {
        "type": "Polygon",
        "coordinates": [
          [
            [
              75,
              179
            ],
            [
              91,
              179
            ],
            [
              91,
              198
            ],
            [
              85.24,
              198
            ],
            [
              85.24,
              196.2
            ],
            [
              75,
              196.2
            ],
            [
              75,
              179
            ]
          ]
        ]
      }
    },
    {
      "type": "Feature",
      "id": "B46-SHOWCASE-F0",
      "properties": {
        "level": 0,
        "buildingId": "B46",
        "floor_id": "B46-SHOWCASE-F0",
        "name": "Ground floor",
        "classification": "synthetic",
        "source_revision": "source-showcase-1",
        "geometry_status": "authored_synthetic",
        "geometry_note": "Author-provided fictional geometry; not AI extraction or survey evidence.",
        "geometry_id": "B46-SHOWCASE-F0-shape-v1",
        "geometry_revision": 1,
        "base_elevation_m": 0.0,
        "height_m": 3.1,
        "vertical_reference": "DEMO-BM-01 fictional zero datum; not national MSL",
        "building_id": "B46",
        "internal_3d_id": "DEMO-3D-ANCHOR-B46:0"
      },
      "geometry": {
        "type": "Polygon",
        "coordinates": [
          [
            [
              108,
              179
            ],
            [
              124,
              179
            ],
            [
              124,
              198
            ],
            [
              118.24,
              198
            ],
            [
              118.24,
              196.2
            ],
            [
              108,
              196.2
            ],
            [
              108,
              179
            ]
          ]
        ]
      }
    },
    {
      "type": "Feature",
      "id": "B46-SHOWCASE-F1",
      "properties": {
        "level": 1,
        "buildingId": "B46",
        "floor_id": "B46-SHOWCASE-F1",
        "name": "Floor 1",
        "classification": "synthetic",
        "source_revision": "source-showcase-1",
        "geometry_status": "authored_synthetic",
        "geometry_note": "Author-provided fictional geometry; not AI extraction or survey evidence.",
        "geometry_id": "B46-SHOWCASE-F1-shape-v1",
        "geometry_revision": 1,
        "base_elevation_m": 3.1,
        "height_m": 3.1,
        "vertical_reference": "DEMO-BM-01 fictional zero datum; not national MSL",
        "building_id": "B46",
        "internal_3d_id": "DEMO-3D-ANCHOR-B46:1"
      },
      "geometry": {
        "type": "Polygon",
        "coordinates": [
          [
            [
              108,
              179
            ],
            [
              124,
              179
            ],
            [
              124,
              198
            ],
            [
              118.24,
              198
            ],
            [
              118.24,
              196.2
            ],
            [
              108,
              196.2
            ],
            [
              108,
              179
            ]
          ]
        ]
      }
    },
    {
      "type": "Feature",
      "id": "B46-SHOWCASE-F2",
      "properties": {
        "level": 2,
        "buildingId": "B46",
        "floor_id": "B46-SHOWCASE-F2",
        "name": "Floor 2",
        "classification": "synthetic",
        "source_revision": "source-showcase-1",
        "geometry_status": "authored_synthetic",
        "geometry_note": "Author-provided fictional geometry; not AI extraction or survey evidence.",
        "geometry_id": "B46-SHOWCASE-F2-shape-v1",
        "geometry_revision": 1,
        "base_elevation_m": 6.2,
        "height_m": 3.1,
        "vertical_reference": "DEMO-BM-01 fictional zero datum; not national MSL",
        "building_id": "B46",
        "internal_3d_id": "DEMO-3D-ANCHOR-B46:2"
      },
      "geometry": {
        "type": "Polygon",
        "coordinates": [
          [
            [
              108,
              179
            ],
            [
              124,
              179
            ],
            [
              124,
              198
            ],
            [
              118.24,
              198
            ],
            [
              118.24,
              196.2
            ],
            [
              108,
              196.2
            ],
            [
              108,
              179
            ]
          ]
        ]
      }
    },
    {
      "type": "Feature",
      "id": "B46-SHOWCASE-F3",
      "properties": {
        "level": 3,
        "buildingId": "B46",
        "floor_id": "B46-SHOWCASE-F3",
        "name": "Floor 3",
        "classification": "synthetic",
        "source_revision": "source-showcase-1",
        "geometry_status": "authored_synthetic",
        "geometry_note": "Author-provided fictional geometry; not AI extraction or survey evidence.",
        "geometry_id": "B46-SHOWCASE-F3-shape-v1",
        "geometry_revision": 1,
        "base_elevation_m": 9.3,
        "height_m": 3.1,
        "vertical_reference": "DEMO-BM-01 fictional zero datum; not national MSL",
        "building_id": "B46",
        "internal_3d_id": "DEMO-3D-ANCHOR-B46:3"
      },
      "geometry": {
        "type": "Polygon",
        "coordinates": [
          [
            [
              108,
              179
            ],
            [
              124,
              179
            ],
            [
              124,
              198
            ],
            [
              118.24,
              198
            ],
            [
              118.24,
              196.2
            ],
            [
              108,
              196.2
            ],
            [
              108,
              179
            ]
          ]
        ]
      }
    },
    {
      "type": "Feature",
      "id": "B47-SHOWCASE-F0",
      "properties": {
        "level": 0,
        "buildingId": "B47",
        "floor_id": "B47-SHOWCASE-F0",
        "name": "Ground floor",
        "classification": "synthetic",
        "source_revision": "source-showcase-1",
        "geometry_status": "authored_synthetic",
        "geometry_note": "Author-provided fictional geometry; not AI extraction or survey evidence.",
        "geometry_id": "B47-SHOWCASE-F0-shape-v1",
        "geometry_revision": 1,
        "base_elevation_m": 0.0,
        "height_m": 3.1,
        "vertical_reference": "DEMO-BM-01 fictional zero datum; not national MSL",
        "building_id": "B47",
        "internal_3d_id": "DEMO-3D-ANCHOR-B47:0"
      },
      "geometry": {
        "type": "Polygon",
        "coordinates": [
          [
            [
              135,
              179
            ],
            [
              151,
              179
            ],
            [
              151,
              198
            ],
            [
              145.24,
              198
            ],
            [
              145.24,
              196.2
            ],
            [
              135,
              196.2
            ],
            [
              135,
              179
            ]
          ]
        ]
      }
    },
    {
      "type": "Feature",
      "id": "B47-SHOWCASE-F1",
      "properties": {
        "level": 1,
        "buildingId": "B47",
        "floor_id": "B47-SHOWCASE-F1",
        "name": "Floor 1",
        "classification": "synthetic",
        "source_revision": "source-showcase-1",
        "geometry_status": "authored_synthetic",
        "geometry_note": "Author-provided fictional geometry; not AI extraction or survey evidence.",
        "geometry_id": "B47-SHOWCASE-F1-shape-v1",
        "geometry_revision": 1,
        "base_elevation_m": 3.1,
        "height_m": 3.1,
        "vertical_reference": "DEMO-BM-01 fictional zero datum; not national MSL",
        "building_id": "B47",
        "internal_3d_id": "DEMO-3D-ANCHOR-B47:1"
      },
      "geometry": {
        "type": "Polygon",
        "coordinates": [
          [
            [
              135,
              179
            ],
            [
              151,
              179
            ],
            [
              151,
              198
            ],
            [
              145.24,
              198
            ],
            [
              145.24,
              196.2
            ],
            [
              135,
              196.2
            ],
            [
              135,
              179
            ]
          ]
        ]
      }
    },
    {
      "type": "Feature",
      "id": "B47-SHOWCASE-F2",
      "properties": {
        "level": 2,
        "buildingId": "B47",
        "floor_id": "B47-SHOWCASE-F2",
        "name": "Floor 2",
        "classification": "synthetic",
        "source_revision": "source-showcase-1",
        "geometry_status": "authored_synthetic",
        "geometry_note": "Author-provided fictional geometry; not AI extraction or survey evidence.",
        "geometry_id": "B47-SHOWCASE-F2-shape-v1",
        "geometry_revision": 1,
        "base_elevation_m": 6.2,
        "height_m": 3.1,
        "vertical_reference": "DEMO-BM-01 fictional zero datum; not national MSL",
        "building_id": "B47",
        "internal_3d_id": "DEMO-3D-ANCHOR-B47:2"
      },
      "geometry": {
        "type": "Polygon",
        "coordinates": [
          [
            [
              135,
              179
            ],
            [
              151,
              179
            ],
            [
              151,
              198
            ],
            [
              145.24,
              198
            ],
            [
              145.24,
              196.2
            ],
            [
              135,
              196.2
            ],
            [
              135,
              179
            ]
          ]
        ]
      }
    },
    {
      "type": "Feature",
      "id": "B48-SHOWCASE-F0",
      "properties": {
        "level": 0,
        "buildingId": "B48",
        "floor_id": "B48-SHOWCASE-F0",
        "name": "Ground floor",
        "classification": "synthetic",
        "source_revision": "source-showcase-1",
        "geometry_status": "authored_synthetic",
        "geometry_note": "Author-provided fictional geometry; not AI extraction or survey evidence.",
        "geometry_id": "B48-SHOWCASE-F0-shape-v1",
        "geometry_revision": 1,
        "base_elevation_m": 0.0,
        "height_m": 3.1,
        "vertical_reference": "DEMO-BM-01 fictional zero datum; not national MSL",
        "building_id": "B48",
        "internal_3d_id": "DEMO-3D-ANCHOR-B48:0"
      },
      "geometry": {
        "type": "Polygon",
        "coordinates": [
          [
            [
              -22,
              -22
            ],
            [
              -5,
              -22
            ],
            [
              -5,
              -3
            ],
            [
              -11.12,
              -3
            ],
            [
              -11.12,
              -4.8
            ],
            [
              -22,
              -4.8
            ],
            [
              -22,
              -22
            ]
          ]
        ]
      }
    },
    {
      "type": "Feature",
      "id": "B48-SHOWCASE-F1",
      "properties": {
        "level": 1,
        "buildingId": "B48",
        "floor_id": "B48-SHOWCASE-F1",
        "name": "Floor 1",
        "classification": "synthetic",
        "source_revision": "source-showcase-1",
        "geometry_status": "authored_synthetic",
        "geometry_note": "Author-provided fictional geometry; not AI extraction or survey evidence.",
        "geometry_id": "B48-SHOWCASE-F1-shape-v1",
        "geometry_revision": 1,
        "base_elevation_m": 3.1,
        "height_m": 3.1,
        "vertical_reference": "DEMO-BM-01 fictional zero datum; not national MSL",
        "building_id": "B48",
        "internal_3d_id": "DEMO-3D-ANCHOR-B48:1"
      },
      "geometry": {
        "type": "Polygon",
        "coordinates": [
          [
            [
              -22,
              -22
            ],
            [
              -5,
              -22
            ],
            [
              -5,
              -3
            ],
            [
              -11.12,
              -3
            ],
            [
              -11.12,
              -4.8
            ],
            [
              -22,
              -4.8
            ],
            [
              -22,
              -22
            ]
          ]
        ]
      }
    },
    {
      "type": "Feature",
      "id": "B48-SHOWCASE-F2",
      "properties": {
        "level": 2,
        "buildingId": "B48",
        "floor_id": "B48-SHOWCASE-F2",
        "name": "Floor 2",
        "classification": "synthetic",
        "source_revision": "source-showcase-1",
        "geometry_status": "authored_synthetic",
        "geometry_note": "Author-provided fictional geometry; not AI extraction or survey evidence.",
        "geometry_id": "B48-SHOWCASE-F2-shape-v1",
        "geometry_revision": 1,
        "base_elevation_m": 6.2,
        "height_m": 3.1,
        "vertical_reference": "DEMO-BM-01 fictional zero datum; not national MSL",
        "building_id": "B48",
        "internal_3d_id": "DEMO-3D-ANCHOR-B48:2"
      },
      "geometry": {
        "type": "Polygon",
        "coordinates": [
          [
            [
              -22,
              -22
            ],
            [
              -5,
              -22
            ],
            [
              -5,
              -3
            ],
            [
              -11.12,
              -3
            ],
            [
              -11.12,
              -4.8
            ],
            [
              -22,
              -4.8
            ],
            [
              -22,
              -22
            ]
          ]
        ]
      }
    },
    {
      "type": "Feature",
      "id": "B49-SHOWCASE-F0",
      "properties": {
        "level": 0,
        "buildingId": "B49",
        "floor_id": "B49-SHOWCASE-F0",
        "name": "Ground floor",
        "classification": "synthetic",
        "source_revision": "source-showcase-1",
        "geometry_status": "authored_synthetic",
        "geometry_note": "Author-provided fictional geometry; not AI extraction or survey evidence.",
        "geometry_id": "B49-SHOWCASE-F0-shape-v1",
        "geometry_revision": 1,
        "base_elevation_m": 0.0,
        "height_m": 3.1,
        "vertical_reference": "DEMO-BM-01 fictional zero datum; not national MSL",
        "building_id": "B49",
        "internal_3d_id": "DEMO-3D-ANCHOR-B49:0"
      },
      "geometry": {
        "type": "Polygon",
        "coordinates": [
          [
            [
              168,
              -22
            ],
            [
              185,
              -22
            ],
            [
              185,
              -3
            ],
            [
              178.88,
              -3
            ],
            [
              178.88,
              -4.8
            ],
            [
              168,
              -4.8
            ],
            [
              168,
              -22
            ]
          ]
        ]
      }
    },
    {
      "type": "Feature",
      "id": "B49-SHOWCASE-F1",
      "properties": {
        "level": 1,
        "buildingId": "B49",
        "floor_id": "B49-SHOWCASE-F1",
        "name": "Floor 1",
        "classification": "synthetic",
        "source_revision": "source-showcase-1",
        "geometry_status": "authored_synthetic",
        "geometry_note": "Author-provided fictional geometry; not AI extraction or survey evidence.",
        "geometry_id": "B49-SHOWCASE-F1-shape-v1",
        "geometry_revision": 1,
        "base_elevation_m": 3.1,
        "height_m": 3.1,
        "vertical_reference": "DEMO-BM-01 fictional zero datum; not national MSL",
        "building_id": "B49",
        "internal_3d_id": "DEMO-3D-ANCHOR-B49:1"
      },
      "geometry": {
        "type": "Polygon",
        "coordinates": [
          [
            [
              168,
              -22
            ],
            [
              185,
              -22
            ],
            [
              185,
              -3
            ],
            [
              178.88,
              -3
            ],
            [
              178.88,
              -4.8
            ],
            [
              168,
              -4.8
            ],
            [
              168,
              -22
            ]
          ]
        ]
      }
    },
    {
      "type": "Feature",
      "id": "B49-SHOWCASE-F2",
      "properties": {
        "level": 2,
        "buildingId": "B49",
        "floor_id": "B49-SHOWCASE-F2",
        "name": "Floor 2",
        "classification": "synthetic",
        "source_revision": "source-showcase-1",
        "geometry_status": "authored_synthetic",
        "geometry_note": "Author-provided fictional geometry; not AI extraction or survey evidence.",
        "geometry_id": "B49-SHOWCASE-F2-shape-v1",
        "geometry_revision": 1,
        "base_elevation_m": 6.2,
        "height_m": 3.1,
        "vertical_reference": "DEMO-BM-01 fictional zero datum; not national MSL",
        "building_id": "B49",
        "internal_3d_id": "DEMO-3D-ANCHOR-B49:2"
      },
      "geometry": {
        "type": "Polygon",
        "coordinates": [
          [
            [
              168,
              -22
            ],
            [
              185,
              -22
            ],
            [
              185,
              -3
            ],
            [
              178.88,
              -3
            ],
            [
              178.88,
              -4.8
            ],
            [
              168,
              -4.8
            ],
            [
              168,
              -22
            ]
          ]
        ]
      }
    },
    {
      "type": "Feature",
      "id": "B49-SHOWCASE-F3",
      "properties": {
        "level": 3,
        "buildingId": "B49",
        "floor_id": "B49-SHOWCASE-F3",
        "name": "Floor 3",
        "classification": "synthetic",
        "source_revision": "source-showcase-1",
        "geometry_status": "authored_synthetic",
        "geometry_note": "Author-provided fictional geometry; not AI extraction or survey evidence.",
        "geometry_id": "B49-SHOWCASE-F3-shape-v1",
        "geometry_revision": 1,
        "base_elevation_m": 9.3,
        "height_m": 3.1,
        "vertical_reference": "DEMO-BM-01 fictional zero datum; not national MSL",
        "building_id": "B49",
        "internal_3d_id": "DEMO-3D-ANCHOR-B49:3"
      },
      "geometry": {
        "type": "Polygon",
        "coordinates": [
          [
            [
              168,
              -22
            ],
            [
              185,
              -22
            ],
            [
              185,
              -3
            ],
            [
              178.88,
              -3
            ],
            [
              178.88,
              -4.8
            ],
            [
              168,
              -4.8
            ],
            [
              168,
              -22
            ]
          ]
        ]
      }
    }
  ]
}
